,Unnamed: 0,Unnamed: 0.1,날짜,title,언론사,기자,content,긍정,부정,중립
0,271,271,2021-04-08 3:00,박영선 “겸허히 모든 것 받아들이겠다”,동아일보,강성휘 기자 ,"

            “겸허한 마음으로 모든 것을 받아들이면서 가겠다.” 더불어민주당 박영선 서울시장 후보는 7일 오후 10시 30분경 서울 영등포구 여의도 민주당 개표상황실을 빠져나가며 이같이 말했다. “아직 결과가 나온 것은 아니다”라면서도 20%포인트 이상 차이가 난다는 KBS MBC SBS 공동 출구조사 결과에 사실상 패배를 인정한 것. 박 후보는 향후 계획을 묻는 질문 등에는 답하지 않고 자리를 떴다.  민주당의 분위기는 더 무거웠다. 오후 8시 15분 출구조사 결과가 나오자 당사 개표상황실은 무거운 침묵이 짓눌렀다. 굳은 표정으로 TV 화면을 응시하던 김태년 당 대표 권한대행 겸 원내대표의 마스크가 한숨으로 몇 차례 크게 들썩이기도 했다. 김 원내대표를 비롯한 당 지도부는 약 10분간 자리를 지키다가 조용히 상황실을 떠났다.  민주당 김영춘 부산시장 후보 캠프도 분위기는 비슷했다. 김 후보는 개표가 시작된 지 약 2시간 만인 오후 10시경 “민심의 큰 파도 앞에서 겸허하게 승복하겠다”며 패배를 인정했다. 민주당 지도부는 오후 11시 30분 무렵 비로소 서면 브리핑 등을 통해 입장을 밝혔다. 이낙연 상임선대위원장은 “국민의 마음을 얻기에 저희가 크게 부족했다”며 “민심을 새기고 반성하고 혁신하겠다”고 했다. 김 원내대표도 입장문을 통해 “민심을 겸허히 받아들인다”고 했다. 참패에 비상이 걸린 민주당 지도부는 이보다 앞선 오후 10시 긴급 최고위원회의를 열어 대응책 등을 논의했다. 한편 이 위원장은 부인 김숙희 여사가 신종 코로나바이러스 감염증(코로나19) 확진자와 밀접 접촉한 것으로 확인돼 2주간 동반 자가 격리에 들어가면서 개표상황실에 자리하지 못했다. 민주당 내에선 “엎친 데 덮친 격”이라는 탄식이 나왔다.강성휘 기자 yolo@donga.com  
",74.56930658300001,45.01391640100001,9.72450525899999
1,280,280,2021-04-08 3:00,"‘세번째 도전’ 박영선-김영춘, 또 눈물",동아일보,강성휘 기자 ,"

            더불어민주당의 서울시장, 부산시장 후보로 나섰던 박영선 후보와 김영춘 후보의 분투도 성난 민심의 벽을 넘지 못했다.  서울시장에 세 번째 도전했던 박 후보는 이번에도 무릎을 꿇었다. 박 후보는 2011, 2018년에도 도전했지만 경선에서 고배를 들었다. 박 후보는 이번에는 중소벤처기업부 장관까지 내려놓고 선거에 뛰어들면서 의지를 다졌지만 ‘정권심판론’ 바람을 넘지 못했다.  신년 여론조사 때만 해도 박 후보는 1위를 달리며 세 번째 도전만의 승리에 한 발짝 다가서는 듯했지만 지난달 한국토지주택공사(LH) 사태가 터지고 김상조 전 대통령정책실장 등 여권 인사들의 ‘부동산 내로남불(내가 하면 로맨스, 남이 하면 불륜)’이 불거지면서 고전을 면치 못했다. 민주당 관계자는 “박 후보 개인의 인물론 만으로는 돌파하기 어려운 선거였다”며 “게다가 당과 후보 캠프가 국민의힘 오세훈 후보의 내곡동 땅 의혹 등 네거티브에 지나치게 다걸기(올인)한 것도 패착이었다”고 말했다.  2014년 당내 경선 끝에 후보로 선출됐지만 당시 무소속으로 나온 오거돈 전 부산시장에게 양보했던 김 후보는 이번 선거의 승리를 다짐했지만 결국 눈물을 삼켰다. 여권의 가덕신공항특별법 처리라는 측면 지원을 바탕으로 김 후보는 선거 과정에서 ‘부산경제 부활을 위한 힘 있는 여당 시장론’을 앞세워 표심 공략에 나섰다. 김 후보는 이번에는 자신의 호를 ‘가덕’으로 바꿀 정도로 절박하게 선거전에 임했지만 민심의 바람 앞에 역부족이었다. 강성휘 기자 yolo@donga.com  
",139.081817281,103.278545806,20.070160133999988
2,290,290,2021-04-07 3:00,박영선 “다시 촛불정신” 오세훈 “위선 심판의 날”… 마지막 호소,동아일보,"전주영 기자 , 박민우 기자 ","

4·7 서울시장 보궐선거 후보들의 13일간 공식 선거운동 대장정이 마무리된 6일, 더불어민주당 박영선 후보는 ‘반성’과 ‘촛불정신’을 키워드로 내세우며 서울 광화문광장에서 시작해 광화문광장에서 끝내는 마지막 유세를 펼쳤다. 반면 국민의힘 오세훈 후보는 ‘정권심판’과 함께 ‘청년을 위한 정치’를 내세우면서 서울 전역을 누비며 호소했고, ‘파이널 집중유세’도 젊은이들이 많은 서대문구 신촌에서 했다. 양당 후보들은 신종 코로나바이러스 감염증(코로나19) 관련 방역대책 등을 고려해 선거운동 종료 시간인 이날 자정이 아닌 오후 10시를 전후해 선거운동을 마무리했다.  지난달 25일부터 시작된 공식 선거운동의 마지막 장소로 광화문광장을 택한 데 대해 박 후보는 “촛불정신에 민주당의 미흡했던 점을 다시 반성하고 앞으로 나아갈 방향이 촛불정신이라는 것을 다시 생각해 보자는 것”이라고 설명했다. 문재인 정부의 시작이라고 할 수 있는 ‘촛불민심’이 탄생한 곳이 바로 2016년 말 박근혜 전 대통령 탄핵 당시 촛불집회가 벌어진 광화문광장이라는 의미를 부여한 것. 박 후보는 이날 서울 종로구 안국동 선거캠프에서 마지막 기자회견을 열고 “선거운동 기간에 서울시민께서 매서운 민심을 보여주셨다”며 “반성하고 성찰했다”고 고개를 숙였다.  민주당은 사전투표일을 기점으로 냉담했던 ‘촛불민심’이 되살아나고 있다고 보고 지지층 결집에 사활을 걸었다. 김태년 대표 권한대행 겸 원내대표는 이날 “바닥 민심이 변하고 있다”며 당원들에게 조직 투표를 독려했다. 박 후보는 “거짓말을 심판해야 한다는 바람으로 방향이 바뀌고 있다”고 했다.  박 후보는 ‘거짓말 프레임’을 부각한 최후의 일격도 잊지 않았다. 박 후보는 이날 마포구 상상마당 앞 유세에서 “(BBK 관련) 거짓말하고 당선된 (이명박 전) 대통령은 부패와 손잡지 않았느냐”며 “다시 그런 나쁜 역사를 반복해서는 안 된다”고 오 후보를 겨냥했다. 이날 마지막 지원유세에 나선 이낙연 상임선거대책위원장도 쉰 목소리로 “내일 투표 마감시간까지 여러분 한 분 한 분이 열 분 이상의 지인에게 전화를 걸고 문자를 보내 반드시 그분들 모두 투표장에 가서 1번 박영선을 찍도록 해야 한다”며 “그래야 서울이 거짓말하는 지도자를 용납하는 거짓의 도시로 타락하지 않게 할 수 있다”고 호소했다. 박 후보는 전날에 이어 이틀간 민주당 지지세가 강한 이른바 ‘서부 벨트’를 집중 공략하며 지지층을 투표장으로 끌어내는 데 집중했다. 박 후보는 밤늦게 광화문에서 시민들에게 마지막 인사를 한 뒤 기자들을 만나 “지난 금요일부터 바람의 길이 바뀌기 시작하면서 매일매일 상승세를 타고 있다. 내일 승리를 예감할 수도 있는 상황”이라고 말했다.  국민의힘 오세훈 후보는 이날 열세 지역으로 꼽히는 서울 강북에서 ‘청년’ ‘심판’을 키워드로 내세우며 지지층 굳히기에 나섰다. 오 후보는 이날 지난해 총선에서 민주당 고민정 의원에게 뼈아픈 패배를 당한 지역구인 광진구에서의 출근길 인사를 시작으로 중랑·노원·강북·성북·종로·은평·서대문·중구를 차례로 방문했다.  오 후보는 광진구 자양사거리 유세에서 “1년 동안 정치 지형이 많이 바뀌었다. 젊은층은 정치색이 아닌 미래를 보고 객관적으로 판단한다”며 젊은층의 투표 참여를 호소했다. 또 “성폭행 성추행을 하고도 우리 편이면 괜찮다는 ‘내로남불’과 ‘위선’ ‘무능’의 정부를 심판해 달라”고 목소리를 높였다.  노원구 상계백병원 사거리에서 이어진 유세에서 오 후보는 정권심판론을 본격적으로 제기했다. 그는 “공시지가가 제일 많이 오른 곳이 노원구”라며 “세상에 1년 동안 재산세 기준 되고 종부세 기준 되고 건보료까지 따라 올리는 공시지가를 35%나 올렸다. 이 정부가 노원구민 여러분의 지갑을 털어가는 수준 아닌가”라고 목소리를 높였다.  오 후보는 중앙선거관리위원회가 투표 독려 피켓, 현수막에 ‘무능’ ‘위선’ ‘내로남불’ 단어를 사용하지 못하게 한 것을 두고 “오랜만에 선관위가 아주 공정한 판단을 했다. 그런 정당이 민주당이란 것을 세상 사람들이 다 아는데, 쓰지 말라고 해주시니 쓰지 않겠다”고 비꼬기도 했다. 국민의힘 김종인 비상대책위원장은 이날 서울 강남구 대치역 유세에서 “반드시 오세훈을 뽑아 압도적인 표로 이 정부에 경각심을 주고, 내년 대선에서도 정권을 되찾아 헝클어진 대한민국 질서를 회복하겠다”고 강조했다.  오 후보는 청년층이 많은 서대문구 신촌역에서의 마지막 유세에서 “2030 젊은이들이 국민의힘 지지를 시작했다는 사실이 몹시 두렵다. 무거운 책임감을 갖고 반드시 당선돼 보답하겠다”고 강조했다.전주영 aimhigh@donga.com·박민우 기자 
",358.63707477299977,272.73837419399996,60.14936644299983
3,305,305,2021-04-06 3:00,"정의당 “도와달라는 박영선, 염치 없다… 거대양당 실망-절망 경쟁”",동아일보,박민우 기자 ,"

정의당은 4·7재·보궐선거를 이틀 앞둔 5일 더불어민주당과 국민의힘을 기득권 양당으로 규정하며 싸잡아 비판했다.  여영국 대표(사진)는 이날 국회에서 열린 대표단회의에서 민주당 박영선 후보가 지원을 요청한 것에 대해 “염치가 없다”고 비판했다. 여 대표는 “어제 박 후보가 인터넷 언론과의 인터뷰를 통해 정의당 심상정 의원 같은 분이 도와주면 좋겠다고 했다”며 “국민의힘과 기득권 정치 동맹을 공고히 했던 더불어민주당이 그 어떤 반성도 사과도 없이 지금에서야 도와 달라니 이게 무슨 염치없는 것이냐”고 말했다. 여 대표는 또 “박 후보는 중대재해기업처벌법 제정을 위한 국회 논의과정에서 기업 입장을 대변해 법의 실효성을 무력화시킨 당사자”라며 “노동자들의 죽음의 행렬을 멈추기 위해 단식까지 불사했던 정의당을 입에 올릴 자격조차 없다”고 비판했다. 1월 국회 본회의를 통과한 중대재해기업처벌법 입법 당시 박 후보는 중소벤처기업부 장관으로 재임 중이었다. 정의당은 국민의힘에 대해서도 선을 그었다. 정의당 내 청년 조직인 청년정의당의 강민진 대표는 이날 “보궐선거에서는 민주당과 국민의힘을 제외한 나머지 후보들에 주목해주시면 좋겠다”고 했다. 그는 이어 “4·7보궐선거는 거대 양당의 거대 실망과 거대 절망이 경쟁하는 형국”이라며 “선거가 발생한 원인에 대한 성찰은 사라져버리고, ‘생태탕 선거’, ‘내로남불 선거’, ‘토건경쟁 선거’만 남았다”고 말했다. 박민우 기자 minwoo@donga.com 
",443.7211651679998,331.61946157299946,69.53970919699977
4,306,306,2021-04-06 3:00,박영선 “내곡동 당장 대질해야” 오세훈 “朴 존재 자체가 거짓말”,동아일보,"한상준 기자 , 윤다빈 기자 , 최혜령 기자 ","

“오세훈 후보는 ‘이명박 서울시장’과 한 세트였지 않나. BBK 사건 등에서처럼 거짓말하는 시장을 원하지 않는다.”(더불어민주당 박영선 후보) “박영선 후보의 존재 자체가 거짓말 아닌가. 당 인사의 귀책사유로 인한 보궐선거 발생 시 후보를 내지 않기로 하지 않았나.”(국민의힘 오세훈 후보) 4·7 서울시장 보궐선거를 이틀 앞둔 5일 두 후보는 방송기자클럽 주최로 열린 마지막 TV토론에서 거친 언사를 사용하면서 난타전을 벌였다.  두 후보는 이날도 오 후보의 서울 내곡동 땅 의혹을 두고 격돌했다. 박 후보는 “땅 측량은 (오 후보가) 모르게 진행된 일이냐”고 압박하면서 오 후보의 서울시장 시절 서울시 주택국장이 된 김모 국장의 승진 사실을 언급했다. 박 후보는 “이 사실만 봐도 내곡동 땅 개발 계획을 사전에 알았다는 의심이 충분히 가능하다”고 했다. 이에 오 후보는 “최초 (측량) 신청일은 제가 시장에 취임하기 전이고, 이 사업은 노무현 대통령 때 국책사업으로 지정돼 협의가 진행 중이었다”고 맞받았다. 박 후보는 내곡동 측량 현장을 방문했다는 오 후보의 처남에 대해서는 “왜 (처남은) 조용히 있나. 처남이 거기에 가셨으면 나와서 기자회견 해야 하는 것 아니냐”고 지적했다. 오 후보는 “수사기관에서 대질신문 한 번이면 완전히 해결된다”며 “진실을 밝히려면 내버려 두면 된다”고 했다. 이에 박 후보가 “지금 대질신문을 하자고 그분들이 하잖아요. 당장 하시죠”라고 몰아붙이자 오 후보는 “검찰이 불러야 하죠. 만나서 말싸움 할 일 있습니까”라고 맞받았다. 두 후보는 서로를 가리켜 ‘거짓말쟁이’라고 비난하기도 했다. 박 후보는 내곡동 땅 의혹을 계속 추궁하며 “이명박과 한 세트”라고 주장했고, 오 후보는 “민생 주제 토론 시간인데, 이게 민생과 무슨 관계가 있냐”고 항변했다. 박 후보가 “거짓말하는 후보가 시장이 되면 아이들에게 가르칠 것이 없다”고 하자, 오 후보는 “거꾸로 박 후보가 거짓말의 본체”라며 “(민주당이 서울시장) 후보를 안 내기로 했는데 거짓말을 했다”고 받아쳤다. 오 후보는 이날 “임대차 3법에 대해서는 전혀 반성의 여지가 없냐”며 문재인 정부의 부동산 대책을 공략했다. 박 후보는 “방향이 맞다”면서도 “개혁을 할 때는 여러 가지 부작용에 관해서 좀 더 국민에게 호소했어야 한다. 그 부분을 놓쳤다”고 했다. 오 후보가 재차 “임차인의 설움을 생각하면 임대차 3법을 고쳐야 하지 않냐”고 따지자 박 후보는 “전세 사는 분들은 그렇게 생각하지 않는다. 오 후보가 가진 자들의 입장을 대변하기 때문”이라고 주장했다.  박 후보는 오 후보가 2019년 서울 광화문에서 열린, 전광훈 목사가 참여한 보수집회에서 연설한 것을 두고 집중 공세를 폈다. 박 후보는 “전광훈 목사 세력과 함께하냐”며 “시장이 되면 광화문 집회를 허용할 것이냐”고 했다. 이에 오 후보는 “‘태극기 집회’에 가서 연설한 게 잘못된 것이냐”며 “(집회에) 한 번 갔다. 그리고 문재인 대통령은 독재자”라고 말했다. 박 후보가 “독재자의 의미는 뭔가”라고 묻자, 오 후보는 “야당과 국민의 의사를 무시하는 것”이라고 맞섰다. 한편 이날 박 후보 측은 “서울시민의 마음이 움직여 사전투표에서 이겼다. 감사드린다”는 내용의 문자메시지를 보내 논란이 일었다. 박 후보 측은 “일반 유권자가 아닌 캠프 인사들에게 보낸 것”이라고 설명했지만 중앙선거관리위원회는 “신고가 접수돼 사실 관계를 확인 중이다”라고 밝혔다.  국민의힘은 “앞뒤 안 가리며, 부정한 선거 운동도 불사하는 민주당은 이성을 되찾기 바란다”고 비판했다. 배준영 선대위 대변인은 “여론조사 결과를 토대로 한 것이라면 여론조사 공표 금지 위반에 해당하고, 여론조사 결과에 근거하지 않고 문자를 보낸 것이라면 허위사실 공표에 해당될 것”이라며 “어느 경우든 공직선거법 위반을 피하긴 어려워 보인다”고 했다.한상준 alwaysj@donga.com·윤다빈·최혜령 기자 
",646.3682414969988,479.27219526299797,96.71109202199965
5,320,320,2021-04-05 3:00,박영선 “진심이 거짓을 이기게”… 오세훈 “강남 집 한 채가 뭔 죄”,동아일보,김지현 기자 ,"

            4·7 재·보궐선거를 앞둔 마지막 주말, 더불어민주당 박영선 서울시장 후보는 ‘뒤집기’를, 국민의힘 오세훈 후보는 ‘굳히기’ 전략에 집중하며 막판 표심 공략에 나섰다. 박 후보는 4일 부활절을 맞아 서울 구로구 베다니교회와 중구 명동성당을 방문했다. 그는 이날 오전 페이스북에 자신의 기도하는 사진을 올리며 “부활절, 진심이 거짓을 이길 수 있는 세상 만들어 주옵소서”라고 오 후보를 겨냥한 부활절 메시지도 냈다. 박 후보는 도봉구 유세에선 “정직과 믿음과 신뢰가 이기는 세상, 그것은 김근태 고문의 정신”이라며 “(시민들이) 오늘은 대놓고 크게 크게 1번을 찍었다고 하셨다. 이번 선거가 뒤집히고 있다고 생각한다”고 강조했다. 전날 유세에서는 여성부시장제 도입을 공약했다. 박원순 전 서울시장 성추행 논란의 ‘그림자’를 떨쳐내기 위한 것으로 보인다. 박 후보는 3일 서울 강동구 천호공원 유세에서 “신종 코로나바이러스 감염증 이후 확대될 돌봄 영역을 서울시가 책임지고 사회 약자인 여성에게 더 많은 지원책을 만들기 위해 여성부시장제가 필요하다”며 “이 밖에도 주요 고위직에 여성 인사를 대거 중용하겠다”고 했다. 반면 오 후보는 ‘굳히기 유세’에 집중했다. 국민의힘 내부에서 “우세한 여론조사 결과가 독이 될 수 있다”는 경계론이 나오며 민주당에 비해 서울지역 조직력에서 열세인 점을 극복하기 위해 총동원령을 내린 것. 오 후보는 3일 광진구 자양3동 주민센터에서 사전투표를 마치고 서남권 순회 유세를 벌였고 4일에는 ‘보수 텃밭’으로 꼽히는 서초구와 송파구에서 집중 유세에 나섰다. 이날 오 후보는 강남 주민들과 만나 “강남에 집 한 채 있는 사람이 나라의 죄인이냐”며 문재인 정부의 부동산정책 실패를 강조했다. 오 후보는 광진구 아차산역 일대에서 열린 ‘청년 마이크 유세’에서 “(청년들에게) 실망시키지 않는 시장 한번 멋지게 해보겠다”며 지지를 호소했다. 오 후보는 또 청년들이 다수 유세차량에 올랐던 것을 언급하며 “(국민의힘이) 2030 청년층의 지지를 받기 시작했다는 건 저로서는 꿈만 같은 일”이라며 감정이 북받친 듯 울컥하는 모습을 보이기도 했다. 김지현 기자 jhk85@donga.com  
",757.1946971539985,562.3805984399975,112.61788562599962
6,329,329,2021-04-05 3:00,박영선 캠프 ‘중대 결심’ 발언 놓고 여야 설전,동아일보,김지현 기자 ,"

“상황에 따라 ‘중대 결심’을 할 수 있다”는 더불어민주당 박영선 서울시장 후보 캠프 발언을 둘러싸고 여야는 주말 동안 설전을 이어갔다. 국민의힘이 “중대 결심은 박 후보의 후보직 사퇴를 의미하는 것이냐”고 공격하자 민주당이 발끈하고 나선 것. 박 후보 캠프 진성준 전략기획본부장은 3일 페이스북에 “사퇴해야 할 사람은 오 후보”라며 “박 후보 사퇴설을 내뱉는 도덕불감증과 몰상식이 도를 넘었다. 도둑이 매를 드는 격”이라고 했다. 그러면서 “오 후보의 이해충돌 의혹과 거짓 해명에 대해 법적·정치적으로 엄중한 책임을 물을 중대한 구상을 갖고 있다. 캠프에서 논의하고 결심하면 즉시 실행할 것”이라고 덧붙였다. 진 본부장은 2일 오 후보의 내곡동 땅 의혹과 관련해 후보직 사퇴를 요구하며 ‘중대 결심’을 처음 언급했다. 국민의힘은 3일 논평에서 “심판이 무섭겠지만 선거를 포기해선 안 된다”고 한 데 이어 4일엔 “네거티브로 선거판을 흐리다 이제 마지막 몸부림을 친다”고 했다. 국민의힘 김종인 비상대책위원장도 이날 “(박 후보의) 중대 결심이라고 할 게 무엇이 있겠느냐. ‘후보 사퇴’ 외에는 생각나지 않는다”고 했다. 정작 박 후보는 말을 아꼈다. 박 후보는 이날 국회 기자회견에서 “(진 본부장과) 사전 교감이 있었던 것은 아니다”며 후보 사퇴 가능성을 묻는 질문엔 “제가 왜 사퇴를 하느냐”고 일축했다.김지현 기자 jhk85@donga.com  
",820.8304770389979,618.9658704739966,126.21480650499957
7,335,335,2021-04-03 3:00,"마지막 여론조사서도 오세훈, 박영선에 15%P~23%P 앞서",동아일보,최혜령 기자 ,"

4·7 재·보궐선거의 여론조사 공표 금지 기간 직전에 실시된 조사에서 국민의힘 오세훈 후보가 더불어민주당 박영선 후보를 앞서는 것으로 나타났다. 케이스탯 리서치가 한겨레의 의뢰로 지난달 30, 31일 서울 거주 유권자 1012명을 대상으로 실시한 조사에서 오 후보는 54.4%를 얻어 33.5%를 얻은 박 후보를 20.9%포인트 앞섰다. 입소스가 중앙일보의 의뢰로 같은 기간 서울 유권자 1000명에게 실시한 조사에서는 오 후보가 50.4%를, 박 후보가 35.7%를 얻었다. 현대리서치가 서울신문 의뢰로 같은 기간 서울 유권자 1000명에게 실시한 조사에서는 오 후보가 55.5%를 얻어 32.4%를 얻은 박 후보를 앞섰다. KBS·MBC·SBS 지상파 방송 3사가 코리아리서치·입소스·한국리서치에 의뢰해 지난달 31일 서울 시민 1007명에게 실시한 조사에서는 오 후보가 50.5%, 박 후보가 28.2%의 지지율을 나타냈다. 네 여론조사 모두 오차범위는 표본오차 95% 신뢰수준에서 ±3.1%포인트다. 각 여론조사의 자세한 사항은 중앙선거여론조사심의위원회 홈페이지를 참조하면 된다. 공직선거법상 1일부터 선거일 투표가 끝나는 7일 오후 8시까지는 정당 지지도나 당선인을 예상하게 하는 여론조사 결과를 공표하거나 인용 보도할 수 없다. 다만 3월 31일까지 실시한 여론조사 결과는 이 기간 중에도 공표하거나 인용 보도할 수 있다.최혜령 기자 herstory@donga.com  
",881.3270401269972,651.6356078389961,138.76805131599968
8,336,336,2021-04-03 3:00,"박영선 “만 19~24세 청년에 매월 5GB 데이터 지원”… 오세훈 “상암DMC 교통난 해결, 영상산업 본거지로”",동아일보,"윤다빈 기자 , 강성휘 기자 ","

사전투표 첫날인 2일 더불어민주당 박영선 서울시장 후보는 ‘이탈한 지지층’으로 분류되는 청년층과 진보층을 대상으로 한 메시지에 집중했고, 국민의힘 오세훈 후보는 상대적으로 취약지인 서울 서부권을 찾아 서울 전역으로의 지지세 확산에 주력했다. 박 후보는 이날 남대문 집중 유세에서 “만 19∼24세 청년들에게 매월 5GB의 ‘데이터 바우처’를 지급하고 반값 데이터요금을 서울부터 도입하겠다”며 “데이터를 켤 때마다 조마조마한 청년에게 작지만 든든한 힘이 될 것”이라고 했다. 박 후보 측은 조만간 박원순 전 서울시장 성추행 사건에 대한 공식 사과를 하는 방안을 검토하는 등 돌아선 숨은 진보층의 마음을 되돌릴 막판 ‘히든카드’를 고심 중인 것으로 전해졌다. 박 후보 캠프 측 관계자는 “캠프 내 찬반이 있어 박 후보가 아직 마음을 정하지 못한 상황”이라고 했다. 박 후보 캠프는 서울을 누비는 선거운동 와중에도 오 후보 관련 ‘내곡동 땅 특혜 의혹’에 대해 긴급 기자회견을 열어 오 후보의 사퇴를 촉구하는 등 공세 수위를 높였다. 박 후보 캠프 전략기획본부장인 진성준 의원은 이날 오 후보 사퇴 촉구 기자회견 뒤 “상황에 따라 중대 결심을 배제할 수 없다”고 말했다. 민주당에서는 본투표일인 7일 전 오 후보에 대한 법적 대응 등을 준비하고 있는 것으로 알려졌다. 오 후보는 이날 동대문디자인플라자(DDP)를 찾아 “왜 서울운동장 야구장과 축구장을 없애느냐고, 일할 때는 욕 많이 먹었다”며 “(DDP로) 바꿔놓고 보니까 서울에 들어오는 관광객들이 한 번씩 꼭 가보는 명소가 됐다”고 했다. 종로구 숭인동 동묘 벼룩시장을 찾은 자리에선 “과거 종로의 번영과 영광을 다시 한번 만들어내겠다”며 일대 재개발을 약속했다. 오 후보는 이어 상암DMC 일대를 방문해 20, 30대 청년들과 주먹 인사를 하고 사진을 찍으면서 지지를 호소했다. 그는 “다시 시장직을 수행하면 (상암DMC 인근에) 원래 계획대로 학교를 세우고 지하철역이 먼 교통 문제를 해결하겠다”며 “영상, 영화산업의 본거지로 만들어 명실공히 대한민국의 엔진 역할로 세우겠다”고 했다. 그는 생태탕집 주인의 증언에 대해 “사실이 아니다”라면서 “민주당은 아주 본질적이지 않은 십몇 년 전 일을 끄집어내고, 문제 제기가 입증되지 않으니 또 엉뚱한 얘기를 한다”고 비판했다. 오 후보는 최근 민주당 지도부가 부동산정책 실패 등에 대해 잇달아 사과하는 것을 놓고 “이제 선거 며칠 남겨놓고 여러분이 두려워지기 시작한 것”이라며 “선거 끝나고도 그렇게 할지는 지켜봐야 할 것”이라고 했다.윤다빈 empty@donga.com·강성휘 기자  
",1007.5204770859975,749.5554443399947,165.42271975600005
9,347,347,2021-04-02 3:00,박영선 “청년 버스-지하철 40% 할인”… 오세훈 “강북권에 코엑스 같은 명물”,동아일보,"유성열 기자 , 강성휘 기자 ","

            더불어민주당 박영선 후보와 국민의힘 오세훈 후보는 4·7 서울시장 보궐선거 사전투표를 하루 앞둔 1일 각각 청년층 공략과 서울 강북권 유세에 집중하며 한 표를 호소했다. 박 후보는 이날 서울 마포 양천 영등포 강서 등 ‘서북권 벨트’를 돌며 청년 맞춤형 공약을 발표하는 등 청년층 표심 몰이에 나섰다. 박 후보는 양천구 유세에서 자신의 ‘반값 아파트’ 공약과 관련해 “(청년들 중에는) 반값 아파트 20평이면 약 2억 원인데 이것도 부담된다는 분들이 많다”며 “집값의 10%만 내고 지분적립형으로 매년 조금씩 구입해 내 집을 마련할 수 있게 하는 제도를 도입하겠다”고 했다. 청년을 대상으로 버스와 지하철 요금을 40% 할인해주는 ‘서울청년패스’ 계획도 내놨다. 박 후보는 이날 오후 예정에 없던 용산도시기억전시관을 방문했다. 박 후보는 오 후보가 서울시장일 때 발생한 ‘용산참사’를 거론하며 “용산참사를 부른 뉴타운, 재개발 광풍 책임은 오 후보에게 있다”고 했다. 이어 오 후보가 지난달 31일 관훈토론회에서 용산참사에 대해 “매우 폭력적 형태의 저항이 있었다”고 말한 것에 대해 “반성적 인식이 심각하게 결여돼 있는 언어폭력”이라고 비판했다. 오 후보는 이날 민주당 지지세가 강한 서울 성북구와 이른바 ‘노도강’(노원 도봉 강북구) 일대를 누비며 개발공약을 발표했다. 오 후보는 성북구 길음동 유세에서 “미아사거리 지하에 지하철 환승 광장 등 코엑스 같은 명물을 반드시 만들겠다”며 “내부순환로와 북부간선도로의 진출입로도 추가 확보하겠다”고 약속했다. 오 후보는 이날도 노원구 경춘선숲길 유세 등에서 정권 심판론을 수차례 강조하며 “이 정부의 위선을 심판하겠다는 젊은이들에게, (민주당과 박 후보는) 교통비를 깎아주겠다고 한다. 이 정당을 용서해도 되겠느냐. 나는 분노한다”고 목소리를 높였다. 이어 “이번 기회에 문재인 대통령이 반성하도록, 민주당이 진심으로 사죄하도록 만들어 달라”고 호소했다. 용산참사에 대해선 오 후보는 “경위를 막론하고 공권력이 투입되는 과정에서 좀 더 주의하고 신중했다면 사고가 발생하지 않았을 것이다. 가슴 아프게 생각하고 책임을 느끼며 죄송하게 생각한다”고 자세를 낮췄다. 유성열 ryu@donga.com·강성휘 기자 
",1117.9981732009965,829.8417048609939,186.46094390800027
10,355,355,2021-04-01 3:00,박영선 30.3% vs 오세훈 52.3%…창간 101주년 여론조사,동아일보,한상준 기자 ,"

4·7 서울시장 보궐선거를 앞두고 국민의힘 오세훈 후보가 더불어민주당 박영선 후보를 22.0%포인트 차로 앞서는 것으로 나타났다. 차기 대선 주자 지지율에서는 윤석열 전 검찰총장(31.2%), 이재명 경기도지사(25.7%)가 선두권을 형성했다. 윤 전 총장과 이 지사의 격차는 오차범위 안이다. 동아일보가 창간 101주년을 맞아 리서치앤리서치에 의뢰해 지난달 28, 29일 서울지역 유권자 821명을 대상으로 실시한 여론조사 결과 오 후보는 52.3%를 얻어 30.3%를 기록한 박 후보를 오차범위 바깥에서 앞섰다. 오 후보는 60대 이상에서 65.1%의 지지를 얻는 등 40대를 제외한 전 연령대에서 박 후보를 제쳤다. 40대는 두 후보의 지지율이 비슷했다. 이번 서울시장 보궐선거에서 ‘정부 여당에 대한 견제와 심판을 위해 야당 지지’는 48.8%, ‘안정적 국정 운영을 위해 여당 지지’는 24.7%로 집계됐다.  또 지난달 28, 29일 전국 유권자 1017명을 대상으로 ‘차기 대통령감으로 가장 적합한 인물’을 물은 결과 윤 전 총장이 31.2%를 기록했다. 이어 이 지사 25.7%, 더불어민주당 이낙연 상임선대위원장 9.3%, 국민의당 안철수 대표 4.7% 순이었다. 윤 전 총장은 서울(36.2%), 대구·경북(38.9%9), 부산·울산·경남(36.7%), 강원·제주(30.7%)에서 1위를 기록했다.  문재인 대통령의 직무 수행에 대해 ‘잘하고 있다’는 응답이 36.3%, ‘잘못하고 있다’는 응답이 57.4%를 기록했다. 1년 전 동아일보가 창간 100주년을 맞아 실시한 조사에서 문 대통령 국정 수행 평가는 긍정 55.4%, 부정 39.3%였다. 문재인 정부가 가장 잘못한 경제정책으로는 부동산정책(54.7%)이 꼽혔다. 정책 분야별 점수(100점 만점)는 남북 관계 개선 42.9점, 경제성장 38.7점, 국민통합 36.2점, 일자리 창출 34.3점, 부동산정책 20.8점으로 집계됐다.  조사는 유선(20%) 및 무선(80%) 전화면접으로 실시됐고 표본오차는 서울지역 조사 95% 신뢰수준에 ±3.4%포인트, 전국 조사 95% 신뢰수준에 ±3.1%포인트다. 자세한 내용은 중앙선거여론조사심의위원회 홈페이지를 참조하면 된다. 한상준 기자 alwaysj@donga.com 
",1202.6077410219953,881.0599376039931,209.36439730400056
11,367,367,2021-04-01 3:00,"박영선, 2030 女心 달래기-오세훈, 조직표 다지기… 나란히 취약지점 공략",동아일보,"강성휘 기자 , 윤다빈 기자 ","

            4·7 재·보궐선거 사전 투표일을 이틀 앞둔 31일 여야 서울시장 후보들은 나란히 열세 지점 공략에 나섰다. 더불어민주당 박영선 후보는 박원순 전 서울시장 후보 성추행 논란 이후 등 돌린 청년층 여성 표심 공략에 나섰고, 국민의힘 오세훈 후보는 거여(巨與)에 비해 열세로 꼽히는 조직표 다지기에 몰두했다. 두 후보는 전날 TV토론에 이어 오 후보의 내곡동 땅 투기 의혹을 놓고도 날 선 공방을 이어갔다. 박 후보는 이날 서울 동작구 집중유세에서 “현재 국공립 어린이집 비율이 33% 수준인데 60% 이상으로 두 배 늘리겠다”고 밝혔다. 자녀를 둔 3040세대 여성 유권자를 겨냥한 공약이다. 돌봄 교사 인력과 초등생을 위한 우리동네키움센터도 현 수준의 2배로 늘리겠다고 약속했다. 오후 10시에는 서울 관악구 일대에서 여성 안심귀가 서비스 체험에 나섰다. 박 후보 측은 “2030세대 여성 1인 가구 유권자들의 목소리를 듣기 위해 만든 자리”라고 했다. 박 후보가 여성 유권자 표심 공략에 나선 건 박 전 시장 성추행 사건 후유증이 만만치 않다고 판단했기 때문이다. 한 여당 수도권 재선 의원은 “한때 가장 큰 지지를 보냈던 젊은 여성들이 ‘서울시장만큼은 민주당을 못 찍겠다’고 하는 경우가 있다”고 토로했다. 오 후보의 내곡동 투기 의혹에 대한 공세도 잊지 않았다. 박 후보는 이날 TBS 라디오에서 지난달 29일 1차 TV토론을 언급하며 “오 후보의 얼굴 표정을 보고 ‘아, 이분이 (내곡동 땅 측량 현장에) 갔었구나’ 이런 확신이 오는 순간이 있었다”며 “오 후보가 ‘안 갔다’ 해놓고 바로 ‘기억 앞에 겸손해야 한다’고 했을 때였다”고 말했다. 박 후보는 또 “하루에 한 가지씩 자고 나면 거짓말이 밝혀진다”며 “BBK 때도 똑같았다”고 날을 세웠다. 오 후보는 이날 오후 농업경영인중앙회, 약사회, 충청향우회, 장애인단체 등을 잇달아 만나며 조직표 다지기에 나섰다. 오 후보는 한국노총과 간담회에서 “(한국노총이 제안한) 6대 현안을 가슴에 품고 실천할 것”이라고 강조했다. 동작구 집중유세에서는 “여론조사 공표가 금지되는 내일부터는 민주당이 (자신들이) 역전했다고 얘기할 것”이라며 “여론조사를 마음에 담지 말고 투표해 달라”고 했다. 오 후보는 서울 중구 한국프레스센터에서 열린 관훈토론회에서는 내곡동 땅 의혹을 해명하는 데 주력했다. 다만 “존재 자체를 몰랐다”고 했던 초기 해명에 대해 “반성하게 된다. 그 표현이 빌미가 된 것 같다”며 “지금 처갓집은 패닉 상태다. 거의 뭐 초토화 상태”라고 말했다. 1차 TV토론에서 “기억 앞에 겸손해야 한다”고 말한 것에 대해서는 “16년 전 일이라 사람의 기억력은 믿을 게 못 되는구나 싶어서 그렇게 표현한 것”이라고 설명했다. 오 후보는 이날 토론회에서 땅 특혜 의혹에 대한 질문이 이어지자 “이게 무슨 오해의 소지가 있다고 45분 동안 이것만 얘기하고 있다”며 불만을 표하기도 했다. 오 후보는 문재인 대통령을 겨냥해 ‘중증 치매 환자’라고 한 것에 대해 “이 시간 이후 그런 표현을 쓰지 않겠다”며 몸을 낮췄다.강성휘 yolo@donga.com·윤다빈 기자 
",1343.555354843993,996.0592675559928,241.78099947100102
12,387,387,2021-03-31 3:00,박영선 “거짓말 후보” 오세훈 “자질 미달”… 내곡동-해외봉사 놓고 난타전,동아일보,"박민우 기자 , 강경석 기자 ","

4·7 보궐선거를 8일 앞둔 30일 더불어민주당 박영선 서울시장 후보와 국민의힘 오세훈 후보는 2030세대 표심을 집중 공략했다. 젊은 세대가 선호하는 사전투표 시작일이 3일 앞으로 다가온 것을 고려한 행보다. 민주당은 각종 공약을 쏟아내며 청년층 달래기에 나선 반면 국민의힘은 분노한 청년들에게 판을 깔아주고 ‘정권심판론’의 기세를 몰아갔다. 두 후보가 두 번째로 맞붙은 TV토론에서 박 후보는 내곡동 땅 특혜 의혹을 앞세워 “거짓말 후보” 공세를 이어갔고, 오 후보는 “지독한 모함”이라고 반박했다. 민주당 박영선 후보는 이날 TV토론회 기조연설부터 작심한 듯 오 후보의 내곡동 땅 의혹을 겨냥했다. 박 후보는 “(오 후보가) 거짓말로 논점을 흐리고 있다”며 “거짓을 미래 세대에 물려줄 수 없다”고 말했다.  박 후보는 전날 TV토론회에서 오 후보가 송파 그린벨트 해제와 관련해 “알지 못한다”고 답변한 것도 거짓이었다고 밝혔다. 이와 관련해 오 후보가 2008년 SBS와 인터뷰한 보도 내용을 확인했다는 것. 이에 대해 오 후보는 “어제 질문을 받고 돌아가서 오늘 아침 확인을 했다”고 인정했다. 연일 제기되는 내곡동 땅 특혜 의혹에 대해서는 “이 사건의 본질은 상속받은 땅이고 제가 관여한 바 없이 시중가의 약 85%로 강제수용된 땅이라는 것”이라고 거듭 해명했다. 하지만 박 후보는 “이 사건의 본질은 ‘거짓말을 했느냐 안 했느냐’”라며 “서울시민들은 아마 다 판단을 하고 계실 것”이라고 압박했다.  박 후보는 “오 후보의 처가 땅과 이명박 전 대통령(MB)의 사저, 이 전 대통령의 형인 이상득 전 새누리당 의원의 사유지가 근처에 다 붙어 있다”며 내곡동 일대가 그려진 지도까지 꺼내들었다. 그는 “MB 패밀리와 MB 황태자의 땅이 붙어 있는 곳이 그린벨트에서 해제됐다”며 “보면 볼수록 이상하다”고 지적했다. 오 후보는 “이 땅은 상속받은 땅을 갖고 있다가 정부 방침에 의해 처가에서 강제 수용을 당한 것”이라며 “특별히 돈을 벌려고 특혜 받은 것처럼 하는 것은 모함도 지독한 모함이라는 사실을 분명히 말씀드린다”고 했다. 박 후보는 또 오 후보가 외교부 산하 한국국제협력단(KOICA) 중장기자문단으로 선발된 것을 두고 “(청년) 일자리를 빼앗은 것”이라고 주장하기도 했다. 이에 대한 오 후보는 “(해당 활동은) 은퇴한 이후 개발도상국을 도와주는 봉사 프로그램”이라며 “청년 자리를 빼앗았다는 주장은 자질 미달로 선거 후에 책임을 묻겠다”고 비판했다. 그러면서 “저는 박 후보에 대해 단 한마디 부정적 흑색선전에 가까운 말은 하지 않았다”고 했다.  박 후보는 이날 서울 성동구 왕십리역 앞 집중 유세에서 “청년의 기개가 살아야 서울의 미래가 밝다”며 “현재 서울시에서 청년 5000명에게 월 20만 원을 지원하고 있는데 이것을 화끈하게 늘리겠다”고 약속했다. 그는 이어 2023년까지 직주일체형 청년주택 2만 채 추가 공급, 청년 1, 2인 가구와 여성안심주택 품질 향상 등 청년 공약을 쏟아냈다.  박 후보가 청년층 표심 잡기에 나선 건 20, 30대 지지층이 최근 크게 이탈했기 때문이다. 민주당 지지층으로 분류됐던 20, 30대가 최근 여론조사에서 부동층 또는 국민의힘 쪽으로 대거 이탈하는 현상이 뚜렷하게 나타났기 때문이다. 청년층은 중장년층에 비해 진보 성향이 뚜렷한 것으로 알려졌지만, ‘조국 사태’ 등 불공정 논란과 취업난, 부동산 정책 실정 논란, 김상조 전 대통령정책실장 전세금 인상 논란 등이 연이어 터지면서 지지 정당이나 후보자 결정에 영향을 받고 있는 것으로 분석된다. 오 후보는 이날 서울 영등포역 앞 집중 유세에서 청년들에게 먼저 마이크를 내줬다. 이날 대학생 홍모 씨(24)는 “2017년 촛불집회에 참여했고 지난 대선에서 문재인 대통령에게 표를 던졌지만 지금은 (투표한) 이 오른손이 너무 후회스럽다”며 “문 대통령이 외쳤던 공정과 정의를 찾기 어렵게 됐다”고 꼬집었다. 청년들의 어깨를 두드린 뒤 유세차에 오른 오 후보는 “문재인 정부의 특징 중 하나가 바로 위선 정권”이라며 “4년 동안 대한민국은 상식과 원칙이 무너져 내렸다. 삶의 가치라는 게 땅바닥으로 떨어졌다”고 성토했다.  국민의힘은 최근 ‘2030 시민 유세단’을 꾸리고 당적 유무와 관계없이 청년들이 자유롭게 발언할 수 있도록 했다. 최근 소셜네트워크서비스(SNS)를 통해 공유된 이들의 발언 영상이 화제가 되자 국민의힘은 부산 유세에도 이를 활용할 방침이다.박민우 minwoo@donga.com·강경석 기자  
",1575.7702216619896,1174.7430097019899,283.41976146300175
13,393,393,2021-03-30 3:00,"박영선 “吳처가, 주택용지도 받아”… 오세훈 “시민 속이는 거짓말”",동아일보,"유성열 기자 , 김지현 기자 ","

4·7 서울시장 보궐선거에서 맞붙은 더불어민주당 박영선 후보와 국민의힘 오세훈 후보의 29일 첫 TV토론에선 오 후보의 내곡동 땅 특혜 보상 의혹 관련 추가 폭로와 반박이 치열하게 전개되는 ‘창과 방패’의 설전이 벌어졌다. 박 후보는 “토지 보상 외에도 단독주택 용지까지 특별분양 받았다”고 공격했고, 오 후보는 “박원순 시장 시절엔 10년간 얘기가 없다가 선거가 시작되니 거짓 공세를 한다. 시민 여러분 속지 말아 달라”고 호소했다. 박 후보는 이날 ‘부동산 문제’가 첫 주제로 선정되자마자 ‘내곡동 의혹’으로 오 후보를 몰아붙였다. 박 후보는 먼저 “(토지보상비를) 36억5000만 원 받았는데, 추가로 받은 건 없느냐”고 물었고, 오 후보는 “없다”고 답했다. 그러자 박 후보는 “오늘 서울주택도시공사(SH)로부터 자료를 받았는데 (오 후보의 처가가) 보금자리지구 안에 단독주택 용지를 추가로 특별분양을 받았다”며 새로운 의혹을 제기했다. 오 후보는 “정확히 말하면 모른다. 장인 장모가 받았는데 추가로 받은 게 있는지 내가 어떻게 알겠나”라고 피해갔고, 박 후보는 “또 말 바꾸기를 한다. 세 번째다”라고 공격했다. 박 후보는 또 오 후보가 “땅의 존재도 몰랐다”고 해명한 점을 부각하며 “(내곡동 땅) 측량 현장에 갔나, 안 갔나? 증인이 3명인데, 검은 선글라스를 쓰고 키가 크고 오 후보와 생태탕을 같이 먹었다고 (KBS 보도 등에서) 증언한다”고 추궁했다. 이에 오 후보는 “분명히 안 갔다. 그러나 기억 앞에서는 겸손해야 한다고 생각한다”고 했다. 그러면서 차트를 꺼내들고 “초점은 조상으로부터 물려받은 땅이고, 한국토지주택공사(LH) 사건처럼 보상을 받으려고 산 땅이 아니라는 것”이라며 “오세훈이 관여해서 (보상을) 더 받도록 영향력을 행사했느냐, 시가에 비해서 더 받았느냐가 초점인데 민주당이 세 가지 거짓말을 하면서 시작했지만 입증을 못 했다”고 반박했다. 오 후보는 “3명만 호랑이를 봤다고 하면 없는 호랑이도 있다. 삼인성호다. 수사 시작되면 밝혀질 것”이라고도 했다. 토론에선 오 후보가 내곡동 땅의 보금자리지구 선정 과정에 관여했는지 여부로 ‘2라운드’가 벌어졌다. 박 후보는 “(오 후보가) 국장 전결이라 몰랐다고 하는데 양심의 가책을 받지 않나. 사무관이 오 시장에게 보고했다는 보도가 나왔다”라고 압박했다. 그러자 오 후보는 “사무관이 직접 시장에게 보고하지는 않는다. 40조 (예산을) 쓰는 1000만 도시를 어떻게 다 파악하나. 당시 주택국장은 단 한 차례도 이 사안을 보고한 적이 없다고 했다”며 반격했다.  토론이 격해지자 오 후보는 “남성들이 처갓집 땅에 꼬치꼬치 얼마나 누가 그렇게 관심을 갖느냐”고 하자, 박 후보는 “시장 후보로 나왔으면 말을 정확하게 해야지 비유라고 하면서 계속 말을 바꾼다. 어쩜 MB(이명박 전 대통령)와 똑같나”라고 비판했다. 이에 오 후보는 노무현 정부 때 국토부가 택지지구를 결정했다는 서류를 제시하기도 했다. 오 후보는 이날 TV토론과 별개로 한국국토정보공사(LX)에 해당 토지의 ‘측량성과도’를 공개해 달라는 정보공개 청구를 내는 등 반박에 나섰다. 이 문서에는 측량 당시 입회한 사람들이 기록돼 있어 관련 의혹을 규명하는 핵심 증거가 될 수 있다는 게 국민의힘의 판단이었다. 오 후보 측이 이날 오후 LX로부터 측량성과도를 받았지만 바로 공개하진 않았다. 이 때문에 민주당 측은 “공개하지 못할 이유가 있는 게 아니냐”고 공세를 펼쳤다. 그동안 오 후보 측은 여권의 의혹 제기에 대해 “오 후보는 측량 현장에 가지 않았고 (장인과 함께) 처남이 입회했다”는 주장을 펼쳐왔다. LX로부터 측량성과도를 받아 장인과 처남이 서명한 것으로 확인되면 의혹이 해소될 가능성이 높지만, 처남의 서명이 없다면 논란은 계속 이어질 것으로 보인다. 유성열 ryu@donga.com·김지현 기자 
",1760.0277150069871,1327.8150781229895,319.21389980200286
14,403,403,2021-03-29 3:00,"박영선 “공공-민간 함께하는 강남 재개발재건축 추진”, 오세훈 “안철수와 서울시 공동경영 모범사례 만들 것”",동아일보,"윤다빈 기자 , 허동준 기자 ","

4·7 서울시장 보궐선거 공식 선거운동이 시작된 뒤 첫 주말인 28일 더불어민주당 박영선 후보는 문재인 정부 부동산 정책과 다른 목소리를 내며 한국토지주택공사(LH) 투기 의혹으로 악화된 표심 달래기에 나섰다. 국민의힘 오세훈 후보는 국민의당 안철수 대표와 4일째 합동유세를 이어가면서 “(야권) 공동정부의 모범사례를 만들겠다”며 지지를 호소했다.  박 후보는 이날 한 언론 인터뷰에서 “문재인 정부가 부동산 정책을 잘했다고 생각하지 않는다”며 “서울시장이 되면 부동산 정책과 관련해 확실히 달라지는 부분이 많이 있을 것”이라고 말했다. 박 후보는 강남 재개발·재건축의 경우 공공주도 형태를 고집하지 않겠다는 뜻도 밝혔다. 박 후보는 이날 서초구 고속터미널 광장에서 열린 집중유세에서 “그동안에는 주로 공공주도 원칙이 지켜져 왔는데 공공주도가 한쪽으로 너무 방점이 찍히다 보면 주민들의 의견이 완전히 수렴되지 못하는 경우가 있다”며 공공민간참여형을 대안으로 제시했다. 그러면서 “오 후보처럼 1주일 만에 (재건축 재개발을) 허가하면 어떻게 되겠느냐. 서울은 투기장이 될 것”이라며 “그렇게 서울 시정을 이끌어선 안 된다”고 오 후보를 겨냥했다.  이어 그는 기자회견을 열고 문재인 대통령에게 “가칭 ‘토지주택 개혁위원회’를 대통령 직속으로 설치해 토지 개발과 주택 공급 정책 전반을 개혁할 방안을 마련해달라”고 요청했다. 민주당과 정부에 대해서도 “3기 신도시 개발 예정 지역과 대규모 택지개발 예정 지역 내 토지 소유자에 대한 전수조사”를 요구했다. 오 후보는 이날 안 대표와 나흘째 함께한 강남구 코엑스 앞 집중유세에서 ‘빈틈없는 공조 체제’를 과시하는 데 집중했다. 오 후보는 “저와 안 대표가 서울시를 공동 경영해 모범사례를 반드시 만들겠다”며 “안 대표와 대한민국 역사에 길이 남을 통합과 화합의 모습을 반드시 보여주겠다”고 강조했다. 안 대표도 “오 후보를 찍으면 이 정부도 심판하고, 꺼져가는 회색빛 도시 서울을 다시 밝고 활기차게 만들 수 있다”고 했다.  ‘문재인 정권 심판론’을 연일 주장하고 있는 오 후보는 “문재인 정부 들어서 다시 먹고사는 것을 걱정해야 하는 나라로 추락했다. 상식과 원칙도 땅에 떨어지고 있다”며 “대통령이 통합과 화합을 뒤로하고 분열의 정치, 갈라치기 정치를 하고 있다”고도 했다.윤다빈 empty@donga.com·허동준 기자 
",1886.8817912169839,1416.6665738729896,340.69140710300366
15,404,404,2021-03-29 3:00,"박영선 “청년층에 최대 5000만원 무이자 대출”, 오세훈 “2030 月20만원 월세 지원, 6만명 확대”",동아일보,유성열 기자 ,"

여야가 4·7 서울시장 보궐선거전에서 ‘청년 공약’을 따로 발표하는 등 청년층 표심 공략에 상당한 공을 들이고 있다. 현 정권의 강력한 지지층이었던 ‘2030세대’가 일자리 부족, 집값 폭등, 한국토지주택공사(LH) 사태 등 ‘불공정’에 실망해 정부 여당에 등을 돌리는 흐름이 커지고 있어서다. 28일 중앙선거관리위원회가 공개한 ‘서울시장 후보 5대 공약’에 따르면 더불어민주당 박영선 후보는 청년들에게 최대 5000만 원까지 무이자로 대출해 주는 공약을 내놨다. 군에서 제대한 청년에게는 직업훈련 무료 수강을 지원하고 특수고용직, 플랫폼 노동자, 프리랜서 등 ‘고용 사각지대’에 놓인 청년들의 고용보험료를 지원하는 방안도 함께 발표했다. 박 후보는 또 서울에 21개 혁신성장 클러스터를 지정해 창업 생태계를 조성하겠다고 약속했다. 다만 공약 실현에 필요한 예산 규모는 구체적으로 밝히지 않았고, 재원은 기존 예산을 조정한 뒤 추가경정예산을 편성해 마련할 계획이다. 국민의힘 오세훈 후보는 서울시가 매년 청년(19∼39세) 6000명을 대상으로 시행 중인 월세 지원(매달 20만 원)을 6만 명까지 늘리겠다고 약속했다. 4차 산업형 청년 취업사관학교를 서울시가 직접 만들고, 취·창업 특강 및 ‘자산 불림’ 컨설팅도 별도로 제공한다. 주거, 창업 등 청년들이 필요로 하는 정보를 한군데로 모아 제공하는 ‘청년 몽땅 정보통’ 시스템도 서울시가 마련하기로 했다. 오 후보는 월세 지원 확대에 600억 원 등 총 607억 원의 예산이 소요될 것으로 보고, 추경을 편성해 재원을 조달하겠다고 밝혔다. 여야의 이 같은 행보는 최근 청년층 표심의 변화가 심상찮다는 판단에서다. 리얼미터가 오마이뉴스 의뢰로 24일 서울시민 806명을 조사한 결과 20대의 서울시장 후보 지지율은 오 후보 60.1%, 박 후보 21.1%, 30대는 오 후보 54.8%, 박 후보 37.8%였다(표본오차는 95% 신뢰수준에 ±3.5%포인트·자세한 내용은 중앙선거여론조사심의위원회 홈페이지 참조). 진보 성향이 강한 ‘2030세대’에서 오 후보가 박 후보를 오차범위 밖으로 앞서는 ‘이변’이 벌어지고 있는 것. 국민의힘 관계자는 “기존 민주당 지지층의 5%포인트가 국민의힘 쪽으로 돌아서면 격차는 10%포인트가 벌어지는 것”이라며 이 같은 흐름을 기대했다. 그러나 두 후보 모두 일자리 창출 공약이 구체적이지 않고, 정부나 서울시가 시행 중인 정책(고용보험료 지원, 월세 지원 등)을 재탕한 것이란 지적이 나온다. 성태윤 연세대 경제학부 교수는 “어떻게 기업을 유치하고 인프라와 편의를 제공해서 청년 일자리를 만들 것인지에 대한 고민이 보이지 않는다”고 말했다.유성열 기자 ryu@donga.com 
",2016.5023202939828,1494.449245508989,366.3930006220042
16,427,427,2021-03-27 3:00,"박영선, 부동산 세금 인하카드… “공시지가 인상률 10% 안넘게”",동아일보,박민우 기자 ,"

더불어민주당 박영선 서울시장 후보가 선거 공약으로 ‘부동산 세금 인하’ 카드를 꺼내들었다. 공시가격 9억 원 이하 주택에 대해 연간 인상률이 10% 수준을 넘지 않도록 하는 조정 제도를 추진하겠다는 것. 민주당도 즉각 “당정 협의 안건으로 검토하겠다”며 박 후보에게 힘을 실었다.  박 후보는 26일 서울 서대문구 현대백화점 앞에서 가진 집중 유세에서 “최근 부동산 가격이 상승하면서 서울 공시지가가 큰 폭으로 오르고 세금도 늘어났다”며 “공시지가 9억 원 이하 주택에 대해 공시지가 인상률이 10% 수준을 넘지 않도록 조정 제도를 마련하는 방안을 민주당에 강력하게 건의해 추진하겠다”고 말했다. 공시가격 현실화는 문재인 정부의 핵심 부동산 정책이지만, 박 후보가 급격한 인상에 제동을 걸고 나선 것. 박 후보는 “중산층과 서민들의 세 부담을 줄여 드리겠다”고도 했다.  박 후보는 “조정 제도를 마련하는 것이 지금 필요하다. 4월 국회에서 이 법을 통과시킬 것을 강력히 촉구한다”며 국회 처리 시한까지 제시했다. 민주당 홍익표 정책위의장도 이날 동아일보와의 통화에서 “지난해 재산세 감면 기준 논의가 있었을 때 당내에서는 공시가 9억 원 이하로 하자는 의견이 더 많았다”며 “공정과세 원칙을 허물지 않는 선에서 합리적으로 검토해 보겠다”고 말했다. 당초 당정청은 지난해 11월 1주택자 재산세 감면 기준을 6억 원 이하로 결정했다. 당시 민주당은 “감면 기준을 9억 원까지 높여야 한다”고 주장했지만 청와대의 반대로 좌절됐다.  그러나 최근 한국토지주택공사(LH) 파문 등으로 부동산 이슈가 이번 선거의 최대 쟁점으로 떠오르자 4개월 만에 재조정을 시사한 것. 특히 각종 여론조사에서 민주당이 뒤지고 있는 것도 영향을 미쳤다. 민주당 관계자는 “공시가격 6억∼9억 원 사이의 가구가 서울 전체 가구의 15% 정도인 것으로 파악하고 있는데, 이번 공시가격 상승으로 불만이 커지고 있는 것이 사실”이라며 “어떻게든 1주택자에게는 부담이 적게 가는 방향으로 검토할 것”이라고 말했다.  박 후보는 또 “청년들의 주거 문제 해결을 위해 월세 20만 원을 지원하는 정책을 크게 확대하려고 한다”고 말했다. 늘어나는 1인 가구를 위한 부동산 대책이다. 여기에 박 후보는 이날 연세대, 이화여대, 홍익대 등 대학가 밀집 지역을 누비며 “창업 청년들을 위해 5000만 원의 출발자산을 지원해 10년 동안 원금만 갚는 제도도 마련하겠다”고 약속했다.박민우 기자 minwoo@donga.com 
",2139.6899019829802,1588.7641102639866,387.8851321090046
17,433,433,2021-03-26 3:00,박영선 “부동산 응어리 풀어드릴 것”… 오세훈 “주택 생지옥에 사죄도 없어”,동아일보,"허동준 기자 , 윤다빈 기자 ","

“당선되자마자 소상공인에겐 화끈하게 무이자 대출 5000만 원을, 창업을 원하는 젊은이들에게는 출발 자산 5000만 원을 바로 지원하겠다.” 더불어민주당 박영선 서울시장 후보가 공식 선거운동 첫날인 25일 서울 구로디지털단지역 인근 지플러스타워에서 유세 출정식을 열고 ‘선물 보따리’들부터 약속했다. “모든 서울 시민에게 10만 원씩 디지털 화폐로 재난지원금을 지급하겠다”고도 재차 공약했다.  이날 박 후보가 첫 유세 장소로 고른 구로구는 그가 국회의원 시절 내리 3선을 했던 지역구이자 정치적 고향이다. 한국토지주택공사(LH) 사태 이후 지지율 열세에 몰린 박 후보가 자신의 정치 텃밭을 중심으로 지지층 결집에 나서는 동시에 집권여당 후보로서의 정책 추진력을 강조하고 나선 것. 그는 이날 첫 출근길 인사도 구로구 신도림역에서 진행했다. 파란 재킷과 스카프 차림으로 등장한 박 후보는 남편 이원조 씨와 함께 지하철 개찰구 앞에서 오가는 시민들과 주먹인사를 나누며 “2008년 이명박 정권 서슬 푸르던 시절 (치른) 힘든 선거였는데 구로에서 저를 당선시켜 줬다. 구로 시민들이 갖고 있는 정의로운 서울에 대한 바람을 서울시장에 당선돼서 필승으로 보답하겠다”고 의지를 다졌다. LH 사태로 성난 민심을 의식한 듯 고개를 숙이기도 했다. 그는 이날 출정식에서 “서울 시민 여러분께서 부동산 문제 때문에 여러 가지로 가슴에 응어리가 졌고 화도 많이 나셨다”며 “제가 그런 화를 다 풀어드리겠다”고 했다. 다만 그러면서도 “이번 서울시장 선거는 개혁과 공정을 바라는 일 잘하는 새로운 시장이냐, 아니면 거짓말하는 실패한 시장이냐를 뽑는 선거”라며 “‘이명박 시즌2’를 결코 용납할 수 없다”고 국민의힘 오세훈 후보를 향해 견제구를 날렸다. 서울 구로 영등포 양천구 등 서남권 일대를 훑는 첫날 일정을 마무리한 박 후보는 이날 저녁 영등포 타임스퀘어에서 시민들과의 대화 프로그램인 ‘박영선의 힐링캠프’를 마치며 “하루에 (지지율을) 2%씩 따박따박 (올려가겠다)”이라며 “앞으로 방역과 관련해서, 부동산과 관련해서 서울 시민들이 꼭 필요로 하는 것을 하루에 하나씩 얘기하겠다”고 말했다.허동준 기자 hungry@donga.com “세상에 이렇게 주택 생지옥을 만들어 놓고도 문재인 대통령은 한 번도 무릎 꿇고 사죄한 적이 없다.” 국민의힘 오세훈 후보는 공식 선거운동 첫날인 25일 서울 서대문구 인왕시장 유세에서 단호한 목소리로 이같이 말했다. 연설은 주로 문재인 정부의 부동산 정책을 비판하는 데 초점이 맞춰졌다. 오 후보는 “집값 자신 있다고 걱정하지 말라고 4년 동안 우겼다”며 “전문가 말 안 듣고 야당 말 안 들어주는 대통령이 독재하는 것 아닌가”라고 했다. 이어 “문재인 정부의 장관을 지낸 박영선 후보가 시장이 되면 문재인 정부 부동산 정책을 그대로 따라갈 수밖에 없다”면서 “건설 공사를 안 하고 서울시의 경제가 어떻게 좋아지겠느냐”며 재건축, 재개발 활성화를 약속했다. 오 후보는 이날 오전 7시 30분부터 13시간 동안 무려 8개의 서울 강북지역 자치구를 V자 모양으로 방문하는 촘촘한 일정의 강행군을 펼쳤다. 오 후보의 지지세가 상대적으로 약한 지역을 집중 공략하면서 서울 전역으로 지지세 확산에 나선 것.  특히 오 후보는 이날 인왕시장 남대문시장 경동시장 등 시장 유세에 집중했다. 가는 곳마다 “연예인 같다” “이번에 꼭 당선되시라”는 격려와 함께 사진 촬영 요청이 이어졌다. 오 후보도 호응에 고무된 듯 연신 “많이 파세요” “도와주십쇼”라고 고개를 숙였다. 오 후보는 “이번이 보궐선거라 1년밖에 일을 못 한다”며 “한번만 더 신임해주면 5년 동안 하고 싶다. 대통령 선거 그런 거에 관심을 안 가지고, 오로지 서울시 발전에 혼신의 힘을 다하겠다”고 했다.  오 후보와 범야권 단일화 경쟁을 펼쳤던 국민의당 안철수 대표는 이날 오후 서울 중구 대한문 앞에서 열린 집중유세에 동행했다. 안 대표는 “문재인 정권을 심판하고 정권교체의 교두보를 놓을 수만 있다면 목이 터지더라도 야권 단일후보 오세훈 후보를 100번, 1000번 외치겠다”고 지지를 호소했다. 오 후보와 안 대표는 전날에 이어 이날도 두 손을 맞잡고 양팔을 치켜들면서 ‘공조 체제’를 과시했다. 국민의힘 김종인 비상대책위원장도 “오 후보를 시장으로 당선시키고 이것을 기반으로 내년 정권교체를 하면 잘못된 조세정책에 대한 전면적인 재검토를 하겠다”고 거들었다. 윤다빈 기자 empty@donga.com  
",2377.7354893339802,1753.5033886759863,422.186366573006
18,444,444,2021-03-25 3:00,박영선 “자제 요청”에도… 임종석 또 박원순 옹호 글,동아일보,강성휘 기자 ,"

임종석 전 대통령비서실장(사진)이 전날에 이어 24일에도 페이스북에 박원순 전 서울시장과 관련한 글을 올렸다. 지지층 결집 의도라는 해석도 나오지만 더불어민주당 박영선 서울시장 후보 측은 ‘2차 가해’ 논란을 의식해 당혹스러운 기색이 역력했다. 박 후보는 이날 공개적으로 “(박 전 시장) 발언을 자제해 달라”고 했다.  박 전 시장 재임 당시 서울시 정무부시장(2014∼2015년)으로 일했던 임 전 실장은 이날 오전 페이스북에 “이명박 오세훈 시장 시절 속도와 효율이 강조됐다면 박원순 시장 시절에는 안전과 복지가 두드러졌다”며 “선거를 다시 치르는 이 시점에 이런 문제들에 대한 성찰과 평가도 이뤄져야 한다”고 썼다. 전날 “박원순은 정말 그렇게 몹쓸 사람이었나”라고 해 2차 가해 논란이 일었는데 다시 한 번 박 전 시장을 소환한 것. 조국 전 법무부 장관 역시 비슷한 시간 페이스북에 “박 전 시장의 비극적 운명이 슬프고, 성희롱 피해자의 처지 역시 슬프다”는 글을 올렸다.  이에 대해 임 전 실장과 가까운 한 여권 인사는 “1000만 서울시민의 삶이 달려 있는 선거인 만큼 낡고 부패한 후보를 뽑는 일은 없어야 한다는 메시지를 전달하려는 것 같다”며 “임 전 실장 역시 성추행 피해자의 고통에 대해서는 충분히 공감하고 존중하고 있다”고 전했다. 지지층 결집과 국민의힘 오세훈 후보를 겨냥한 발언이라는 의미다.  그러나 민주당과 박 후보 측은 당황한 눈치다. 성추행 피해자가 직접 기자회견에 나서고 계속 2차 가해 논란이 일고 있는 상황에서 박 전 시장이 언급되는 것 자체가 부담스럽기 때문이다. 박 후보는 이날 오전 MBC 라디오에서 임 전 실장을 향해 “피해 여성의 상처가 아물지 않은 상태이기 때문에 상처를 건드리는 발언은 자제해 달라”고 했다. 임 전 실장이 두 번째 글을 올리기 전이다. 여권 관계자는 “임 전 실장이 박 후보의 라디오 발언 내용을 미처 몰랐던 것 같다”고 했다.  박 후보 캠프 관계자는 “지지층 결집을 위한 것이라 하더라도 지금 상황에서 박 전 시장 이슈를 꺼내는 것은 전혀 도움이 되지 않는다”고 했다. 민주당 선대위 소속의 한 의원은 “임 전 실장이 당 지도부에도 사전에 언질을 주거나 관련 논의를 하지 않은 것으로 안다”며 “보궐선거 측면 지원이라는 의도이겠지만 일각에서는 임 전 실장이 본인의 차기 대선 레이스까지 염두에 두고 박 전 시장 관련 글을 계속 올리는 것 아니냐는 해석도 있다”고 말했다. 강성휘 기자 yolo@donga.com  
",2499.65064666898,1844.2296751189856,458.7682315600065
19,445,445,2021-03-25 3:00,"박영선 편의점 알바, 오세훈 지하철 방역… 공식 선거운동 첫 행보",동아일보,최혜령 기자 ,"

더불어민주당 박영선 후보와 국민의힘 오세훈 후보가 4·7 서울시장 보궐선거를 위한 공식 선거운동이 허용된 25일 0시부터 13일간의 선거운동을 시작했다.  박 후보는 첫 일정으로 25일 0시부터 서울 마포구 홍익대 인근의 한 편의점에서 1시간가량 직접 물건을 판매했다. 신종 코로나바이러스 감염증(코로나19) 등으로 어려움을 겪고 있는 소상공인과 청년, 1인 가구 등과 직접 소통하는 시간을 마련한 것.  같은 시간 오 후보는 서울 성동구의 서울메트로 군자 차량기지를 찾아 운행을 마치고 차량기지로 들어오는 막차의 차량 안팎을 소독하는 방역 활동을 도왔다.  박 후보는 이날 오전에는 서울 구로구의 지하철 신도림역에서 출근길 시민들과 인사하며 지지를 호소한다. 이어 자신의 지역구였던 구로디지털단지에서 선거 유세 출정식을 연다. 박 후보는 구로을 지역에서 18대부터 20대까지 내리 3선을 지냈다. 이날 오후에는 구로구와 영등포구 골목을 찾아 시민들을 만난 뒤 오후 6시경부터 영등포구 타임스퀘어에서 유세를 벌인다. 이날 유세에는 민주당 이낙연 상임선거대책위원장도 참석할 계획이다. 오 후보는 25일 오전 서울 은평구의 지하철 연신내역에서 시민들에게 출근길 인사를 한 뒤 서대문구 홍제동으로 자리를 옮겨 유세에 돌입한다. 보수층의 지지세가 상대적으로 약한 서울 서북권에서 시민들과 만나면서 맞춤형 공약을 제시한다는 계획이다. 이후 남대문시장과 지하철 시청역, 경동시장과 노원역 등을 찾아 지지를 호소할 예정이다. 시청역 유세에는 국민의힘 김종인 비상대책위원장과 야권 단일화 여론조사에서 오 후보와 겨뤘던 국민의당 안철수 대표가 참여한다. 최혜령 기자 herstory@donga.com  
",2581.44638672298,1901.7199231259854,474.84697764000686
20,454,454,2021-03-24 3:00,박영선 “낡은 시장 안돼” 對 오세훈 “무능 정권 심판”,동아일보,"최우열 기자 , 김지현 기자 ","

국민의힘 오세훈 후보가 4·7 서울시장 보궐선거 D―15일인 23일 야권 단일후보로 선출되면서 이번 선거는 더불어민주당 박영선 후보와 오 후보의 여야 일대일 경쟁 구도, 범진보와 범보수 세력 간의 세력대결 구도로 재편됐다. 이날부터 오 후보는 “무능·무도한 정권의 심판”을 외쳤고, 박 후보는 “부동산 특혜를 받은 실패한 시장” 프레임을 내세우며 정면충돌했다. 국민의힘과 국민의당은 23일 국회에서 “오 후보와 국민의당 안철수 후보 간의 야권 후보 단일화를 위한 여론조사 결과 오 후보가 승리했다”고 발표했다. 양당은 전날 두 개 여론조사 기관을 통해 서울 시민 3200명을 대상으로 야권 후보 적합도와 경쟁력을 각각 조사한 뒤 합산하는 방식으로 결론을 냈다. 당초 초박빙이 예상됐지만 제1야당의 조직력에다 당내 경선에서 승리한 뒤 상승세를 탄 오 후보가 오차범위 밖에서 승리한 것으로 알려졌다.  오 후보는 기자회견에서 “정권 심판하고 정권 교체의 길을 활짝 열라는 시민 여러분의 준엄한 명령을 반드시 받들겠다”고 강조했다. 이어 “무능과 오만방자함, 알량한 조직으로 거대한 민심을 이기려 하는 민주당에 철퇴를 내려달라”며 정권심판론을 집중 제기했다. 단일화 승부에서 패한 안 후보는 국회에서 기자회견을 열고 “야권의 승리를 위해 힘껏 힘을 보태겠다”고 했다. 하지만 오 후보가 안 후보의 기자회견에 참여하려 했지만 안 후보가 거절한 것을 놓고 야권에선 “양측의 ‘화학적 결합’이 순조롭지만은 않을 것”이라는 전망도 나왔다. 오 후보가 야권 단일후보로 선출되자마자 민주당은 오 후보의 내곡동 땅 특혜 수용 의혹을 집중 제기하며 “MB(이명박 전 대통령) 아바타” “거짓말쟁이”라는 등 파상공세에 나섰다. 민주당 김태년 대표 직무대행 겸 원내대표는 당 회의에서 “우리 사회는 이미 거짓말로 국민을 속이고 대통령이 된 MB의 몰락을 잘 안다”면서 “모든 서류와 문서는 오 후보가 했던 일을 또렷이 기록하고 있다”고 말했다. 박 후보는 국회에서 기자들을 만나 “이제 구도는 확실해졌다. 서울의 미래, 박영선 시장이냐, 낡고 실패한 시장이냐의 구도”라고 강조했다. 박 후보와 오 후보의 경쟁에 대해 10년 전 ‘무상급식 주민투표’ 파동으로 서울시장직에서 사퇴해 박원순 전 서울시장에게 자리를 내어준 뒤 정치적 시련을 겪은 오 후보와 박 전 시장과의 후보 단일화 경쟁에서 패한 박 후보 간의 패자부활전이라는 평가도 나왔다. 여야는 공식 선거운동이 시작되는 25일부터 13일간의 대전을 벌인다. 최우열 dnsp@donga.com·김지현 기자 
",2715.3476482839765,1985.631636412984,495.28713288200765
21,455,455,2021-03-24 3:00,박영선 “토지임대부 반값 아파트”… 오세훈 “규제 없애고 용적률 완화”,동아일보,황재성 기자 ,"

더불어민주당 박영선 후보와 국민의힘 오세훈 후보의 부동산 공약은 모두 ‘공급 확대’에 초점이 맞춰져 있다. 다만 실행 방안에선 큰 차이가 있다. 박 후보는 5년 내 공공주택 30만 채를 목표로 제시했다. 이를 위해 국유지와 사유지를 활용해 토지임대부 주택을 짓겠다는 게 핵심이다. 현 정부가 추진 중인 공급 방식과 일맥상통한다. 토지임대부는 토지는 공공이 소유 또는 임대하고, 지상의 건물만 일반에게 분양하는 방식으로, 반값아파트 또는 보금자리주택이라고 부른다. 반면 오 후보는 36만 채를 공급한다는 공약을 내세웠다. 이를 위해 △재개발·재건축 정상화(18만5000채) △민간 토지를 빌려 집을 짓되 서울시가 매월 임차료를 지주에게 주는 ‘상생주택’(7만 채) △도심형 타운하우스인 ‘모아주택’(3만 채) △기존 서울시 공급계획 계승(11만 채→7만5000채) 등을 추진하기로 했다.  두 후보 모두 재개발·재건축을 허용한다는 방침이다. 재개발·재건축을 금기시하는 현 정부와는 상반된 모습이다. 누가 되든 관련 정책에 변화가 생길 수 있다는 뜻이다.  허용 수준에는 온도차가 있다. 박 후보는 규제를 완화하되 이로 인해 발생한 이익을 공공과 민간이 공유한다는 전제를 깔고 있다. 일정 수준의 규제는 유지한다는 뜻이다. 반면 오 후보는 재개발·재건축 정상화를 목표로 하고 있다. 이를 위해 관련 규제를 없애고, 용적률과 층수 제한도 완화할 방침이다. 서울시 개발 방향을 정하는 도시 계획에 대해서도 두 후보는 다른 청사진을 제시했다. 박 후보는 서울시 전체를 21개 다핵 분산형 도시로 만든다는 구상이다. 반면 오 후보는 서울을 3개 경제축으로 재편해 집중 개발하고, 강남북 균형 발전에 초점을 맞추고 있다.황재성 기자 jsonhng@donga.com 
",2803.653087220978,2054.016843171985,508.44698540900816
22,457,457,2021-03-24 3:00,박영선 “MB 닮아” vs 오세훈 “민심 분노”… 대진표 확정되자마자 난타전,동아일보,"강경석 기자 , 김지현 기자 ","

4·7 서울시장 보궐선거 야권 단일후보로 23일 국민의힘 오세훈 후보가 선출되고 여야가 일대일로 맞붙는 본선 대진표가 확정되면서 양측은 치열한 난타전을 시작했다. 국민의힘과 오 후보는 ‘무능한 정권 심판론’을 내세우며 보수 지지층과 문재인 정부에 실망한 중도층을 집결시키는 전략을, 더불어민주당 박영선 후보는 ‘낡고 실패한 시장론’ 등을 앞세워 오 후보의 자질 검증과 여권 지지층 결집을 강화하는 전략으로 승부수를 띄웠다. 10년 만에 서울시장직에 도전하게 된 오 후보는 이날 오전 단일화 경쟁에서 승리한 직후 열린 기자회견 중 감정이 복받치는 듯 떨리는 목소리로 눈시울을 붉혔다. 그는 “시민 여러분께 진 마음의 빚을 일로써 갚을 수 있는 날을 고대해왔다”며 “(무상급식 주민투표 논란 등으로 서울시장직 사퇴 뒤) 지난 10년을 무거운 심정으로 살았다. 가슴 한쪽에 자리한 무거운 돌덩이를 이제 조금은 걷어낸다”고 했다.  이날 회견에서 오 후보는 ‘정권 심판’이라는 표현을 5차례나 써가며 “정권 교체를 위해 서울시장 보궐선거에서 반드시 승리해야 한다”는 의지를 강조했다. 또 단일화 경쟁에서 고배를 마신 국민의당 안철수 후보를 향해서도 “단일화 전투에서는 대결했지만 정권 심판의 전쟁에서는 내 손을 꼭 잡아 달라”며 “어제까지 (단일화 싸움에서) 어디에 있었는지는 깨끗이 잊자”면서 중도층 확장을 위한 발판을 다졌다. 특히 보선 뒤 ‘대선 플랫폼’에 함께할 대상으로 언급한 윤석열 전 검찰총장과 김동연 전 부총리 겸 기획재정부 장관, 금태섭 전 의원 등을 향해 “성심을 다해서 삼고초려를 시도해 보겠다”고 했다. ‘정권 심판’이라는 명분하에 제3지대에 있는 중도층을 향해서도 적극적인 구애에 나선 것이다. 반면 오 후보는 ‘서울 내곡동 땅 특혜 수용 의혹’ 등을 앞세워 공세를 펼치는 민주당에 대해서는 거친 표현과 함께 비판의 날을 세웠다. 그는 “터무니없는 흑색선전에 동요하지 않는 서울시민들의 반응을 보고 간담이 서늘해졌을 것”이라고 말했다.  그러면서 박 후보의 재난지원금 디지털 화폐 10만 원 지급 공약에 대해 “신종 돈봉투 선거로 표를 돈으로 사겠다는 파렴치하고 몰지각한 행위”라고 비판했다. 이어 “조직 선거, 흑색선전, 인기 영합주의적 선거의 삼각파도가 몰아치고 있다”며 “어떠한 거대한 조직도 분노한 민심을 이길 수 없음을 깨우쳐 달라”고 호소했다. 국민의힘은 지난해 4월 총선 때 정부여당이 ‘전 국민 재난지원금 지급 카드’를 내세운 것을 참패의 원인으로 분석했고, 이번 선거에서 ‘현금 살포’의 효과가 재현되는 걸 막겠다는 의지가 강하다. 박 후보는 오 후보로 야권 단일화가 이뤄진 데 대해 “예상했던 일이라 크게 의미를 두지는 않고 있다”며 “MB(이명박 전 대통령)를 똑 닮은 후보가 선정돼 두 손 불끈 쥔 상황”이라고 했다. 박 후보는 이날 한국기자협회 공동 주최 토론회에 참석해 “(상대) 후보가 결정됐기 때문에 머리가 좀 맑아지는 느낌”이라며 이같이 말했다. 특히 오 후보의 내곡동 투기 의혹을 집중적으로 공격하며 “오 후보는 말을 세 번째 바꿨다. 계속해서 말을 바꾸는 게 MB를 연상하게 하는 대목”이라고 했다.  민주당도 오 후보로 단일화가 이뤄지자마자 당 차원에서 총력전에 나섰다. 민주당 김태년 당 대표 권한대행 겸 원내대표는 이날 국회에서 열린 원내대책회의에서 “오 후보의 거짓말 스무고개가 점입가경”이라며 “MB 아바타다운 거짓말 정치”라고 했다. 민주당 중앙선대위와 박 후보 캠프 측은 이날 이례적으로 11건의 논평 및 브리핑을 쏟아내며 오 후보를 향해 날을 세우기도 했다.강경석 coolup@donga.com·김지현 기자  
",2972.313413687977,2181.6987271979897,540.8063531840083
23,487,487,2021-03-22 3:00,"박영선, 자치구별 맞춤 공약으로 승부",동아일보,최혜령 기자 ,"

            더불어민주당 박영선 서울시장 후보는 21일 서울 용산 서초 강남 송파구를 연이어 방문해 지역별 공약을 발표했다. 야권의 단일화 이벤트에 쏠린 관심을 각 구(區)별 맞춤형 공약을 통해 돌려놓겠다는 의도다.  박 후보는 이날 서울 용산구 효창공원을 찾아 “미군기지 자리에 용산공원을 조성하고, 용산 정비창 부지에 국제 업무지구를 조성하겠다”고 말했다. 이어 서초구에서는 남부 시외버스터미널 일대에 숙박시설과 업무시설, 주거공간 등을 복합개발하고 방배동 카페 골목과 반포 한강공원 사이에 보행로를 추진하겠다고 밝혔다. 박 후보가 이날 방문한 4개 구는 지난해 4·15총선 당시 국민의힘이 9석 중 8석을 석권한 지역이다. 박 후보 측은 “강남 3구 등의 표심을 얻지 못하면 승리하기가 쉽지 않다”며 “각 구별 유권자들이 피부로 와닿는 공약을 계속해서 준비 중”이라고 말했다.  박 후보는 재난위로금 공약을 두고 “매표 행위”라고 비판하는 야권을 향해 “(디지털 화폐는) 결제 혁명이 이뤄지는 것이다. 기술 투자는 물론 소비 진작까지 할 수 있는 일석이조의 효과”라고 반박했다. 앞서 박 후보는 서울시민 전체에게 1인당 10만 원의 재난위로금을 디지털 화폐로 지급하겠다고 약속했다.  한편 재산신고에서 서울 서대문구의 단독주택과 남편 명의의 일본 도쿄 아파트를 신고한 박 후보는 이날 도쿄의 아파트를 2월 매각했다고 밝혔다. 이날 중앙선거관리위원회가 공개한 후보별 재산 상황에 따르면 박 후보는 본인 명의의 서울 연희동 단독주택(14억8600만 원)과 배우자 명의의 일본 도쿄 아파트(9억7300만 원), 서울 종로구 오피스텔 전세권(6억4000만 원)을 신고했다. 그러나 박 후보는 이날 페이스북을 통해 “남편은 이명박 대통령 취임 후 2008년 회사에서 쫓겨나 일본으로 가게 됐고 거기서 직장을 구해 일본에서 살았고 그래서 아파트를 구입한 것”이라며 “그리고 그 아파트는 2월 처분했다”고 밝혔다. 최혜령 기자 herstory@donga.com  
",3058.589610404978,2251.1058604199916,558.0294774210079
24,494,494,2021-03-20 3:00,박영선 “全시민에 10만원씩 디지털화폐”,동아일보,허동준 기자 ,"

더불어민주당 박영선 서울시장 후보가 “서울시장 1호 결재로 서울시민 1인당 10만 원씩의 ‘재난위로금’을 지급하겠다”고 공약했다. 야당은 “선거가 20일도 채 남지 않은 상황에서 한국토지주택공사(LH) 사태 등 악재가 수습되지 않자 ‘돈 풀기’에 나섰다”고 비판했다. 박 후보는 19일 서울 종로구 선거캠프 사무실에서 기자회견을 열고 “서울시민 모두에게 1인당 10만 원씩 블록체인 기반의 KS서울디지털 화폐를 지급하겠다”며 “소상공인 경제에 기여하고 서울을 블록체인과 프로토콜 경제의 허브로 구축하는 기반을 마련하겠다”고 밝혔다. 앞서 박 후보가 서울시장 공약으로 내건 ‘KS코인(서울형 디지털화폐)’ 유통의 연장선으로, 재난위로금도 KS코인으로 지급한다는 계획이다. 박 후보는 “전체 소요되는 예산은 약 1조 원”이라며 “서울시는 지난해 세입이 당초 예상보다 많아 약 1조3153억 원의 재정 여력이 있다”고 설명했다. 재난위로금을 현금이 아닌 디지털화폐로 지급하는 이유로는 ‘미래 가치’를 강조했다. 박 후보는 “서울시민이 낸 세금을 시민들에게 돌려드리면서 서울을 블록체인과 프로토콜 경제의 허브로 만드는 마중물로 쓴다면 재투자 효과가 발생함은 물론 새로운 일자리도 만들 수 있다”고 말했다. 하지만 당장 여당 내에선 “적기에 지원금을 지급하기 위해선 별도의 시스템 구축이 필요없는 현물 지원이 적합하고, 디지털 화폐는 일부 고령층에게는 접근성이 떨어질 수 있다”는 지적도 나왔다. 이에 박 후보 측은 “기존의 서울사랑상품권 시스템과 애플리케이션(앱)을 고도화하는 것으로 시간 소요가 크지 않다”고 했다. 고령층 등을 위해선 21개 거점 디지털스토어를 개설해 청년디지털지원단을 통해 지원한다는 계획이다. 기존에 재난지원금 지급을 두고도 지자체별 ‘차등 지급’ 논란이 있었던 만큼 선거용 선심성 공약이라는 비판도 이어졌다. 국민의힘 관계자는 “재난지원금 명목의 돈으로 표심을 흔드는 불공정 금권선거를 되풀이하겠다는 것”이라고 비판했다.허동준 기자 hungry@donga.com  
",3151.154770267978,2322.651219983996,573.067634125007
25,508,508,2021-03-19 3:00,"진선미-남인순-고민정, 박영선캠프서 물러나",동아일보,김지현 기자 ,"

박원순 전 서울시장의 성추행 피해자를 ‘피해호소인’이라고 불러 2차 가해 논란을 빚었던 더불어민주당 진선미 남인순 고민정 의원이 18일 박영선 서울시장 후보 캠프에서 결국 물러났다. 피해자는 전날(17일) 기자회견에서 세 의원에 대해 “저를 피해호소인이라고 명명했던 민주당 의원들이 직접 사과하도록 하고 당 차원의 징계가 있어야 한다”고 밝힌 바 있다.  고 의원은 이날 오후 페이스북에 캠프 대변인 사퇴 의사를 밝히며 “잘못된 생각으로 피해자에게 고통을 안겨드린 점 머리 숙여 사과드린다. 직접 만나 뵙고 진실한 마음을 전할 수 있기를 바란다”고 적었다. 고 의원에 이어 진 의원도 페이스북을 통해 “그 모든 상황을 막아낼 순 없었을까 자책감으로, 무력감으로, 통곡의 시간을 보내고 있음을 솔직히 고백한다. 겉으로는 아닌 듯 살아가고 있지만 진심을 표현하는 것조차 두려워 망설이기만 하고 있었다”고 밝히며 캠프 공동선대본부장에서 물러났다.  두 의원이 사의를 표한 뒤 마지막으로 남 의원도 공동선대본부장 자리에서 물러났다. 박 후보 캠프는 “남 의원이 이날 저녁 안규백 상임선대위원장에게 이 같은 의사를 전달했다”고 밝혔다. 세 의원은 지난해 7월 민주당 여성 의원 단체 대화방에서 피해자를 ‘피해호소인’으로 부를 것을 주도했고, 이로 인해 2차 가해를 했다는 비판을 받아왔다. 세 의원의 사퇴에 앞서 이날 오전 민주당 김태년 당 대표 권한대행 겸 원내대표는 정책조정회의에서 “다시 한 번 당을 대표해 피해자께 진심으로 사죄드린다. 당이 부족했다”고 말했다.  그간 민주당과 박 후보 캠프는 야권과 피해자의 계속된 ‘피해호소인 3인방’ 캠프 퇴출 요구에 별다른 반응을 보이지 않았다. 그러나 전날 피해자가 직접 기자회견에 나서 고통을 호소하고, 최근 각종 여론조사에서 야권 후보들이 선전하자 결국 뒤늦게 정리에 나선 것.  박 후보는 고 의원의 대변인직 사퇴 뒤 페이스북에 “통증이 훅 가슴 한쪽을 뚫고 지나간다. 이렇게 해서라도 치유가 된다면 하루빨리 해야 하지 않겠냐고 고 대변인이 저에게 되묻는다. 삶이란 것을 다시 생각한다. 아프다”고 적었다.  그러나 야권은 “침묵으로 버티더니 선거 판세가 불리해지니 뒤늦게 떠밀리듯 사과했다”고 비판했다. 국민의힘은 논평을 통해 “사퇴라 쓰고 ‘정략적 손절’이라 읽는다”며 “어제 피해자의 절규에도 내내 침묵하다가 하루 하고도 반나절이 지나서야 내놓은 고 의원의 사퇴는 등 떠밀린 결정”이라고 했다.김지현 기자 jhk85@donga.com 
",3257.351744787977,2420.9392880580012,588.6454080580069
26,511,511,2021-03-18 3:00,"박영선, 여권 단일후보로… “바람을 변화로 만들것”",동아일보,허동준 기자 ,"

            더불어민주당 박영선 후보가 열린민주당 김진애 후보를 꺾고 4·7 서울시장 보궐선거 범여권 단일 후보로 확정됐다. 민주당과 열린민주당은 17일 국회 소통관에서 공동 기자회견을 열고 “16일부터 양 당의 권리·의결당원과 일반시민 여론조사를 진행한 결과 서울시장 단일 후보로 박 후보가 선출됐다”고 발표했다. 박 후보는 “MB(이명박 전 대통령)를 연상시키게 한 이러한 낡은 행정으로는 서울 미래를 기대할 수 없고 새 정치를 하겠다며 낡은 정치 전형, 철새 정치를 10년간 해온 방황한 후보로는 서울 미래를 기대할 수 없다”며 본선 승리를 다짐했다. 김 후보는 “염원하던 기적이 일어나진 않았지만 정치 희망을 시민들이 다시 떠올렸단 사실만으로 고맙다”며 “씩씩하게 이깁시다”라고 박 후보를 응원했다. 양 당은 두 후보의 득표율은 공개하지 않기로 했다. 민주당 관계자는 “마지막까지 단일화 진통을 겪고 있는 야권과 달리 범여권은 순탄하게 단일화를 마무리 지었다”며 “박 후보의 강점을 알리는 데 더 집중할 것”이라고 말했다. 박 후보도 이날 서울 기초의회 의장단과의 화상 간담회에서 “‘연은 순풍이 아니라 역풍에서 가장 높이 난다’는 처칠의 말처럼 위기를 기회, 바람을 변화로 만들어 내겠다”고 했다.허동준 기자 hungry@donga.com  
",3315.83391037198,2464.1368911330037,597.1096450220067
27,523,523,2021-03-17 3:00,박영선 “근로자의 날을 ‘노동절’로… 공무원도 쉴수 있게”,동아일보,"강성휘 기자 , 전주영 기자 ","

더불어민주당 박영선 서울시장 후보가 근로자의 날(5월 1일) 명칭을 ‘노동절’로 바꾸고 공무원도 쉴 수 있도록 추진하겠다고 밝혔다. 박 후보는 16일 서울 영등포구 한국노동조합총연맹을 찾아 김동명 위원장 등과 간담회를 가졌다. 박 후보는 간담회 뒤 기자들과 만나 “주 4.5일제를 서울시 산하기관, 특히 안전을 담당하는 부분부터 강력하게 밀고 나가겠다고 말씀드렸다”며 “노동절에 공무원도 함께 휴식할 수 있게 하는 것을 같이 적극 추진하겠다”고 말했다. 현재 근로자의 날에 공무원은 쉬지 않는다.  박 후보가 노동계 표심 공략에 나서는 사이 박 후보 캠프는 이날 국민의힘 오세훈 후보의 서울 내곡동 땅 특혜 의혹에 대해 화력을 집중했다. 그간 내곡동 일대가 노무현 정부 당시 국민임대예정지구로 지정됐다고 주장해왔던 오 후보는 이날 오전 페이스북을 통해 “공문서를 확인하지 못해 혼선이 있었다”고 밝혔다.  박 후보 대변인인 고민정 의원은 “오 후보는 국민의 눈을 가리고 귀를 막으려는 불온한 시도를 단행했다”며 “오늘 해명이 더 큰 쓰나미가 될 것”이라고 비판했다. 황방열 부대변인도 오 후보를 향해 “제3기 신도시 부동산 적폐 행위자들과는 비교할 수조차 없는 거악(巨惡)”이라고 했다. 박 후보 캠프가 이날 발표한 논평 5건은 모두 오 후보를 겨냥했다. 이에 대해 오 후보는 “내곡동 땅은 제 처와 처가 식구들이 1970년에 장인 사망으로 상속을 받아 오랫동안 소유하고 있던 곳”이라며 “공공기관에 토지가 수용되는데 손해를 보았으면 보았지 엄청난 이득을 본다는 것은 상식적으로도 맞지 않는 말이다. 처가는 사위가 시장인데 시책에 협조하자는 입장으로 정리하고 손해를 감수했다고 한다”고 반박했다.강성휘 yolo@donga.com·전주영 기자 
",3401.8341414029783,2529.0110108640083,614.3550846500062
28,532,532,2021-03-16 3:00,3자 대결서도 선두 내준 박영선…與지지 3040 이탈,동아일보,"박민우 기자 , 강경석 기자 ","

4·7 서울시장 보궐선거가 3자 대결 구도로 치러질 경우 더불어민주당 박영선 후보가 오차범위 내에서 국민의힘 오세훈 후보에게 밀린다는 여론조사 결과가 15일 나왔다. 범야권 후보 단일화를 가정한 양자 구도에서 박 후보가 최근 열세를 보인 데 이어 3자 구도에서까지 1위를 내준 것.  리얼미터가 문화일보 의뢰로 13, 14일 서울 만 18세 이상 남녀 1030명을 대상으로 조사한 결과(표본오차 95% 신뢰수준에 ±3.1%포인트. 자세한 내용은 중앙선거여론조사심의위원회 홈페이지 참조) 서울시장 3자 대결에서 오 후보(35.6%)는 2.3%포인트 차로 박 후보(33.3%)보다 더 많은 지지를 받았다. 국민의당 안철수 후보는 25.1%였다. 올해 공표된 여론조사에서 범야권 서울시장 후보가 3자 대결에서 1위를 기록한 건 이번이 처음이다.  이에 대해 민주당 이낙연 중앙선거대책위원장은 이날 오후 국회에서 열린 의원총회에서 “상대(국민의힘)가 기회를 잡았다고 생각하고 공중전에 치중할 것으로 보이는데 우리는 보병전을 해야 한다”고 당부했다. 불리한 판세를 뒤집기 위해 소속 의원들이 발로 뛰어줄 것을 주문한 것. 당초 올해 초부터 실시된 3자 구도 여론조사에서는 박 후보가 우위를 점했지만 한국토지주택공사(LH) 사태의 여파로 지지율에 타격을 입은 것으로 보인다. 부동산 문제는 문재인 정부의 발목을 잡는 ‘아킬레스건’이었다. LH발 투기 사태 이후 정부 여당의 핵심 지지층인 3040세대의 이탈을 부채질한 데다 부동산 이슈에 민감한 수도권 민심이 크게 요동치면서 박 후보가 직격탄을 맞았다는 분석이 나온다. 다만 야권은 이런 분위기와는 별개로 3자 구도가 현실화될 가능성은 낮다고 보고 있다. 오 후보는 이날 오후 비전발표회에서 “야권이 분열된 상태에서 치르는 선거는 필패”라며 “3자 구도 선거는 내 머릿속에 없다”고 강조했다. 안 후보도 이날 독자 출마 가능성에 대해 “절대로 3자 구도로 가면 안 된다고 생각한다”며 “이미 지난해 12월 출마 선언부터 밝혔던 내용”이라고 못 박았다. 박민우 minwoo@donga.com·강경석 기자 
",3491.664175940977,2597.4937264710165,630.0525204060065
29,533,533,2021-03-16 3:00,박영선 “부동산감독청 설치” 김진애 “국민 범죄자로 몰아”,동아일보,허동준 기자 ,"

더불어민주당 박영선 후보와 열린민주당 김진애 후보가 범여권 서울시장 후보 단일화를 위한 마지막 토론회에서 치열한 공방을 벌였다.  박 후보는 15일 오후 열린 단일화 2차 토론회에서 “투기와의 전쟁을 치러야 한다”며 “서울시 부동산감독청을 설치해 투명한 부동산 시장 질서를 확립하겠다”고 밝혔다. 앞서 박 후보는 한국토지주택공사(LH) 직원들의 부동산 투기 의혹과 관련해 특검 도입을 제안한 바 있다. 반면 김 후보는 “서울시 부동산감독청 설치는 자칫 잘못하면 경제순환을 막을 수 있다”며 “전 국민을 잠재적 범죄자로 몰 수 있다”고 지적했다. 김 후보는 LH 특검에 대해서도 “민주당의 큰 규모에 비해 특검을 제안하는 것은 당장 소나기만 피하려는 조치”라고 비판했다.  두 후보는 세월호 특별법을 두고도 격돌했다. 박 후보는 2014년 특별법 제정 당시 민주당 원내대표였다. 김 후보는 “세월호 유가족의 마음을 도외시한 특별법을 박 후보가 합의하면서 유가족들은 ‘박 후보를 고소하려고까지 했다. 정치 생명이 끝났어야 하는 사람이 이 자리에 이렇게 와 있는 것이 이해가 안 된다’고 이야기했다”고 주장했다. 이에 박 후보는 “(김 후보의 발언에) 세월호 유가족이 마음 아프게 생각할 것이다. 유가족의 말을 이렇게 전달하는 것은 예의에 어긋난다. 제가 다 연락하고 지내는 분들이니까 (유가족들과) 직접 연락해 보겠다”고 반박했다. 두 차례의 토론을 마친 두 후보는 16, 17일 여론조사를 통해 17일 최종 단일 후보를 가린다.허동준 기자 hungry@donga.com 
",3557.6111311509767,2654.4426971920207,641.5641883090065
30,538,538,2021-03-15 3:00,오세훈-안철수 누가 단일후보 돼도 박영선에 앞서,동아일보,박민우 기자 ,"

다음 달 7일 서울시장 보궐선거에서 야권 서울시장 후보 단일화를 가정해 여야가 양자 대결을 펼칠 경우 야권 단일후보가 더불어민주당 박영선 후보를 오차범위 밖에서 앞선다는 여론조사 결과가 잇따라 나왔다.  SBS가 넥스트리서치에 의뢰해 13일 서울 거주 만 18세 이상 남녀 1008명을 대상으로 조사해 14일 발표한 결과에 따르면 서울시장 보궐선거 가상 양자 대결에서 오세훈 국민의힘 후보가 단일 후보로 나서면 지지율 42.3%로 박 후보(35.0%)에게 7.3%포인트 앞섰다. 안철수 국민의당 후보(45.4%)가 단일 후보일 경우 박 후보(33.6%)에 비해 11.8%포인트 우세했다.  머니투데이가 미래한국연구소에 의뢰해 13일 서울의 만 18세 이상 남녀 802명을 대상으로 한 조사에서는 오 후보가 46.2%로 박 후보(36.1%)를 10.1%포인트 앞섰고 안 후보(46.7%)는 박 후보(34.8%)를 11.9%포인트 앞섰다. 조선일보·TV조선이 칸타코리아에 의뢰한 13일 서울의 만 18세 이상 남녀 806명을 상대로 한 조사에서도 오 후보와 안 후보가 양자 대결에서 박 후보를 각각 12.3%포인트, 11.4%포인트 앞섰다.  이날 여론조사 결과에 민주당은 당혹감을 감추지 못했다. 발등에 불이 떨어진 민주당은 야권을 겨냥해 2017년 부산 초고층 주상복합건물 엘시티 특혜 분양 의혹을 다시 제기했다가 ‘가짜 뉴스’ 논란에 휘말렸다. 민주당 장경태 의원은 이날 국회에서 기자회견을 열고 국민의힘 박형준 부산시장 후보 캠프 선대본부장인 조모 씨와 정용진 신세계그룹 부회장 등을 특혜 의혹 당사자로 지목했다. 그러나 신세계그룹이 이날 “정 부회장은 분양을 받은 게 아니라 분양을 받은 분으로부터 정상적인 방법으로 구매했다”고 즉각 부인하면서 민주당이 ‘가짜 뉴스’로 정치 공세를 하고 있다는 비판이 나왔다. 조 씨도 이날 “명백한 허위”라는 입장문을 냈다.13일, 서울 만 18세 이상 남녀 1008명, 무선 전화면접, 응답률 25.6%, 표본오차 95% 신뢰수준에 ±3.1%포인트13일, 서울 만 18세 이상 남녀 802명, 유무선 자동응답방식(ARS), 응답률 4.5%, 표본오차 95% 신뢰수준에 ±3.5%포인트13일, 서울 만 18세 이상 남녀 806명, 유무선 전화면접, 응답률 20.9%, 표본오차 95% 신뢰수준에 ±3.5%포인트박민우 기자 minwoo@donga.com 
",3640.312253453974,2731.2874507090273,663.394926370006
31,555,555,2021-03-13 3:00,"서울시장 후보들은 ‘여종야도’… 박영선 ‘안국빌딩’, 오세훈-안철수 ‘여의도 이웃’",동아일보,강경석 기자 ,"

            4·7 서울시장 보궐선거에 나선 여야 후보들의 선거 캠프는 ‘여종야도(與鐘野島)’ 형태로 마련되고 있다. 여당 후보들은 서울의 중심인 종로(鐘路)를 베이스캠프로, 야당 후보들은 여의도(汝矣島)를 전진기지로 마련하고 있다는 뜻. 서울시장에 당선되면 곧 대선 주자로 발돋움할 수 있기 때문에 역대 서울시장 선거에서도 후보들의 캠프 위치는 정치권에서 화제가 돼 왔다. 더불어민주당 박영선 후보는 서울 종로구 중에서도 전통적인 선거 명당으로 꼽히는 안국동사거리의 안국빌딩에 자리를 잡았다. 민주당 관계자는 “애초 여의도에 캠프를 차리려고 했지만 안국빌딩에 캠프를 차리고 싶다는 박 후보의 의견을 반영해 캠프 위치를 선정한 것으로 알고 있다”고 말했다. 안국빌딩은 앞서 2011년 서울시장 보궐선거에서 당선된 박원순 전 서울시장이 선거 캠프를 차렸던 곳이다. 박 전 시장은 2011년에 이어 2018년 지방선거에서도 안국빌딩에 사무실을 내고 3선에 성공했다. 안국빌딩에서 조계사 방향 300m 인근에 있는 S&S빌딩(옛 서흥빌딩)은 이명박 전 대통령이 서울시장 퇴임 직후부터 초창기 대선 캠프 역할을 했던 ‘안국포럼’을 뿌리 내린 곳으로 유명하다. 친이(친이명박)계 핵심이었던 고(故) 정두언 전 의원은 자신의 회고록에 이 전 대통령이 풍수가를 추천받아 사무실을 선정하는 데 참고했던 일화를 밝히기도 했다. 그만큼 ‘터가 좋은 곳’으로 알려져 있는 것이다. 당시 광화문 동화면세점 건물도 ‘안국포럼’ 후보지로 거론됐지만 결국 조계사 건너편에 위치한 서흥빌딩이 낙점됐다고 한다. 야권 후보들은 일제히 여의도에 터를 잡았다. 애초 국민의힘 오세훈 후보는 당내 경선 당시에는 21대 총선에서 전진 기지 역할을 했던 서울 광진구에 있는 자신의 변호사 사무실을 선거 캠프로 활용했다. 공교롭게도 이곳은 추미애 전 법무부 장관이 국회의원 시절 지역구 사무실로 썼던 곳이기도 하다. 그러다 4일 국민의힘 후보가 확정된 뒤엔 서울 여의도 국회 앞에 있는 남중빌딩과 극동VIP빌딩 2곳에 베이스캠프를 차렸다. 남중빌딩은 자유한국당이 대선, 지방선거, 총선에서 연전연패 하고 국민의힘으로 당명을 바꾼 뒤 김종인 비상대책위원장이 정권 창출의 염원을 담아 새 당사로 낙점한 곳이다. 앞서 2010년 지방선거 당시 오 후보는 서울 중구 한국프레스센터에 선거캠프를 마련해 민주당 한명숙 후보를 누르고 신승을 거두기도 했다. 국민의당 안철수 후보도 당사 건물로 쓰고 있는 서울 여의도 IBPIA빌딩을 선거 캠프로도 활용하고 있다. 일부 실무진이 여의도에 다른 사무실을 내고 일하고 있지만 ‘본진’은 국민의당 당사를 중심으로 돌아간다고 한다. 다만 야권 후보 단일화 이후엔 여의도에 별도 사무실을 마련할 예정이라고 한다.  과거 여의도에 캠프를 꾸렸던 서울시장 당선자도 다수 있다. 대표적으로 1995년 조순 전 시장과 1998년 고건 전 시장이 여의도 대하빌딩에 캠프를 마련하고 선거에서 승리를 거머쥐었다.강경석 기자 coolup@donga.com 
",3771.0742690679717,2823.8849189100347,693.0421301310055
32,562,562,2021-03-12 3:00,"오세훈-안철수, 윤석열에 ‘릴레이 구애’… 박영선 “윤석열 역할론은 소설”",동아일보,윤다빈 기자 ,"

            윤석열 전 검찰총장이 야권 대선 후보로 급부상하면서 서울시장 보궐선거에 출마한 국민의힘 오세훈 후보와 국민의당 안철수 후보의 ‘릴레이 구애’가 이어졌다. 더불어민주당 박영선 후보는 윤 전 총장을 거론하며 그의 보궐선거 역할론을 ‘소설’로 규정하고 나섰다.  오 후보는 11일 서울 영등포구의 한 사무실에서 학부모 간담회를 마친 후 기자들과 만나 “윤 전 총장과 직접은 아니지만 모종의 의사소통이 시작됐다”며 “야권 후보 단일화 이후에 얼마든지 서로 만나볼 수도 있고 협조할 수도 있다”고 강조했다. 그러면서 “윤 전 총장과 앞으로 아마 함께 뜻을 모아 할 일이 참 많을 것”이라고 했다. 안 후보도 이날 국회에서 보육공약 발표 후 기자들과 만나 윤 전 총장에 대해 “정권교체에 도움이 되는 큰 역할을 하시면 좋겠다”면서 “필요하다면 전화를 하거나 만날 수 있을 것”이라고 말했다. 또 2016년 총선 영입을 위해 윤 전 총장을 만났던 것을 거론하며 “(첫 만남 이후) 직접 이야기를 나눌 기회는 없었지만 간접적으로 지금 상황에 대해 듣고 있다”고도 했다. 반면 박 후보는 이날 관훈클럽 토론회에서 윤 전 총장의 보궐선거 역할론을 차단하고 나섰다. 박 후보는 “(정치적으로) 어떻게 한다더라라는 건 다 소설이라고 전해 들었다. 실제로 (윤 전 총장에게) 확인하기도 했다”고 말했다. 이어 “현재 거론되는 윤 전 총장과 안 후보 간 관계, 윤 전 총장과 다른 후보들의 관계 등을 봤을 때 저와 가장 편하게 연락할 수 있는 사람일 것”이라고 주장했다. 법조계 관계자들에 따르면 윤 전 총장은 당분간 침묵을 지킬 것으로 보인다. 전날 윤 전 총장의 변호인은 “현재로서는 3, 4월 중에 특별한 활동 계획이 없다”고 밝혔다. 이 때문에 정치적 리스크를 안고 선거운동에 뛰어들기보다는 보선 이후 본격적인 야권 재편 움직임이 시작될 때까지 기다릴 것이라는 전망이 많다. 다만 정치권에선 윤 전 총장이 4월 서울시장 선거 과정에서 야권 후보를 돕기 위한 메시지를 낼 수도 있다는 관측도 있다. 윤다빈 기자 empty@donga.com 
",3872.5700258059705,2897.9764850120373,720.4442099970054
33,563,563,2021-03-12 3:00,박영선 “투기-적폐와 관련된 부분엔 더 단호해야”,동아일보,허동준 기자 ,"

            “투기 문제, 적폐와 관련된 부분은 더 단호해야 한다고 생각한다.” 더불어민주당 박영선 서울시장 후보는 11일 서울 중구 한국프레스센터에서 열린 관훈클럽 토론회에서 한국토지주택공사(LH) 직원들의 3기 신도시 땅 투기 의혹과 관련해 이같이 말했다. 박 후보는 이번 LH 의혹이 여당 후보의 경쟁력을 끌어내리는 게 아닌지 묻자 “LH 사건과 관련된 일들은 이번에 반드시 절연해야 한다”고 말했다. 또 서울시장에 당선되는 즉시 서울주택도시공사(SH) 직원들을 대상으로 한 전수조사도 실시하겠다는 뜻을 밝혔다. 또 “(시장이 되면) 특별사법경찰과 서울 자치경찰을 활용해 서울시 관련 전체 부분을 조사하고 서울시민 감시 모니터단을 운영하겠다”고 강조했다. 경쟁 후보들을 향해선 비판의 날을 세웠다. 민주당이 제기한 국민의힘 오세훈 후보의 투기 의혹에 대해 박 후보는 “(오 후보가 토지 보상으로) 36억 원 정도 보상을 받았는데 현직 시장이 이렇게 ‘셀프 보상’을 받게 되면 사전에 스스로 밝혀야 하는 게 맞지 않나 생각한다”며 “이 부분에 대해서는 (오 후보의) 설명을 반드시 들을 필요가 있다”고 말했다. 또 국민의당 안철수 후보를 향해선 “혁신은 시대에 뒤떨어진 실패한 경험으로 이룰 수 없다. 혁신은 새 정치를 한다며 10년간 이 집 저 집 방황하던 뿌리 없는 철학에 기댈 수 없다”고 비난했다.허동준 기자 hungry@donga.com 
",3937.65659460697,2955.2153556970416,737.2156229730052
34,580,580,2021-03-10 3:00,"박영선-김진애, 단일화 합의… 17일 최종후보 결정",동아일보,박민우 기자 ,"

4·7 서울시장 보궐선거에 나선 더불어민주당 박영선 후보와 열린민주당 김진애 후보가 9일 단일화에 합의했다. 두 후보는 두 차례 토론을 한 뒤 여론조사를 통해 17일 단일 후보를 정하기로 했다. 중앙선거관리위원회의 후보 등록은 18일 시작된다. 앞서 박 후보는 7일 시대전환 조정훈 후보와 단일화를 이뤘다. 민주당 김종민 최고위원과 열린민주당 강민정 원내대표는 이날 국회 소통관에서 기자회견을 열고 “단일화에 합의를 이뤘다”고 밝혔다. 민주당과 열린민주당은 11, 15일 각각 TV 토론과 유튜브 토론을 진행하기로 잠정 합의했다. 토론회가 끝난 뒤 16, 17일 이틀간 서울 시민 6만 명과 양당 권리당원을 대상으로 여론조사를 하고 최종 결과는 17일에 발표하기로 했다. 여론조사는 서울 시민 투표와 권리당원 투표가 각각 5 대 5로 반영된다. 김 최고위원은 “양당 권리당원 100%가 전 당원 투표로 참여한다”며 “양당의 당원들이 기본적으로 대한민국의 미래를 바라보는 시각과 방향이 비슷하기 때문에 양쪽의 (당원 규모) 비율에 관계없이 모두 유권자로 인정하기로 합의했다”고 설명했다.  이날 기자회견에 참석한 박 후보는 “서로가 서로에게 선물이 되는 단일화가 됐으면 좋겠다”며 “김 후보와 제가 서로에게 의지하고 기대면서 박영선의 서울과 김진애의 서울을 뜨겁게 융합시키겠다”고 말했다. 그러면서 “이번 선거는 서울의 미래를 위해 진심으로 몰두할 후보를 선택하느냐, 아니면 서울을 정치적으로 이용하는 후보를 선택하느냐로 갈릴 것”이라고 했다.  당초 최소 세 차례 이상의 토론을 요구해왔던 김 후보는 “이번에 박 후보와 제가 펼칠 토론과 평가는 역사에 남을 수 있는 명장면이 되길 기대한다”며 “스탠딩 토론, 자유주제, 주도권 토론으로 본인의 역량과 의지, 공약을 내놓고 뜨겁게 토론하는 모습은 서울 시민뿐만 아니라 여성 후배들에게도 큰 용기를 줄 것”이라고 했다. 강 원내대표도 “일대일 스탠딩 자유토론은 선거 단일화를 위한 경선 과정에 도입된 적이 없고, 두 후보가 모두 여성인 적도 없었다”고 강조했다.  다만 민주당과 열린민주당의 합당 논의에 대해서는 두 당 모두 선을 그었다. 김 최고위원은 “단일화와 연계해 당 대 당 통합을 논의하는 것은 바람직하지 않다고 양당이 이야기했고 선거 이후에 차분히 추진할 것”이라고 말했다. 여권 관계자는 “4월 선거가 끝난 뒤 대선이 다가오면 합당 논의도 본격적으로 수면 위로 떠오를 것”이라고 말했다. 박민우 기자 minwoo@donga.com 
",4065.4448029529713,3040.8672417810462,760.3890517540051
35,596,596,2021-03-09 3:00,박영선 “박원순 피해여성께 대신 사과”,동아일보,최혜령 기자 ,"

            4·7 서울시장 보궐선거에 출마한 더불어민주당 박영선 후보가 8일 박원순 전 시장 성추문 피해자에게 “진심 어린 사과를 대신 드린다”며 “직접 만나 대화하고 싶다”고 말했다. 박 후보는 이날 여성의 날을 맞아 경력단절 여성의 차별을 금지하는 등의 여성 정책을 내놨다. 박 후보는 서울 종로구 안국빌딩에서 여성정책 발표를 한 뒤 “박 전 시장과 관련해 피해 여성께 다시 한번 진심 어린 사과를 제가 대표로 대신 드린다”며 “피해자분께서 조속히 일상으로 돌아오실 수 있도록 제가 할 수 있는 모든 일을 다하겠다”고 말했다. 박 후보가 보궐선거 출마를 선언한 후 박 전 시장 사건에 대해 사과한 것은 처음이다. ‘피해자 일상 복귀를 어떻게 지원할 것인가’에 대한 질문에 박 후보는 “그분이 우리 사과가 충분하다고 생각하는 시점이 있을 것이라고 생각하고 그때 직접 만나서 대화를 하고 싶다”고 답했다. 또 “서울시에 여러 성폭력과 관련된 부분을 털어놓고 해결할 수 있는 상담사를 설치할 필요가 있다”고 말했다. 박 후보와 단일화 협상을 진행 중인 열린민주당 김진애 후보는 전날(7일) 박 후보를 향해 “(박 전 시장에 대해) 조금 더 명확하게 입장을 내시길 바란다”고 촉구한 바 있다. 이날 박 후보는 남녀 관계없이 가족 돌봄을 책임지는 노동자에 대한 차별 금지 등을 서울시 조례로 제정하고 공적 돌봄 서비스를 확대한다는 내용의 여성 정책을 발표했다. 박 후보는 “서울시와 산하 공공기관의 공공구매 금액 중 일정 부분을 여성 기업에 할당하는 ‘여성 기업 의무구매비율 제도’를 도입하고 여성 창업 활성화를 지원하겠다”고 말했다. 박 후보의 이런 행보는 국민의힘 오세훈 후보, 국민의당 안철수 후보 등 남성 후보와의 차별화에 나서겠다는 의도도 담겨 있다는 분석이 나온다. 한편 열린민주당은 이날 “민주당이 언제부터 감나무 밑에서 감 떨어지기만을 기다리는 수비형 정당이 되었냐”며 범여권 단일화 협상에 적극적으로 나설 것을 촉구했다. 민주당과 열린민주당의 단일화 협상은 후보자 토론 및 여론조사 방식 등을 두고 이견이 큰 상황이다.최혜령 기자 herstory@donga.com 
",4186.189680808971,3125.851729533051,779.6218861940052
36,623,623,2021-03-05 3:00,"박영선-오세훈-안철수, 서울시장 3각구도 확정",동아일보,전주영 기자 ,"

            4·7 서울시장 보궐선거에 나선 국민의힘 오세훈 후보가 4일 당 경선에서 나경원 후보를 꺾고 국민의힘 후보로 확정됐다. 이로써 서울시장 보선은 더불어민주당 박영선 후보와 오 후보, 국민의당 안철수 후보의 3자 대결구도의 윤곽이 짜였고, 향후 오 후보와 안 후보 간의 후보 단일화 레이스가 핵심 변수로 작용할 것으로 전망된다. 국민의힘 정진석 공천관리위원장은 이날 서울 여의도 중앙당사에서 열린 4·7 보궐선거 서울·부산시장 후보 경선 결과 발표회에서 “2, 3일 이틀간 진행된 여론조사에서 오 후보는 41.64%의 득표율로 최종 후보로 선출됐다”고 발표했다. 나 후보는 36.31%, 조은희 후보는 16.47%, 오신환 후보는 10.39%를 기록했다. 여론조사는 응답자의 지지 정당을 묻지 않는 100% 시민 여론조사로 진행됐다. 당 안팎에선 오 후보와 박빙의 경쟁을 펼친 나 후보가 여성 가산점 10%를 받으면 승리할 것이란 전망이 많았지만 ‘중도 확장’을 강조한 오 후보가 5%포인트 이상 격차로 승리하는 이변을 연출했다.  오 후보와 안 후보는 조만간 회동을 한 뒤 최종 단일화 경선 룰 등에 대한 협상에 들어갈 예정이다. 민주당 박영선 후보는 KBS 인터뷰에서 여야 일대일 구도 선거에 대해 “녹록지 않지만 해볼 만하다”고 말했다.전주영 기자 aimhigh@donga.com 
",4242.130483085975,3158.638600752055,791.0540326680054
37,628,628,2021-03-05 3:00,여권 단일화 시동… 박영선-조정훈 첫 토론,동아일보,허동준 기자 ,"

4·7 서울시장 보궐선거에 나선 더불어민주당 박영선 후보와 시대전환 조정훈 후보가 범여권 후보 단일화를 위한 토론회를 4일 개최하면서 여권의 단일화 작업이 본격 시작됐다.  두 후보의 단일화는 현역 국회의원인 조 후보의 거취를 감안해 공직자 사퇴 시한인 8일 전에 마무리할 계획이다. 의원직 사퇴 의사를 밝힌 열린민주당 김진애 후보는 후보등록 마감일인 18일까지 단일화를 진행하겠다는 입장이다. 이날 열린 두 후보의 단일화 토론에선 부동산 공약을 두고 치열한 공방이 벌어졌다. 박 후보는 서울주택도시공사(SH)를 상장해 주식 수익으로 주택을 공급한다는 조 후보의 공약에 대해 “SH의 적자가 계속될 텐데 그렇게 되면 시장이 역할을 하기 힘들어진다”고 지적했다. 조 후보는 “(박 후보 공약대로) 주택 30만 채를 공급해도 서울 무주택 가구가 200만, 경기도 대기 숫자가 200만이라 열에 하나도 돌아가지 않는다”고 맞섰다. 두 후보는 조 후보가 공약한 ‘주 4일 근무제’에 대해선 큰 틀에서는 공감했지만 실행방안에 대해선 의견이 갈렸다. 조 후보가 “서울시에 주 4일제 서비스센터를 도입해 민간에 제도 도입을 위한 컨설팅을 할 것”이라고 하자, 박 후보는 “시장의 원리에 따르는 게 맞지 굳이 지원센터를 만드는 것은 과한 게 아니냐”며 맞받았다. 두 후보의 승부는 6, 7일 이틀간 진행되는 여론조사로 결정되며, 두 후보의 단일화가 마무리되면 김 후보와의 단일화 작업도 진행될 것으로 전망된다.  박 후보는 이날 KBS 라디오에 출연해 여야 후보 단일화 뒤 여야 일대일 구도로 갈 경우에 대해 “녹록지 않지만 해볼 만하다”며 “여론조사 기관에서 박영선 효과라는 단어를 쓰면서 상승세를 타고 있고 상승 추세는 지속적으로 이어지고 있다”고 자신감을 내비쳤다. 박 후보는 이날 판사 출신 이수진 의원과 천준호 의원을 비서실장으로, 대변인과 수행실장에는 각각 고민정 강선우 의원을 임명하는 등 현역 의원들을 중심으로 한 캠프 진용을 꾸렸다. 허동준 기자 hungry@donga.com 
",4335.0541227919775,3232.1751187440605,806.5706317380052
38,674,674,2021-03-01 3:00,박영선 “본선 경쟁력이 중요”… 우상호 “조직표로 막판 역전”,동아일보,강성휘 기자 ,"

더불어민주당 서울시장 보궐선거 예비후보들은 경선 결과 발표 하루 전인 28일 지지층을 상대로 막판 표심 잡기에 나섰다. 박영선 후보는 본선 경쟁력을 내세운 정책 홍보에, 지지율에서 밀리고 있는 우상호 후보는 당내 지지층 공략에 초점을 맞췄다. 박 후보는 28일 서울 마포구 연남동 경의선 숲길 일대를 걷는 ‘어게인(Again) 서울을 걷다’ 행사에 참석했다. 자신의 주요 공약으로 내세운 ‘21분 콤팩트 시티’ 홍보를 위해 매주 일요일 진행해 온 ‘서울을 걷다’ 행사의 일환이다. 이 공약은 서울 전역을 21분 내에 이동 가능한 환경으로 조성하겠다는 것. 박 후보 측은 “당내 경선도 중요하지만 본선 경쟁력이야말로 진정한 민주당 후보의 조건이라는 점을 강조할 방침”이라고 했다. 반면 우 후보는 막판까지 민주당 적극 지지층 공략에 나섰다. 우 후보는 이날 노무현 전 대통령 사위인 곽상언 변호사와 함께 유튜브 생중계 간담회를 진행했다. 우 후보는 전날에는 별도 공개 일정 없이 국회 의원회관을 돌며 의원들을 만나 지지를 호소하기도 했다. 우 후보 측은 “승패가 500표 차 이내로 결정될 것으로 본다”며 “당내 끈끈한 조직력을 바탕으로 막판 역전을 노릴 것”이라고 했다. 지난달 26일부터 이달 1일까지 권리당원 온라인 투표와 당원 및 일반 시민 대상 자동응답시스템(ARS) 투표를 진행한 민주당은 1일 오후 경선 결과를 발표할 예정이다. 민주당은 본선 후보가 확정되면 공직자 출마 사퇴 시한인 8일 전까지 열린민주당 김진애 후보와 시대전환 조정훈 후보 등과 범여권 후보 단일화 논의도 매듭지을 방침이다.강성휘 기자 yolo@donga.com  
",4400.414401826977,3278.4780332690643,821.012174969005
39,714,714,2021-02-24 3:00,박영선 ‘1조 펀드’ 내걸자 우상호 ‘2조 펀드’ 맞불,동아일보,강성휘 기자 ,"

            더불어민주당 서울시장 예비후보들이 앞다퉈 조(兆) 단위 청년 스타트업 창업과 일자리 지원 공약을 내놓으며 맞붙었다. 민주당 박영선 서울시장 예비후보는 23일 서울 종로구에 있는 캠프 사무실에서 스타트업과 청년 일자리 마련을 위한 1조 원 규모의 ‘서울시 대전환 펀드’ 공약을 내놨다. 서울시와 산하기관이 5000억 원 규모의 모태펀드를 조성한 뒤 민간으로부터 나머지 출자를 받아 1조 원을 채우겠다는 계획이다. 그러자 우상호 예비후보는 당초 예정에 없던 공약 발표 일정을 잡아 박 후보보다 규모가 큰 2조 원 규모의 ‘청년 무한도전 펀드’ 계획을 발표했다. 서울시와 민간이 각각 1조 원을 출자해 조성하는 펀드다. 야권에 맞선 범여권의 단일화 논의도 본격 시작될 것으로 보인다. 민주당 관계자는 “24일 최고위원회의에서 열린민주당 및 시대전환 등 범여권 후보와의 단일화를 위한 협의체 구성 등을 논의할 것”이라고 했다. 민주당은 25일 선거운동 종료 후 26일부터 다음 달 1일까지 권리당원 온라인 투표 및 자동응답시스템(ARS) 여론조사 등을 거쳐 1일 최종 후보를 가려낼 계획이다. 경선 막바지 각종 여론조사에서는 박 후보가 우 후보에게 오차범위 밖에서 우위를 보이고 있다. 박 후보 측은 “지지율에 일희일비하지 않고 정책 비전을 보여주는 데 집중하고 있다”고 했다. 반면 우 후보 측은 열성 당원들의 지지와 당내 조직력을 근거로 막판 뒤집기를 자신하고 있다. 우 후보는 전날 기자간담회에서 “이번 경선은 결집도 싸움”이라며 “조직화된 싸움에서는 내가 (박 후보보다) 훨씬 세다”고 했다.강성휘 기자 yolo@donga.com 
",4475.157135085978,3333.784272160066,830.8892444910048
40,746,746,2021-02-22 3:00,박영선 “서울 곳곳에 수직정원등대”… 우상호 “홍콩 금융기관 유치하겠다”,동아일보,박민우 기자 ,"

더불어민주당 서울시장 보궐선거 경선이 막바지로 치달으면서 박영선, 우상호 후보 간 정책 경쟁과 함께 선명성 논쟁에 불이 붙었다. 최근 여론조사에서 유리한 결과가 잇따라 나온 박 후보는 21일 서울시장 후보자 선출 경선대회에서 핵심 공약인 ‘21분 도시 서울’을 집중 홍보하며 ‘굳히기’ 전략을 폈다. 추격자 입장인 우 후보는 경선에서 당원 투표 비중이 50%를 차지하는 점을 고려해 박 후보가 내세운 공약이 “민주당답지 않다”고 거듭 지적하며 ‘막판 뒤집기’를 시도했다. 박 후보는 이날 서울 성동구 레이어57 스튜디오에서 열린 토론회에서 대표 정책인 ‘21분 도시’(서울 어디서든 주거 일자리 여가 등을 21분 안에 해결한다는 개념)에 대해 “도심 집중 현상을 해소해서 집값 및 부동산 문제, 상가 임대료 문제도 해결할 수 있다”고 강조했다. “21분 도시 서울에서는 옥상정원, 수직정원을 만들어 탄소 배출을 줄일 수 있다”고도 설명했다. 반면 우 후보는 자신에게 할당된 발표 시간의 상당 부분을 할애해 박 후보 공약의 ‘정체성’에 대해 비판했다. 우 후보는 박 후보의 수직정원등대 공약에 대해 “도로를 지하화해서 그 위에 5000그루의 나무를 심어 서울의 랜드마크로 세우겠다고 한다”며 “오세훈 전 서울시장의 세빛둥둥섬이 떠올랐다”고 비꼬았다. 그러면서 “이 공약에는 절절한 서민의 애환이 담겨 있지 않다. 민주당답지 않은 공약”이라며 철회를 요구했다. 이어 우 후보는 “시대정신은 불평등과 격차를 해소하는 것이다. 화려해 보이지 않아도 민주당다운 공약으로 출발해야 한다”며 ‘친서민 정책’을 강조했다. 그는 “민간의 방식으로 20년간 둬 봤지만 어렵다. 서울시가 직접 집을 지어서 공급하는 것이 해답”이라며 “그렇게 16만 채의 공공주택, 공공아파트를 공급하겠다”고 말했다. 또 “금융·문화산업을 키워서 10만 개의 일자리를 만들겠다. 홍콩의 금융기관을 서울로 유치해 여의도 금융특구를 만들어 좋은 일자리를 만들겠다”며 청년·일자리 공약도 제시했다. 이날 두 후보는 모두 김대중, 노무현 전 대통령에 대한 기억을 꺼내 들며 당심(黨心)에 호소했지만 박 후보는 ‘혁신’을, 우 후보는 ‘서민’을 강조했다.  박 후보는 “김대중 대통령께서 제가 MBC 마감뉴스를 진행할 때 그 마감뉴스를 보고 다음 날 질문도 하고 전화도 하셨다. 그러면서 김 대통령의 생각을 배웠다”고 했다. 이어 “2004년 열린우리당에 입당해선 헌정사상 처음으로 민주당이 과반 의석을 확보했는데 그때 노 대통령께서 제게 ‘대변인(본인)을 잘 뽑아 큰 덕을 봤다’고 칭찬도 하셨다”며 전직 대통령들과의 직접적인 인연을 내세웠다. 박 후보는 또 김대중 노무현 정부의 정보통신기술(ICT) 정책을 거론하며 “민주당의 방침은 늘 서울시민에게 꿈과 미래를 주는 것이다”라며 “매일 혁신하는 혁신의 정신이 민주당의 정신”이라고 규정했다. ‘21분 도시 서울’ 공약도 민주당 혁신의 연장선상이라는 것. 우 후보는 민주화에 투신했던 자신의 삶이 두 전직 대통령이 살아온 궤적과 일치한다고 주장했다. 그는 “민주당의 역사와 정신을 계승하고 서민을 대변하는 공약으로 승부하는 저 우상호가 필승 카드”라며 “(두 전직 대통령의) 불의에 맞서 싸운 용기, 원칙을 지킨 소신, 서민을 돌보고 배려하는 치열함, 이 민주당다움을 간직한다면 (선거에서) 승리할 수 있다”고 했다. 박민우 기자 minwoo@donga.com 
",4643.06287619098,3456.0084692910705,860.5949648960042
41,782,782,2021-02-18 3:00,우상호 “소상공인에 1억” 박영선 “5000만원 대출” 지원금 경쟁,동아일보,김지현 기자 ,"

“신종 코로나바이러스 감염증(코로나19)으로 고통받는 소상공인들을 위한 서울시 긴급 금융지원금을 1인당 최대 1억 원으로 확대하겠다.”(더불어민주당 우상호 후보) “1억 원씩 지원하려면 너무 많은 예산이 든다. 나는 예산으로 지원하지 않고 서울신용보증재단을 이용해 인당 5000만 원까지 화끈하게 무이자 대출을 하겠다.”(민주당 박영선 후보) 민주당 서울시장 후보 경선에 나선 두 후보가 17일 오후 두 번째 TV 토론회에서 소상공인 지원 방안으로 맞붙었다. 4·7 보궐선거를 앞두고 여권에서 소상공인·자영업자 지원책이 봇물 터지듯 쏟아지는 가운데 서울시장 후보들도 본격적인 ‘지원금 경쟁’에 나선 것. 우 후보는 “코로나19로 힘든 소상공인에게 긴급 금융지원을 할 수 있도록 현재 서울시에서 운영 중인 긴급 금융지원금 명목 사업에 추가로 2조 원을 투입하겠다”며 “심사를 통해 소상공인 1인당 최대 1억 원까지 지급할 것”이라고 했다. 그는 “올해 이미 서울시 긴급금융지원사업에 8000명이 신청했다고 한다”며 “지원금 액수에 한계가 있기 때문에 더 넓고 두텁게 늘릴 필요가 있다”고 강조했다. 우 후보 측은 “현행 최대 2000만 원 한도인 서울시의 긴급 금융지원금을 최대 1억 원까지로 늘리겠다는 것”이라고 설명했다. 이에 대해 박 후보는 “서울시 예산이 40조 원인데 이 중에서 복지로 들어가는 예산이 이미 50% 정도 된다”며 “소상공인들에게 1억 원까지 예산으로 지원하려면 너무 많은 예산이 필요하다”고 지적했다. 그러면서 자신의 ‘5000만 원 무이자 대출’ 공약을 대안으로 제시했다. 박 후보는 “예산으로 지원하지 않고 서울신용보증재단을 이용해 보증을 해주고 시중은행의 유동자금을 활용하는 게 좀 더 나은 방안 아닌가”라며 “소상공인은 원금만 갚으면 된다”고 했다.  박 후보는 ‘구독경제 활성화’도 소상공인을 위한 민생 공약으로 제안했다. 박 후보는 “신문을 구독하고, 우유를 배달시켜 먹는 소비자와 소상공인들 간 구독경제 생태계를 만들겠다”며 “코로나19 재앙 속에서도 소상공인들은 일정한 매출을 유지할 수 있고 소비자는 값싸고 질 좋은 서비스를 받을 수 있어 일거양득”이라고 했다.  박 후보가 구독경제를 강조하며 갈비탕을 예로 들자 우 후보는 “한 달 내내 갈비탕을 시키는 구독경제가 가능한 것이 아니지 않으냐”고 지적했다. 박 후보가 웃으며 “일주일에 한 번”이라고 하자 우 후보도 “일주일에 한 번씩 갈비탕을 강요하는 건 좀 심하지 않으냐”고 응수했다.  두 후보는 22일과 24일에는 라디오 토론을 한 뒤 25일 마지막 TV 토론을 펼친다. 민주당 이낙연 대표는 다음 달 1일 후보 선출일을 앞두고 18일과 19일 양일에 걸쳐 두 후보 캠프를 각각 격려 방문할 예정이다.김지현 기자 jhk85@donga.com 
",4782.285628244983,3562.9930142430785,876.3622965050039
42,800,800,2021-02-17 3:00,우상호 “강남 재건축 허용 발언 적절했나”… 박영선 “필요하면 해야하고 존중도 해야”,동아일보,김지현 기자 ,"

더불어민주당 서울시장 보궐선거 경선 후보들이 연일 서로의 공약에 대한 날 선 비판을 이어가고 있다. 당초 박영선 우상호 후보는 “아름다운 경선”을 약속했지만 다음 달 1일로 예정된 당 후보 선출일이 다가오면서 긴장감이 고조되는 모습이다. 박 후보는 16일 YTN라디오에서 “가장 민주당다운 것은 일신우일신(日新又日新·날이 갈수록 새로워짐), 그러니까 혁신하는 것”이라고 말했다. 전날(15일) 열린 첫 TV토론에서 우 후보가 자신을 향해 “민주당 후보로서 강남 재건축 허용 발언을 한 게 과연 적절했는가 하는 의문이 있다”고 비판한 데 대한 반박이다. 박 후보는 이날 “강남 재개발·재건축은 필요하면 해야 하고 존중도 해야 한다”고 재차 강조하며 “강북부터 공공임대아파트 모델을 만들어서 강남 주민들도 ‘우리도 저런 방식의 개발을 하고 싶다’고 생각하게 하는 마중물을 만드는 게 서울시의 역할”이라고 했다. 전날 TV토론에서 우 후보는 박 후보의 ‘수직정원 공약’에 대해서도 “막대한 세금을 퍼부어 도로를 지하화하고 그 위에 수직정원을 짓겠다는 공약은 민주당답지 못하다”며 “그 세금을 서민에게 쓰는 게 낫지 않나”고 했다. 이어 “서울에 수직정원 21개를 지으면 자칫 랜드마크보다 도시 흉물이 될 수 있다”고 했다. 이에 맞서 박 후보는 우 후보의 ‘강변도로 공공주택’ 공약을 집중 공격했다. 박 후보는 “강변도로 70km를 덮어서 짓겠다며 미국 뉴욕 맨해튼을 예로 보여줬는데 맨해튼과 서울은 다르다”며 “맨해튼과 달리 낮은 저층 자가 주택이 많은 서울은 한강변 조망권의 공공성이 중요하다”고 했다. 그러면서 “강변도로 위에 고층 아파트를 짓는다는 생각만 해도 질식할 것 같다”며 “과거 (국민의힘 소속) 오세훈 전 서울시장 시절 한강변 근처에 고층 아파트를 많이 지어 지금 흉물로 꼽히는데 이를 반복하는 것”이라고 지적했다.김지현 기자 jhk85@donga.com  
",4867.264981644985,3639.222105770083,891.4074097690036
43,822,822,2021-02-15 3:00,우상호 “민주당답지 않은 공약” 박영선 “민주당답다는게 뭐냐”,동아일보,최혜령 기자 ,"

“박영선 후보의 공약은 ‘민주당다운 공약’이라고 보기 어렵다.”(더불어민주당 우상호 후보) “‘민주당답다’는 게 무슨 말인지 되묻고 싶다.”(민주당 박영선 후보) 4·7 재·보궐선거가 50여 일 앞으로 다가오면서 민주당의 서울시장 후보들이 ‘공세 모드’로 본격 전환했다. 그동안 서로를 ‘누님’ ‘동생’으로 부르며 ‘아름다운 경쟁’을 강조하던 것과 사뭇 달라진 모습이다. 두 후보는 설 연휴 내내 ‘당심(黨心) 잡기’에 주력했다. 민주당 경선 투표는 당원 50%, 일반 국민 여론조사 50%로 진행되기 때문에 친문(친문재인), 친노(친노무현) 세력이 포진한 당원들의 표심이 승패의 관건이다. 공세의 포문은 우 후보가 열었다. 우 후보는 14일 오전 국회에서 기자회견을 열고 “오늘부터 박 후보에 대한 본격적인 정책 검증을 시작하겠다”며 박 후보의 1호 공약인 ‘21분 콤팩트 도시’에 대해 “만병통치약인 것처럼 주장하지만 민주당다운 공약이라고 보기 어렵다”고 지적했다. 그는 이어 기자들과 만난 자리에서 “박 후보는 주로 쟁점을 만들지 않는 선거 방식을 유지하는, 디펜딩 챔피언의 자세”라고 말했다. 각종 여론조사에서 박 후보와의 지지율 격차를 좀처럼 좁히지 못하고 있는 우 후보가 반전을 위한 승부수를 던진 것이다. 이에 박 후보 측은 “민주당답다는 게 무슨 말인지 되묻고 싶다”고 즉각 반박했다. 박 후보 캠프는 입장문을 내고 “우리는 집권 정당이라는 것을 한시도 잊어서는 안 된다. 정책에 대해서는 앞으로 TV 토론에서 충분히 토론할 수 있기를 바란다”고 밝혔다. 두 후보는 이날 오후 열린 민주당 이낙연 대표의 설 민심 기자간담회에서도 당의 주류인 친문 지지층 공략을 이어갔다. 먼저 입을 연 우 후보는 “설 연휴에 봉하마을에 가서 노무현 전 대통령을 뵙고 왔다. 어려운 시기에 이 나라를 위해서 열심히 노력했던 민주당 정신이 오롯이 느껴졌다”고 했다. 이에 맞서 박 후보는 자신이 문 대통령이 임명한 장관이라는 점을 적극 어필했다. 그는 “중소벤처기업부 장관 시절 혼신의 힘을 다해 지원했던 백신 특수주사기 개발 업체 측과 오는 길에 통화했다”며 “미국에서 이미 1억8000만 개를 주문받았고, 일본에서도 7500만 개를 주문받았다고 하더라”고 했다. 박 후보는 8일엔 유튜브 방송에 출연해 “대한민국은 문재인 보유국”이라고 말해 야권의 집중 공격을 받기도 했다. 앞서 설 연휴 중에도 두 후보는 각각 노 전 대통령과의 접점을 강조했다. 박 전 장관은 13일 자신의 후원회장이자 노 전 대통령의 첫 비서실장을 지낸 대표적 친노 원로인사인 문희상 전 국회의장을 예방했다. 문 전 의장은 “박 후보가 승리하는 것만이 당을 살리고 정권도 살리고 나라도 살리는 일”이라고 격려했다. 같은 날 우 후보는 노 전 대통령 묘역을 참배하고 ‘문 대통령의 복심’으로 통하는 김경수 경남도지사를 만난 뒤 페이스북에 사진과 글을 올렸다.최혜령 기자 herstory@donga.com  
",5011.242599197992,3736.7287615490877,918.4908057010034
44,915,915,2021-02-04 3:00,박영선 “금태섭 보듬어야”… 우상호 “동의 어렵다”,동아일보,박민우 기자 ,"

            서로를 ‘누님’ ‘동생’으로 부르며 덕담을 주고받던 더불어민주당 서울시장 보궐선거 예비후보 두 사람이 달라졌다. 민주당을 탈당한 금태섭 전 의원에 대해 박영선 전 중소벤처기업부 장관은 “보듬고 가야 한다”며 대화 의사를 밝혔지만, 우상호 의원은 “동의하기 어렵다”고 했다. 당 후보 경선(9∼25일)을 앞두고 본격적인 경쟁에 돌입한 모습이다.  우 의원은 3일 페이스북에서 “(금 전 의원과 대화하고 싶다는) 이 발언을 거두어주길 바란다”고 박 전 장관에게 요구했다. 그는 “금 후보는 최근 국민의힘 후보, 안철수 국민의당 후보와 3자 단일화를 추진하고 있다”며 “이른바 ‘반문재인 연대’에 참여해 대통령을 흔들겠다는 것인데, 이런 후보를 끌어안는 것이 민주당의 ‘품 넓음’을 보여주는 것이라는 생각에 동의하기 어렵다”고 비판했다. 금 전 의원은 고위공직자범죄수사처(공수처) 설치 법안에 기권표를 던졌다가 당 윤리위의 징계 처분을 받고 탈당했다.  박 전 장관은 전날 MBC라디오에서 “금 전 의원이 그동안 당에서 남들이 하기 어려운 이야기들을 많이 해서 공격도 많이 받았지만, 그런 것을 우리가 보듬고 품이 넓은 민주당 모습을 보여주는 것도 굉장히 중요하다”고 말했다. 박민우 기자 minwoo@donga.com 
",5063.61294685099,3774.78179929709,932.1983587920032
45,995,995,2021-01-27 3:00,"박영선 “서울, 21분 생활권으로 만들 것”",동아일보,최혜령 기자 ,"

            박영선 전 중소벤처기업부 장관이 26일 “서울을 21분 내에 모든 것이 해결되는 콤팩트 도시로 만들겠다”며 서울시장 보궐선거 출마를 공식 선언했다. 더불어민주당 소속으로는 우상호 의원에 이어 두 번째다.  박 전 장관은 이날 서울 영등포구 중소기업중앙회관에서 시민보고 형식의 비대면 간담회를 열어 “지금부터 서울 시민과 함께 이 엄중한 신종 코로나바이러스 감염증(코로나19)의 겨울을 건너 새로운 서울의 봄으로 가는 여정을 시작하겠다”며 이같이 밝혔다. 4선 의원을 지낸 박 전 장관은 이동거리로 21분 내에 직장, 교육, 보건의료, 쇼핑 등이 충족되는 ‘21개의 다핵분산도시’를 만들겠다고 공약했다. 또 국회가 세종으로 이전하면 국회의사당은 콘서트홀로, 의원회관은 청년창업주거지로 활용하겠다는 계획도 밝혔다. 박 전 장관과 우 의원은 2018년에도 서울시장 후보 자리를 놓고 고 박원순 전 서울시장과 경쟁을 펼친 바 있다. 부산시장 보궐선거에 나서는 민주당 주자 3명도 이날 한자리에 모여 본격적인 경선 시작을 알렸다. 민주당 부산시당은 이날 부산 연제구 당사에서 변성완 전 부산시장 권한대행의 입당원서 전달식을 열었다. 변 전 권한대행은 지난해 4월 오거돈 전 부산시장이 성추행 사건으로 사퇴한 이후 9개월간 부산시를 이끌어 왔다. 전달식에는 앞서 보궐선거 출마를 선언한 김영춘 전 국회 사무총장과 박인영 부산시의원도 참석했다. 민주당은 27일부터 3일간 서울·부산시장 보궐선거 예비후보 등록을 시작한다. 이후 당내 경선을 거쳐 서울시장 후보는 3월 1일, 부산시장 후보는 3월 11일에 확정할 계획이다. 최혜령 기자 herstory@donga.com 
",5143.189103567986,3826.3045239000935,949.7448893650025
