,Unnamed: 0,date,title,reporter,content,긍정,부정,중립
0,3,2021.05.02 ,"이재명, 민주 새 지도부에 “민생개혁 성과 보여줘야···경기도 함께하겠다”",이지영,"이재명 경기도지사. 연합뉴스 이재명 경기도지사는 더불어민주당 송영길 신임 대표 체제 출범을 축하하면서 “이제 원팀이 되어 흔들림 없는 실천과 유능한 실력으로 국민께 부응할 일만 남았다”고 밝혔다. 2일 이 지사는 자신의 페이스북에 “(당 지도부) 선거기간에 모든 후보께서 국민의 먹고사는 문제, 민생개혁을 제1과제로 말씀하셨다”며 이렇게 말했다. 이 지사는 “당장은 국민께서 매섭게 바라보시겠지만 아직 마음을 돌릴 수 있는 기회는 있다”며 “작은 민생개혁의 성과가 모여 국민의 실제 삶이 바뀌었음을 입증할 때 국민께서 다시금 개혁의 주체로 인정해주실 것”이라고 했다. 그러면서 “새로운 당 지도부가 그 선두에 서길 기대하며 경기도도 적극 함께 하겠다”고 덧붙였다. 아울러 이 지사는 신임 송 대표를 비롯해 최고위원 당선자들과 탈락한 후보들을 모두 거명하며 축하와 위로도 함께 전했다. 이지영 기자 lee.jiyoung2@joongang.co.kr",50.46436570899999,34.062580032000014,8.242641109000001
1,20,2021.05.02 ,"""15살 소년공도…"" 배달청소년 지원 이재명 꺼낸 40년 전 사고",이가영,"이재명 경기도지사가 4월 28일 오후 서울 중구 명동성당에서 정진석 추기경 조문을 마친 뒤 발언하고 있다. 연합뉴스 이재명 경기지사가 전국 최초 배달노동자 산재 보험료 지원 사업을 시작하며 특히 청소년 노동권에 대한 즉각적인 조치를 강조했다. 이 지사는 2일 페이스북을 통해 ‘2021년 소년공들, 책임 있는 어른이 된다는 것’이라는 제목의 장문의 글을 남겼다. 그는 “정치권에서 청년을 백번 언급하는 것보다 내 삶의 문제부터 즉각 해결하는 것이 먼저”라며 “아슬아슬한 배달 오토바이의 질주를 보며 혀를 차는 것으로는 부족하다”고 글을 시작했다. 최근 배달로 노동을 시작하는 청소년들이 많은데, 경쟁이 심화할수록 라이더들은 더 빨리 달릴 것을 요구받는다. 하지만 산재보험 가입에 대해 알려주는 어른도, 근로계약서 작성은 물론 안전교육조차 받지 못하는 경우가 다수라고 이 지사는 말했다. 그는 “누구라도 다치거나 죽고 싶지 않다”고 했다. 그러면서 자신의 과거를 언급했다. 40년 전 열다섯살 소년공도 그랬다며 “벨트 속에 손이 말려 들어갔지만 누구도 노동법을 설명해주지 않았고 회사는 제가 부주의했다는 얘기만 반복했다. 치료받는 동안 월급은커녕 다친 손을 붕대로 싸매고 일해야 했다”고 회상했다. 이 지사는 “문제의 핵심은 배달노동자들이 특수고용으로 분류되어 법상으로는 ‘16살 사장’인데 현실은 일상적 갑질에 노출된 노동법 사각지대”라고 봤다. 이어 “최소한 청소년들에 대해서는 즉각적인 조치가 필요하다”고 강조했다. 그는 “할 수 있는 일부터 하고 있다”며 “경기도는 최초로 배달노동자 산재 보험료 지원 사업을 시작했다”고 알렸다. 배달 노동자 2000명을 대상으로 산재 보험료 부담금의 90%를 최대 1년간 지원하며 여기에는 만 18세 미만 청소년 300명도 지원 대상에 포함된다. 이 지사는 “무턱대고 청년들을 호명하기 이전에 당장 내 삶을 바꾸는 변화부터 시작할 때”라며 “괜찮은 어른이 된다는 것은 불가능에 가까운 도전일 수 있겠지만 적어도 일하다 다치거나 죽지는 않게, 청년을 기만하지 않는 어른은 되어야 다른 사회개혁의 과제도 함께 이루어낼 수 있다”고 덧붙였다. 이가영 기자 lee.gayoung1@joongang.co.kr",167.89562473299998,135.388275434,21.599075815000017
2,43,2021.05.01 ,"이재명 ""실력없이 요행만"" 윤희숙 ""저렴한 논쟁 만들지말라""",김은빈,"윤희숙 국민의힘 의원(왼쪽)과 이재명 경기도지사. 연합뉴스·뉴스1 윤희숙 국민의힘 의원은 1일 '재산비례 벌금제'와 관련해 페이스북에서 설전을 벌인 이재명 경기지사를 향해 ""하석상대와 인신공격으로 철학의 빈곤을 메꾸는 것 같다""고 비판했다. 윤 의원은 이날 오전 페이스북에 올린 글에서 ""이틀을 고민해 내놓은 답변이 겨우 '세금으로 운영하는 복지와 질서유지를 위한 제재의 원리가 같을 수 있냐'인가""라며 ""왜 각자 상황이 다른 국민들에게 똑같은 액수를 지원해야 하는지, '벌금액은 개인 형편에 따라 달리해야 공정'이라며 현금지원은 왜 '형편을 무시하고 동일 액수를 지원해야 공정'인지 말이다""고 강조했다. 이 지사가 ""실력 없이 상대의 실수·실패를 기다리며 요행만 바란다""고 한 데 대해선 ""지사님의 실수를 기다릴 만큼 한가하지 않다""며 ""대선 후보로서 최소한의 일관성을 갖췄는지, 그 바탕에 지도자로서의 철학이 존재하는지를 궁금해하는 국민의 한 사람으로 질의 드린 것""이라고 맞받아쳤다. 이어 ""준비가 되면 답변하고, 준비 안 된 상태에서 이 논쟁을 저렴하게 끌어내지 마시라""며 ""'해외유학에 박사학위'를 불필요하게 언급하는 건 '전문가에 대한 반감을 조장해 연명하는 포퓰리스트 정치가'라는 의심을 스스로 증명할 뿐""이라고 했다. 관련기사이재명 '차등벌금' 뒤끝? ""野, 상대 실수 바라는 정치 그만하라""유승민, '벌금차등' 이재명에 ""왜 기본소득은 똑같이?""이재명 ""반론 덕에 '공정벌금' 주요의제, 감사""…윤희숙 ""내 발언 왜곡"" 윤 의원은 또 ""보편복지와 선별복지를 연구해온 전문가로서 준비에 참고하라는 의미에서 한말씀 드리겠다""며 ""어떤 나라도 보편복지냐 선별복지냐 하며 국가 수준에서 논쟁하지 않는다. 양자를 대립시켜 택일해야 할 것처럼 오도한 것은 이 지사님 같은 분들이 각자의 브랜드 만들기에 복지시스템을 악용한 정치쇼일 뿐""이라고 직격했다. 아울러 ""제가 ‘선별복지 주장하니 벌금도 선별을 주장해야 한다'는 지사님의 말씀은 반복적으로 나타나는 지사님의 부주의하거나 의도적인 오독""이라며 ""‘재산비례벌금이 공정’이라 주장하신 지사님과 달리, 저는 ‘차등벌금’이 어떤 의미에서 공정 또는 불공정인지 사회적 논의를 통해 발견해가야 할 문제라 주장했다""고 밝혔다. 김은빈 기자kim.eunbin@joongang.co.kr",292.6477411690001,232.37054463100003,36.534645162000025
3,48,2021.05.01 ,"이재명 ""땀의 가치 천대받는 사회…불로소득자 우위 타파할 것""",김은빈,"이재명 경기지사. 연합뉴스 이재명 경기지사가 1일 근로자의 날을 맞아 ""일하는 사람들의 꿈이 더는 짓밟히지 않도록 불로소득자 우위의 사회를 타파하고, 땀의 공정가치와 근로소득의 실질가치가 보장되는 사회를 반드시 열어갈 것""이라고 밝혔다. 이 지사는 이날 페이스북에 올린 글에서""땀흘려 일한 근로소득으로는 급격히 벌어지는 자산격차를 따라갈 수 없어, 대한민국은 땀의 가치가 천대받는 사회로 전락해가고 있다""며 이같이 말했다. 그는 ""지금 대한민국의 노동이 위기에 놓였다""며 ""가속화되는 디지털 전환과 탈탄소 산업 전환에 따른 대량실업 가능성, 플랫폼노동·특수고용 등 권리 사각지대에 놓인 미조직 노동자의 증가, 저성장시대로의 진입, 대-중소기업 노동자 간 소득격차 확대 등 구조적 난관들이 우리 앞에 있다""고 했다. 이어 ""규칙을 지키지 않는 불로소득자들이 승승장구하는 그런 사회엔 희망이 자리하지 못하고, 정당한 노동의 대가와 노동자의 권리가 보장받지 못하는 나라에는 더 풍요로운 미래는 없다""며""노동의 존엄함이 곧 인간의 존엄함이기에, 노동이 존중받는 세상을 이루는 것이 공정하고 새로운 세상의 출발점이자 종착역""이라고 강조했다. 김은빈 기자kim.eunbin@joongang.co.kr",354.50276020800004,302.8822514159999,45.826735051999954
4,67,2021.04.30 ,"이재명 '차등벌금' 뒤끝? ""野, 상대 실수 바라는 정치 그만하라""",고석현,"이재명 경기도지사. 연합뉴스 이재명 경기도지사가 국민의힘을 향해""실력 없이 상대의 실수, 실패를 기다리며 요행만 바라는 '손님실수정치'는 그만하라""고 공세했다. 앞서 국민의힘 유승민 전 의원, 윤희숙 의원과 벌인 공방에 대한 대응 성격으로 보인다. 이 지사는 30일 자신의 페이스북에""국민의힘이 '공정벌금'을 두고 연일 비판을 이어가더니 급기야 '공정벌금'의 차등적 특성을 기본소득의 보편성과 비교하며 '기본소득이 공정하지 않음을 고백했다'는 삭족적리(削足適履)식 해석을 내놨다""고 주장했다.그가 언급한 '손님실수'는 바둑에서 상대방이 실수하는 요행을 바라며 이길 수 없는 수를 무모하게 계속하는 경우를 꼬집는 말이고, '삭족적리'는 발을 깎아 신발에 맞춘다는 사자성어다. 유 전 의원은 지난 29일 이 지사가 제안한 경제력에 비례한 '공정벌금제'에 대해 ""기본소득은 똑같이 주자면서 벌금은 차등하자고 한다""는 취지로 ""이 지사의 기본소득은 서민을 위한 것도 아니고 공정하지도 못한 것""이라고 비판한 바 있다. 윤 의원도 SNS를 통해 차등 벌금제의 부과 기준이 소득인지, 재산인지를 놓고도 이 지사와 공방을 벌였다. 이에 대해 이 지사는 ""같은 것은 같은 잣대로 다른 것은 다른 잣대로가 상식인데, 세금으로 운영하는 복지와 질서유지를 위한 제재의 원리가 어떻게 같을 수 있냐""며 ""초등생도 납득 못할 괴변으로 발목을 잡고 상대의 실패만을 자신의 기회로 만들겠다는 국힘당(국민의힘)의 행태가 심히 우려된다""고 말했다 그러면서 ""똑같은 통일도 자신들이 하면 '대박'이고, 민주당이 하면 '종북'이라 비난하는 식의 이중잣대도 문제지만, 다른 것을 같은 자로 재며 비난하는 '만능잣대'는 더 문제""라며 ""(이렇게) 하나의 원칙을 맥락 고려 없이 무조건 적용하는 걸 '원칙혼동의 오류'라고 한다""고 했다. 또""국힘당이 선별복지 주장하니 처벌도 선별해야지요""라고 비꼬며 ""해외유학 경력에 박사학위까지 지닌 뛰어난 역량의 경제전문가들이 국민의힘에서는 왜 이런 초보적 오류를 범하시는지 모르겠다""고 덧붙였다. [이 지사 페이스북 캡처] 고석현 기자 ko.sukhyun@joongang.co.kr",471.0258915150006,385.1619772859992,60.581974335999796
5,75,2021.04.30 ,이낙연의 멘토 김연명 ‘신복지’ 로드맵 발표…이재명 기본소득 압박하나,심새롬,"30일 서울 여의도 국회의원회관에서 열린 더불어민주당 국민생활기준 2030 범국민특별위원회 활동보고 간담회에서 홍익표 공동위원장(왼쪽부터), 고영인 간사(의원), 김연명 공동위원장(중앙대 교수)가 의견을 나누고 있다. 뉴스1 더불어민주당 ‘국민생활기준 2030 범국민특별위원회’가 30일 첫 활동 결과를 내놨다.‘신(新)복지’란 말이 빠져 있지만, 이낙연 전 민주당 대표가 “2030년까지 달성할 국가의 목표를 세우자”며 대표 시절 설치한 위원회다.특위 간사인 고영인 의원은 이날 활동보고 간담회에서 “이번 대선이 당 중심 선거로 치러져야 하고, 특정 후보의 캠프 중심으로는 승리가 어렵다는 문제의식이 공히 있다”고 당 차원의 대선 공약 기지화를 예고했다. 이낙연의 그림자 특위 공동위원장을 맡은홍익표 민주당 정책위의장은 “소득·주거·돌봄·의료·문화체육·환경·교육·노동 등 위원회 산하에 8개 분과를 마련했다”며“오는 9월까지 구체적인 국민생활보장 최저기준과 적정기준을 마련하고, 국민 여론 수렴을 거쳐 이행 로드맵을 확정하겠다”고 밝혔다.공공임대주택 대폭 확대, 초등학생 온종일 돌봄제, 공공의료기관 확충, 자원 순환시스템 등이 각 분과에서 서너개씩 추린 정책 목표 중 핵심 의제들이다. 지난해 8월까지 청와대 사회수석을 지낸 김연명 중앙대 교수가 홍 의장과 공동으로 특위를 이끌고 있다. 이 전 대표는 지난 2월 퇴임을 2주 앞두고 한 중앙일보 인터뷰에서“4개월 전 김 교수에게 ‘현 정부에서 못했던 걸 새로 만들어보자’고 제안해 신복지 구상이 나왔다”고 했다. 문재인 정부 정책의 보완·계승 차원에서 김 교수를 자신의 ‘정책 멘토’로 초빙했단 취지였다. 30일 특위 보고에서 김연명 공동위원장(오른쪽)의 발언을 홍익표 공동위원장(왼쪽)이 듣고 있다. 이낙연 전 대표가 지난 2월 들고 나온 '국민생활기준 2030'은 최소한의 인간다운 삶을 위한 '최저기준'을 보장하면서 2030년까지 중산층 수준의 '적정기준'에 도달하자는 의미의 개념이다. 뉴스1 김 교수는 이날 “우리 위원회는 이낙연 전 당대표 요청으로 지난 2월 26일 활동을 시작했다”고 못 박았다. “확정된 의제는9월에 정해질 민주당 대선 후보에게 보고해 명실상부한 민주당의 핵심 공약이 될 수 있도록 하겠다”는 강조가 잇따랐다. 친문 호응 속…이재명계‘불편’ “10년 뒤를 내다보며 국민소득 4만 달러 시대에 부응하는 대한민국 복지의 새로운 틀을 세우겠다”, “신복지는 이낙연의 비전이 아니라 민주당의 비전”이라는 주장은이 전 대표가 재임 시절 올 2월 국회 본회의 교섭단체 대표연설 등에서 했다. 퇴임과 재·보선 패배로 이 전 대표가 힘을 잃은 지금까지 특위가 견실히 활동을 이어 온 배경에는 민주당 주축을 이루는 친문(친문재인) 진영의 동조가 있다는 분석이 나온다. 최고위원을 지낸 한 친문 의원은“후보가 누가 됐든 대선 공약은 당 정책기구가 선(先) 확정할 필요가 있다”며“당 차원의 대선 공약 발전이 일찍부터 필요하다는 데 많은 의원이 현 정부 출범 이전부터 공감대를 형성해왔다”고 말했다. 이날 “좋은 어젠다를 잘 발굴하고 국민 삶을 책임진다는 전제로 우리 위원회가 열심히 하겠다”고 말한 홍익표 위원장(3선) 역시 당내 손꼽히는 친문 인사다. 이재명 경기지사(왼쪽)과 이낙연 전 더불어민주당 대표. 연합뉴스 ‘신복지=민주당 대선 공약’을 시도하는 움직임에 세를 불리고 있는 이재명계 의원들은 마뜩잖은 기색이다. 경선 돌입 전이라 공개 대응하는 분위기야 아니라지만 “여전히 만연한 당내 반(反) 이재명 세력의 견제가 정당한 당내 경선을 해칠 수 있다”(수도권 중진)는 목소리가 나왔다. 이재명 경기지사 지지 모임인 ‘대한민국 성장과 공정 포럼’에 참여 중인 한 의원은 “대선 후보 확정 이후에는 공약이든 정책이든 후보 본인이 당무에 주도권을 쥐는 게 당연한데, 미리부터 저러는 건 되레‘현재 스코어상 이재명 외엔 대안이 없다’는 일종의 위기감의 발로 아니겠느냐”고 말했다. 앞서 이 전 대표는 자신의 신복지 구상이 “(이재명 경기지사의) 기본소득론 보다 좀 더 종합적”이라며 기본소득과 신복지는 양립 관계가 아니라는 뜻을 밝힌 적이 있다. 특위는 이날‘아동수당 등 현행 소득보장제 확대, 근로빈곤계층 지원, 새로운 불평등 대응’ 등 기존 보편복지를 새로운 필요에 맞춰 확대하는 방향을 소득 분야 로드맵으로 제시했다. 전국민에 같은 금액을 주는 기본소득과는 다른 길이다. 심새롬 기자 saerom@joongang.co.kr 관련기사몸집키우는 이재명…포럼에 조정식·노웅래 중진 가세할 듯정책으로 기사회생 노리는 이낙연 “대선은 회고 아닌 미래”이재명 1380만 시간에 與 발끈 ""보자보자 하니 오만함이…""",723.236884705999,541.9197396819981,96.40009494299976
6,91,2021.04.30 ,"정동영 악몽, 곁에서 봤다···""달라도 차별화 없다""는 이재명",김준영,"“다름은 있더라도 차별화는 없다”(지난 22일 페이스북)는 이재명 경기지사의 대선 핵심 노선이다. 그는 러시아산 스푸트니크 V 백신 도입을 주장하며 정부와 다른 목소리를 낼 때도 ‘민주당 정체성’과 ‘원팀 정신’을 거듭 강조했다.“(문재인 정부와의) 차별화만으론 대선에서 승리할 수 없다. 기본적으로 노무현·문재인 정신을 계승 발전시키는 틀에서 대선을 치를 것”이라는 게 이 지사 측의 설명이다. 이재명 경기도지사. 연합뉴스 ‘차별화’ 앞세운 DY 참패의 기억 이 지사는 지난 22일 “누가 뭐래도 민주당은 저의 요람이며 뿌리다. 정치 입문 이래 한 번도 당을 떠난 적이 없고, 앞으로도 그럴 생각이 없다”고 말했다. 지난 수년간 친문(親文) 진영 일각에서 거론돼 온 ‘이재명 탈당설’에 대한 강력한 부인이었다. 이 지사 측의 한 핵심 의원은 2007년 정동영(DY) 전 대통합민주신당 대통령 후보의 실패를 반면교사로 언급했다. 그는 “과거 노무현 전 대통령은 김대중 전 대통령 국정 지지율이 낮을 때에도 김대중 정신을 계승했고 결국 승리했다. 반면 DY는 정반대의 길을 가서 패배했다”고 지적했다. 2007년 8월 5일 서울 송파 올림픽공원에서 열린 대통합민주신당 창당대회에서 정동영 전 열린우리당 의장이 축사 후 손을 들어 인사하고 있다. 연합뉴스 DY는 노무현 정부 때 통일부 장관, 여당(열린우리당) 의장을 맡았다가, 2007년 탈당해 대통합민주신당을 창당했다. 지지율이 뚝 떨어진 노 대통령과 차별화에 나선 행보였다. 대통합민주신당 대선 주자로 확정된 뒤엔 이런 선 긋기가 더 강해졌다. 2007년 9월 11일 노무현 대통령이 청와대 춘추관에서 긴급 기자간담회를 연 모습. 이날 노 대통령은 “옛날 열린우리당의 무슨 지도자라고 하는 사람(DY)도 ‘차별화’라고 해서 참여정부를 공격하는 것을 선거 전략으로 채택했다. 졸렬한 전략이다. 필패전략 아닌가. 제가 아무리 지지도가 낮지만 그래도 상당수의 충성스러운 사람들이 있다”고 말했다. 중앙포토 이에 노 대통령은 대선을 100일 앞둔 기자간담회(2007년 9월 11일)에서 DY의 ‘차별화’에 대해 “졸렬한 전략이다. 필패 전략 아닌가”라고 비판했다. 예언은 현실이 됐다. “노무현 정부와 완전히 다른 정부”를 공언한 DY의 대선 득표율은 26.1%에 불과했다. 야권이 이명박 한나라당 후보와 이회창 무소속 후보로 분열됐던 점을 고려하면 기록적인 참패였다. 당시 이 지사는 DY 캠프 조직인 ‘정동영과 통하는 사람들’(정통들) 공동대표였다. 2007년 12월 19일 실시된 17대 대선 결과. 네이버 캡처 李 “金ㆍ盧ㆍ文 끌어온 수레, 밀어갈 것” DY계로 정치 입문을 한 이 지사 역시 이런 사실을 잘 알고 있다. 그는 “수평적 정권교체의 역사적 과업을 이루신 김대중 대통령님, 권위주의를 청산하고 참여민주주의를 여신 노무현 대통령님, 촛불 항쟁의 정신 위에 3기 민주정부를 이끌고 계신 문재인 대통령님께서 앞장서 끌어오신 수레를 민주당원들과 함께 저 역시 힘껏 밀어갈 것”(22일 페이스북)이라며 민주당의 본류를 자처하고 있다. 이 지사는 지난 3월 문 대통령의 외교·안보 멘토인 문정인 세종연구소 이사장을 경기도 국제평화교류위원회 위원장으로 위촉했다. 지난 25일엔 문 대통령의 대선 공약이었던 ‘재산비례 벌금제’ 도입을 공개적으로 촉구했다. 명칭은 ‘공정벌금제’로 바꿨다.이 지사 측은 “문 대통령의 제도를 계승하면서도, 본인의 정책 브랜드로 업그레이드시킨 것”이라고 설명했다. 최근엔 친문 인사들과의 접점 찾기도 활발하다. 2016년 국민의당 돌풍 때 민주당에 잔류하며 문 대통령의 ‘호남 버팀목’이 되었던 민형배 의원이 지난 1월 가장 먼저 이 지사 지지를 선언했다. 이 지사 측은 다음 달 발족하는 지지 의원모임(대한민국 성장과 공정 포럼)에 최대한 많은 친문의원을 영입하겠단 계획이다. 포럼에 관여하는 한 의원은 “민 의원뿐 아니라, 또 다른 청와대 출신 의원도 포함될 예정”이라고 말했다. 친문도 “공정벌금 찬성”…완전 결합 가능할까? 민주당 내 친문 의원들의 태도도 조금씩 바뀌고 있다. 연초만 해도 이 지사의 전국민 재난지원금 주장을 비판했던 친문 김종민 의원은 지난 28일 페이스북에 “공정벌금제는 문 대통령의 공약이기도 하다. 이 지사의 공정벌금제를 찬성한다”는 글을 올렸다. 김종민 더불어민주당 의원이 28일 올린 페이스북 게시글. 페이스북 캡처 강성 친문들이 주로 활동하는 민주당 당원 게시판에선 최근 이 지사를 비판해온 한 권리당원이 당 윤리심판원에 의해 제명되는 일도 있었다. 지난 16일 당선된 윤호중 원내대표가 이해찬 전 대표의 복심인 것도 주목할 부분이다. 이해찬 전 대표는 과거 이 지사에 대한 당내 징계 요구를 일축했고, 현재도 이 지사와 가깝게 지낸다고 한다. 하지만 이 지사가 친문과 완전히 결합할 수 있을지는 미지수다. 아직도 적지 않은 친문 의원들이 이 지사와 이낙연 전 대표가 아닌 ‘친문 제3후보론’에 대한 의지를 나타내고 있다. 일각에선 정세균 전 총리가 그런 역할을 수행할 거란 관측도 나온다.엄경영 시대정신연구소장은“일부 친문이 분화돼서 이 지사에게 흡수될 순 있지만, 친문 전체와 이 지사가 융화되기엔 어려워 보인다”고 말했다. 김준영 기자 kim.junyoung@joongang.co.kr",941.4978358259975,725.6509994509966,139.64770351199985
7,99,2021.04.30 ,방역 놓고 맞붙은 정세균·이재명…정 측 ‘권투는 끝까지 가봐야’ 영상 도발,오현석,"‘정세균TV’에선 과거 권투경기 장면을 자신의 경쟁력 홍보에 이용하고 있다. [유튜브 캡처] “내용을 잘 알게 되면 그런 말씀을 하기 어려울 텐데 그분이 중대본 회의에 잘 안 나오셨던 것 같다.”(정세균 전 국무총리) 정 “중대본 회의에 잘 안 나와” 공격이 “지사 1시간은 1380만 시간” 반격 “경기도지사의 1시간은 1380만 시간의 가치가 있다. 도민의 삶을 개선하기 위해 효율적이고 급한 데 그 시간을 썼다 이해해 달라.”(이재명 경기지사) 이재명 지난해 2월 신천지 과천본부를 직접 찾아 ‘코로나 해결사’로 나섰던 이재명 지사와 ‘코로나 총리’라 불리던 정세균 전 총리가 방역을 주제로 연일 충돌하고 있다. 6월 말로 예정된 더불어민주당 대선후보 예비경선을 두 달여 앞두고서다. 최근 이 지사가 러시아산 백신인 ‘스푸트니크V’의 도입 검토를 촉구하자 정 전 총리가 백신 ‘과잉 공급’ 가능성까지 거론하며 연일 공격에 나선 모양새다. 29일 정 전 총리 측이 운영하는 유튜브 채널 ‘정세균TV’엔 과거 권투경기 장면을 두 사람의 경쟁에 빗댄 영상까지 올라왔다. 정 전 총리가 자신의 낮은 지지율에 대해 “지지율은 꼭 필요할 때 있어야 된다. 꼭 필요할 때 없으리란 보장이 없지 않으냐”고 말한 인터뷰 영상을 권투시합 장면과 교차 편집한 뒤 “마지막에 웃는 자는?”이란 자막으로 끝맺은, 일종의 도발 영상이었다. 정세균 이 지사 역시 정 전 총리의 잇따른 공격을 권투에 비유하기도 했다. 이 지사는 전날(28일) 경기도 기본소득박람회 개막식 후 기자들과 만나 최근 정 전 총리의 발언에 대해 “권투경기는 상대를 때려야 하는 것이고, 경쟁에서 자신이 더 낫다는 점을 설득하기 위해 상대를 때리는 건 당연한 일”이라며 “본인이 더 역량 있다고 말하려고 했던 것 중 일부일 뿐, 저를 공격하려고 했겠나”라고 말했다. 두 사람의 거듭되는 설전에 대해 전문가들은 “후발 주자 정 전 총리에겐 당연한 수순”이란 해석을 내놓았다. 엄경영 시대정신연구소장은 “정 전 총리 입장에선 경선 구도를 ‘이재명 대 정세균’ 양강 구도로 만들고 싶을 것”이라며 “반면에 이 지사 입장에선 이낙연 전 대표가 정 전 총리의 상승세를 잘 견디며 1강 2중 구도가 오랫동안 유지되길 바랄 것”이라고 말했다. 여권 대선후보들의 장외 신경전도 점점 잦아지고 있다. 정 전 총리는 지난 28일 광주를 직접 방문해 5·18 국립묘지를 참배하고 “당내 많은 인재와 힘을 합쳐서 기필코 정권 재창출을 이루겠다”고 밝혔다. 이낙연 전 민주당 대표 역시 다음 달 8일 ‘신복지 2030 광주포럼’ 창립총회에 참석할 예정이다. 앞서 이 지사 측 김남국 의원은 지난 24일 강위원 경기도 농식품진흥원장과 함께 광주를 방문해 이 지사 지지모임 ‘기본소득 국가로 서민의 벗 더불어 K’ 창립 출범식에 참석했다. 오현석 기자 oh.hyunseok1@joongang.co.kr",1069.980381676995,817.4256419819957,178.34529527200033
8,115,2021.04.29 ,"이재명 1380만 시간에 與 발끈 ""보자보자 하니 오만함이…""",배재성,"이재명 경기도지사가 28일 오전 경기도 고양시 킨텍스에서 열린 '2021 대한민국 기본소득 박람회'에서 기자들의 질문에 답변하고 있다.뉴스1 여권에서 대권 지지율 1위를 달리는 이재명 경기지사에 대한 견제가 거세지고 있다. 이 지사가 러시아 백신 도입, 기본시리즈 등 정책 차별화에 나선 것을 고리로 비판 수위를 높이며 존재감 부각에 나서는 모습이다. 김두관 의원은 29일 페이스북에서 “도정과 국정은 전혀 다른 차원의 문제일 수 있다”며 “모든 현안에는 이분법적으로 이것 아니면 저것으로 규정할 수 없는 복잡한 문제가 있다”고 지적했다. 그러면서 “정부와 국회, 특히 당과 충분히 협의하는 리더십을 보여달라”고 이 지사에게 요청했다. 이 지사의 기본주택 정책에 대해서도 “기본주택을 주택정책의 근간 또는 핵심 정책으로 삼게 되면 국민이 바라는, 중산층으로 이동할 수단인 내 집 마련은 정책에서 실종될 우려가 크다”고 했다. 정세균 전 총리도 연일 언론 인터뷰 등을 통해 이 지사를 비판하고 있다. 그는 이 지사의 러시아 스푸트니크V 백신 도입 주장에 대해 “백신 구매는 식약처나 질병청, 보건복지부가 중심이 될 일로, 지자체가 할 일은 아니다”라며 “혼란만 초래할 수도 있다”고 지적했다. 또 이 지사가 중앙재난안전대책본부(중대본) 회의에 여러 번 결석했다면서 “정부의 노력이나 현재 상황을 알면 그런 말씀을 할 필요가 없다”고 말했다. 이후 이 지사가 해명을 내놨는데 이는 또 다른 주자 진영의 반발을 불러일으켰다. 이낙연 전 더불어민주당 대표의 측근인 정운현 전 국무총리 비서실장은 지난 28일 이재명 지사가 “경기지사의 1시간은 1380만 시간에 해당한다”고 하자 “보자보자 하니해도해도 너무하다”며“이 지사의 궤변과 오만함이 도가 지나치다”고 문제삼고 나섰다. 이 지사의 ‘1380만 시간’ 발언은 전날 고양 킨텐스에서 열린 ‘2021 대한민국 기본소득 박람회’ 개막식 후 기자들과 만난 자리에서 나왔다. 그는 정 전 총리의 발언에 대해서도 “권투 경기는 상대를 때려야 하는 것”이라며 ‘대선 경쟁자의 견제성 발언’으로 의미를 축소했다. 정 전 실장은 이 지사의 ‘1380만의 시간’ 언급에 대해 “그런 식이면 총리의 1시간은 (국민) 5000만의 시간이 된다. 그런 총리가 할 일이 없어서 중대본 회의에 참석했겠는가”라고 반문했다. 사진 SNS 캡처 정 전 실장은 “어쩌다가 이 지사가 진짜 바쁜 일 때문에 한 두번 불참했을 수는 있지만 평소 중대본 회의 참석률이 저조했다면 오히려 총리께 정중히 사과드리는 게 하급자로서 도리가 아닌가”라고 질타했다. 이어 정 전 실장은 “요즘 이 지사의 언행을 보면 비교적 높은 지지율에 취한 듯하다”며 “미래에 큰 뜻을 두고 있다면 매사에 더 성실하고 언행에 진중하라”고 했다. 배재성 기자 hongdoya@joongang.co.kr",1217.8375010879922,935.829304934996,205.45713079400073
9,125,2021.04.29 ,이재명 “청년세대 ‘특혜’ 아닌 '공정'을 원해”,배재성,"이재명 경기도지사가 28일 오전 경기도 고양시 킨텍스에서 열린 '2021 대한민국 기본소득 박람회'에서 기자들의 질문에 답변하고 있다. 뉴스1 이재명 경기도지사는 29일 “청년세대는 ‘공정’을 원하지 ‘특혜’를 원하고 있지 않다”고 밝혔다. 이 지사는 이날 페이스북에서 “(재보궐) 선거를 앞두고 (제가) ‘청년은 전통적 진보·보수라는 이분법을 거부한다’고 말씀드렸지만, 여전히 우리 정치가 청년세대를 있는 그대로 직시하고 있는지 의문”이라며 이렇게 말했다. 이 지사는 “저는 찢어지게 가난했지만 기회가 많던 시대를 살았다”며 “서슬 퍼런 군부독재가 계속되고 제도적 민주화가 불비하여 지금보다 불공정은 훨씬 많았지만, 오늘보다 나은 내일을 꿈꾸는 데는 모두 주저함이 없었다. ‘젊어서 고생은 사서도 한다’는 말도 그래서 가능했을 것”이라고 말했다. 이 지사는 “지금 청년들이 사는 세상은 사회의 성장판이 예전 같지 않아 선택지는 줄었고 부모의 재력에 따라 나의 미래가 결정되는 신분제에 가까운 ‘세습자본주의’가 심화했다”며 “노동해서 버는 돈으로는 치솟는 집값을 감당할 수 없으니 주식과 비트코인에 열중하는 것은 당연한 수순”이라고 했다. 그는 “비단 몇몇 군 관련 정책으로 청년 남성의 마음을 돌리려는 시도는 성공하기 어려워 보인다”며 “청년 여성도 청년 남성도 각각 성차별적 정책이 있다고 호소하고 있다면 있는 그대로 내어놓고 토론하고 합의 가능한 공정한 정책을 도출하면 된다”고 말했다. 그러면서 “근본적인 해결책은 지속 가능한 성장의 동력을 다시 만들어내는 것”이라며 “제가 줄곧 말씀드리는 기본소득, 기본주택, 기본금융 모두 그 방향을 향하고 있다”고 강조했다. 이는 부동산 정책 혼선과 공직자 투기 사태에 이은 암호화폐 논란으로 여권에 대한 2030 청년 민심이 들끓는 상황에서 여권 유력 대선주자로서 청년세대에 자신의 정치철학인 ‘공정’의 가치를 부각하려는 것으로 읽힌다. 여당에선 2030 표심을 잡기 위해 군 가산점제 부활론, 가상화폐 대책 등이 잇따라 나오고 있다. 배재성 기자 hongdoya@joongang.co.kr",1318.5608797639902,1018.8673622769956,217.27408593100117
10,128,2021.04.29 ,"차기 대권 지지율 이재명 24%, 윤석열 23%…1%P 차 접전",오원석,"문재인 대통령이 29일 광주광역시 광산구 광주글로벌모터스에서 열린 '광주글로벌모터스 준공 기념 행사'에 모두 발언을 하고 있다. [청와대사진기자단] 문재인 대통령의 국정운영 지지율이 저번 조사보다 상승했다는 여론조사 결과가 29일 나왔다. 반대로 부정적인 평가는 줄었다. 엠브레인퍼블릭·케이스탯리서치·코리아리서치·한국리서치 등 4개 여론조사 업체가 실시하고 이날 발표한 전국지표조사(NBS·National Barometer Survey)에 따르면 문 대통령의 국정운영에 대한 긍정평가 비율은 38%로 나타났다. 지난주 조사(35%)보다 3%p 올랐다. 부정적인 평가는 56%로 집계돼 지난주 조사(59%)보다 3%p 하락했다. 연령별로 보면 40대(긍정 51%, 부정 45%)를 제외한 모든 연령대에서 부정적인 평가가 앞섰다. 지역별로는 광주·전라(긍정 68%, 부정 29%)를 제외한 전 지역에서 부정평가가 긍정평가보다 높은 것으로 파악됐다. 차기 대선후보 적합도 조사에서는 이재명 경기도 지사(24%)가 윤석열 전 검찰총장(23%)을 1%p 차로 앞서 근소한 우위를 보인 것으로 나타났다. 이낙연 전 더불어민주당 대표는 7%를 기록해 지난주 조사보다 1%p 떨어지며, 이 지사와 윤 전 총장의 양강구도가 이어졌다. 연령대별로 보면 40대(이 지사 44%, 윤 전 총장 15%)와 50대(이 지사 37%, 윤 전 총장 23%)는 이 지사를, 60대(이 지사 12%, 윤 전 총장 43%)와 70세 이상(이 지사 6%, 윤 전 총장 33%)에서는 윤 전 총장을 더 많이 지지하는 것으로 나타났다. 이번 조사는 26~28일 전국 만 18세 이상 남녀 1001명을 대상으로 이뤄졌다. 휴대전화 가상번호(100%)를 이용한 전화면접조사로 실시됐으며 표본오차는 95% 신뢰수준에서 ±3.1% 포인트다. 자세한 내용은 중앙선거여론조사심의위원회 홈페이지를 확인하면 된다. 오원석 기자 oh.wonseok@joongang.co.kr",1398.5513100469893,1068.8013045969958,239.0751370850013
11,131,2021.04.29 ,"진중권 ""이낙연 멍청, 정세균 노매력…결국 이재명으로 간다""",고석현,"여권 대선주자인 이재명 경기지사, 이낙연 민주당 대표, 정세균 국무총리(왼쪽부터). 연합뉴스 진중권 전 동양대 교수가 ""더불어민주당은 시스템상 쇄신은 불가능하다. 이제 완전히 맛이 갔다""고 평가하며 여권 대선주자들에서도 독설을 쏟아냈다. 진 전 교수는 28일 공개된 유튜브채널 '시사저널TV' 영상에 출연해 여권 대선주자들에 대해 이낙연 전 민주당 대표는 ""전략적으로 멍청하다"", 정세균 전 총리는 ""인간적인 매력이 하나도 없다"", 이재명 경기도지사는 ""(대선까지) 쉽지 않은 게임이 될 것""이라고 평가했다. 또 ""어차피 이재명으로 가야 하는데, 친문(親文)과 이재명이 어떻게 붙을지 피차 딜레마에 빠져있다""고 평가했다. 진중권 전 동양대교수가 28일 공개된 유튜브채널 '시사저널TV' 영상에 출연해 여권 대선주자들에 대해 혹평했다. [유튜브 '시사저널TV' 캡처] 그는 이 전 대표에 대해 ""이미 보궐선거 참패로 아웃""이라며 ""선거에 후보를 내면 안 됐다""고 비판했다. 또 ""올바른 결정을 내리는 게 당 대표의 역할인데 오히려 후보 내서 심판받겠다고 했다. 그럼 심판받았으니 그럼 (재야로) 가셔야 한다""며 ""정치·윤리적으로 올바르지 않았고, 전략적으로도 멍청하다. 이런 사람이 어떻게 대한민국을 이끌어가겠느냐""고 했다. 정 전 총리에 대해선""(당선될) 가망이 없다""며 ""친문한테 절대적 지지받을 메리트가 있는 것도 아니고, 이렇다 할 인간적인 매력이 하나도 없다""며 고 했다. 이 지사에 대해선 ""(본인이) 힘들기 때문에 극렬당원 1000명을 내쳐야 한다고 한 것이다. 처음엔 3000명이라더니 2000명을 깎았다""며 ""그들의 지지 없이는 후보가 되기 힘든데, 그들과 함께 갔다가는 대선에서 이기기 힘들다는 딜레마에 빠져 나름대로 타협책을 찾은 게 1000명이고 선 긋기를 하고 있다""고 했다. 이어 ""아주 쉽지 않은 게임이 될 것""이라며 ""(친문진영에선) 이 지사가 문재인 대통령을 공격했던 기억이 강하게 남아있고, 포퓰리즘에 능해 언제라도 뒤통수를 칠수 있다는 불신이 있어 피차 딜레마""라고 덧붙였다. TBS 교통방송 '김어준의 뉴스공장' 진행자 김어준. 뉴스1 ""김어준은 교주역할, 내칠 수 없을 것"" 한편 진 전 교수는 민주당의 '김어준 지키기'에 대해서도 독설을 날렸다. 그는 ""문제는 여당이 '김어준 지키기'를 하고 있다는 것""이라며 ""김어준이 이들의 신앙공동체에서 일종의 교주 역할""이라고 말했다. 또 추미애 전 법무부 장관, 민주당대표 후보인 송영길 의원 등이 김어준을 두둔하는 것이 문제라고 거론하며 ""김어준이 없으면 구심점 사라지는 것이고 그를 내친다는 건 민주당이 선전·선동과 세뇌에 입각한 정치를 하지 않겠다는 선언인데, 그걸 할 수는 없을 것""이라고 덧붙였다. 고석현 기자 ko.sukhyun@joongang.co.kr",1522.2316048349844,1161.1194601889954,268.7224212770019
12,137,2021.04.29 ,"유승민, '벌금차등' 이재명에 ""왜 기본소득은 똑같이?""",오원석,"유승민 전 국민의힘 의원. 연합뉴스 이재명 경기도지사가 주장한 이른바 '재산비례벌금' 설전이 이번엔 이 지사의 기본소득 구상으로까지 옮겨붙을 전망이다. 유승민 전 국민의힘 의원이 이 지사의 비례벌금과 기본소득은 서로 앞뒤가 맞지 않는 주장이라는 논리를 폈다. 유 전 의원은 29일 자신의 페이스북에서 ""'기본소득은 공정하지 않다'고 고백한 이재명 지사의 '공정벌금'""이라고 썼다. 그는 ""이재명 지사의 기본소득은 부자나 가난한 사람이나 똑같은 돈을 주자는 것""이라며 ""재산이나 소득에 관계없이 똑같이 주는 기본소득은 경제적 불평등을 해소하지 못하는 불공정하고 반 서민적 정책이라고 나는 누차 비판해왔다""고 했다. 그러면서 유 전 의원은 ""이 지사는 '재산비례벌금제' 도입을 주장했다. 똑같은 죄를 짓더라도 재산에 따라 벌금에 차등을 두는 것이 공정한 '공정벌금'이라는 것""이라며 ""소득세, 법인세, 재산세, 종부세 등 세금을 정할 때 소득이나 재산에 따라 차등을 두는 것을 우리는 당연하게 생각한다. 심지어 누진세는 소득, 재산이 많을수록 세금을 더 내도록 한다""고 설명했다. 유 전 의원은 ""세금이나 벌금을 소득, 재산에 따라 차등을 두는 것과 똑같은 이치로 정부가 돈을 줄 때는 당연히 가난한 서민에게 더 드려야 한다""라며 ""그런데 왜 기본소득은 똑같이 나눠주나. 이것만 보더라도 이 지사의 주장은 앞뒤가 맞지 않다""라고 이 지사를 비판했다. 그는 ""그러니 기본소득은 서민을 위한 것이 아니고 공정하지 못한 것""이라며 ""이 지사의 공정벌금은 본인의 기본소득이 공정하지 않다는 고백이다""라고 덧붙였다. 그동안 유 전 의원은 이 지사의 기본소득을 비판해왔다. 그는 ""월 소득 100만원인 저소득층과 1000만원인 고소득층에게 똑같은 소득을 지급하는 것은 공정과 정의에 반하고 소비 촉진 효과도 부족하다""고 꼬집은 바 있다. 오원석 기자 oh.wonseok@joongang.co.kr",1612.2797856619832,1252.2680285979945,287.66395989000205
13,141,2021.04.29 ,권투영상 도발까지…이재명 vs 정세균 아슬아슬 방역설전,오현석,"'코로나 총리'라 불렸던 정세균 전 국무총리(사진 왼쪽)는 최근 이재명 경기지사를 연일 비판하고 있다. 중앙포토. “내용을 잘 알게 되면 그런 말씀을 하기 어려울 텐데 그분이 중대본 회의에 잘 안 나오셨던 것 같다.” (정세균 전 국무총리) “경기도지사의 1시간은 1380만 시간의 가치가 있다.도민의 삶을 개선하기 위해 효율적이고 급한데 그 시간을 썼다 이해해달라.” (이재명 경기지사) 지난해 2월 신천지 과천본부를 직접 찾아‘코로나 해결사’로 나섰던 이재명 경기지사와‘코로나 총리’라 불리던 정세균 전 국무총리가 방역을 주제로 연일 충돌하고 있다. 6월 말로 예정된 더불어민주당 대선 후보 예비경선을 두 달여 앞두고서다. 최근 이 지사가 러시아산 백신인 ‘스푸트니크 V’의 도입 검토를 촉구하자, 정 전 총리가 백신 ‘과잉 공급’ 가능성까지 거론하며 연일 공격에 나선 모양새다. 29일 정 전 총리 측이 운영하는 유튜브 채널 ‘정세균TV’엔 과거 권투 경기 장면을 두 사람의 경쟁에 빗댄 영상까지 올라왔다. 정 전 총리가 자신의 낮은 지지율에 대해 “지지율은 꼭 필요할 때 있어야 된다. 꼭 필요할 때 없으리란 보장이 없지 않으냐”고 말한 인터뷰 영상을 권투 시합 장면과 교차 편집한 뒤 “마지막에 웃는 자는?”이란 자막으로 끝맺은, 일종의 도발 영상이었다. 유튜브 '정세균TV' 캡처 이 지사 역시 정 전 총리의 잇단 공격을 권투에 비유하기도 했다. 이 지사는 전날(28일) 경기도 기본소득박람회 개막식 직후 기자들과 만나 최근 정 전 총리의 발언에 대해“권투 경기는 상대를 때려야 하는 것이고, 경쟁에서 자신이 더 낫다는 점을 설득하기 위해 상대를 때리는 건 당연한 일”이라며 “본인이 더 역량 있다고 말하려고 했던 것 중 일부일 뿐, 저를 공격하려고 했겠나”라고 말했다. 두 사람의 거듭되는 설전에 대해 전문가들은 “후발 주자 정 전 총리에겐 당연한 수순”이란 해석을 내놓았다. 엄경영 시대정신연구소장은 “정 전 총리 입장에선 경선 구도를‘이재명 대 정세균’ 양강 구도로 만들고 싶을 것”이라며“반면 이 지사 입장에선 이낙연 전 대표가 정 전 총리의 상승세를 잘 견디며 1강 2중 구도가 오랫동안 유지되길 바랄 것”이라고 말했다. 여권 대선 후보들의 장외 신경전도 점점 잦아지고 있다. 정 전 총리는 28일 광주를 직접 방문해 5·18 국립묘지를 참배하고 “당내 많은 인재와힘을 합쳐서 기필코 정권 재창출을 이루겠다”고 밝혔다. 이낙연 전 민주당 대표 역시 다음 달 8일‘신복지 2030 광주포럼’ 창립총회에 참석할 예정이다. 앞서 이 지사 측 김남국 의원은 지난 24일 강위원 경기도 농식품진흥원장과 함께 광주를 방문해 이 지사 지지모임 ‘기본소득 국가로 서민의 벗 더불어 K’ 창립 출범식에 참석했다. 오현석 기자 oh.hyunseok1@joongang.co.kr",1738.7171396489812,1341.8499131589956,325.66875758300245
14,171,2021.04.28 ,"이재명 ""尹, 일 잘했다"" 평가에···""감싸기 아니다"" 측근 해명",한영혜,"이재명(左), 윤석열(右) 이재명 경기도지사는 28일 야권 대선주자로 거론되는 윤석열 전 검찰총장에 대해 “과거 행위 처벌하는 일을 원칙에 따라 잘했다”고 평가했다. 이 지사는 이날 고양 킨텍스에서 열린 ‘2021 대한민국 기본소득 박람회’ 개막식 후 ‘윤 전 총장을 평가해달라’는 기자들의 질문에 “뭘 알아야 평가를 할 텐데, 아는 게 없어서 평가를 할 수가 없다”면서도 이같이 말했다. 이 지사는 이어 “제가 아는 것은 그분이 나름의 뚜렷한 원칙을 가지고 국가의 입법·사법·행정 등 온갖 영역의 일 중에서 형사사법, 그 중에서도 과거의 행위에 대해 처벌하는 일을 원칙에 따라 잘했다고 생각한다”며 “그 점 때문에 국민들께서 높이 평가하는 것이라고 생각한다”는 견해를 밝혔다. 그러면서 “정치인은 (국민의) 도구이므로 앞으로 학습하고 많이 발전해서 국민이 선택하는 도구가 됐으면 좋겠고, 잘하길 바란다”고 했다. 이를 두고 이 지사가 윤 전 총장을 높이 평가한 것이라는 분석이 나왔지만, 이 지사 측근은 다르게 해석했다. 이에 대해 김홍국 도 대변인은 “발언은 윤 전 총장을 감싼 게 아니다”라며 “윤 전 총장이 적폐 청산 등을 위해 열심히 했지만 이제는 정말 대한민국을 위해 그런 일을 정치적으로 잘해주기를 기대와 충고를 담아 바라는 말”이라고 해석했다. 그러면서 “검사의 역할을 자기 정치에 이용해서는 절대 안 된다”고 강조했다. 이 측근은 “(이 지사와) 민주당과 원팀”이라며 “항상 당과 협력하며 문재인 정부의 성공을 일굴 것”이라고 말했다. 한영혜 기자 han.younghye@joongang.co.kr",1826.4463508279784,1402.1887121959949,345.12816216300274
15,193,2021.04.28 ,"정세균 측 ""이재명 흠집내기? 형수 욕설 육성 틀자고 한 적 없다""",배재성,"정세균 전 국무총리가 지난해 12월 9일 경기도 수원시 팔달구 경기도청에서 신종 코로나바이러스 감염증(코로나19) 대응 중앙재난대책본부회의를 주재하고 있다. 뉴스1 정세균 전 국무총리 측이 28일 차기 대권 경쟁자인 이재명 경기도지사의 욕설이 담긴 음성파일을 공개하겠다는 의혹에 대해 “모두 허위사실”이라고 일축했다. 장성철 공감과논쟁 정책센터 소장은 지난 26일 MBC라디오 ‘표창원의 뉴스하이킥’에서 “정세균 후보 측에선 ‘이번에 제대로 한 번 이재명하고 각을 세우자’ ‘옛날에 형수한테 욕했던 거 육성으로 다 틀어버려서 그냥 흠집 내겠다’ 이런 식의 생각도 하고 있다고 건너건너 전해들었다”고 말했다. 이에 대해 정 전 총리 측은 28일 입장문을 내고 “장 소장의 발언 내용은 모두 허위사실이며 장 소장과 정 전 총리 측 관계자가 어떤 방식으로도 소통한 사실이 없다”고 부인했다. 정 전 총리 측은 “이 지사의 욕설에 대한 사실과 관련해 흠집을 내거나 공격할 어떠한 계획이나 준비가 없음을 명백하게 밝힌다”며 “진행자 표창원과 제작진의 공식적인 사과와 정정보도를 요구하고 허위사실을 유포한 장 소장은 진심 어린 사과와 반성, 프로그램 하차를 요구한다”고 말했다. 대선 출마가 확실시되는 정 전 총리는 퇴임 후 코로나19 백신 도입과 관련해 연일 이 지사와 각을 세우고 있다. 정 전 총리는 이 지사의 ‘경기도 자체 백신’과 관련해 26일 MBC라디오 ‘김종배의 시선집중’에서 “(이 지사가) 원래 중대본(중앙재난안전대책본부) 회의에 참석해야 하는데 잘 안 나온 것 같다”고 비판했다. 그러자 이 지사도 정 전 총리의 ‘백신 과잉 공급 우려’ 발언을 겨냥해 “늑장보다 과잉이 낫다”고 맞받았다. 배재성 기자 hongdoya@joongang.co.kr",1912.137716309977,1463.1590000219949,374.24140974600306
16,215,2021.04.28 ,이재명 “정진석 추기경님께서 어제 선종하셨다. 영원한 안식 기원한다”,이지영,"정진석 추기경이 선종한지 하루가 지난 28일 새벽 명동성당에서 선종미사가 진행되고 있다. 연합뉴스 이재명 경기도지사는 28일 “정진석 추기경님께서 어제 선종하셨다. 애석하다”며 “추기경님의 영원한 안식을 기원한다”고 애도의 뜻을 표했다. 이날 이 지사는 자신의 페이스북에 “‘모든 사람에게 자신이 가진 모든 것을 주겠다’는 마음으로 평생 살아오셨던 추기경께서는 마지막 가시는 길까지 자신의 모든 것을 내어주셨다”고 했다. 이 지사는 “마지막으로 남기신 말씀이 ‘모든 국민이 행복했으면 좋겠다’는 것이었다고 하니 삶의 마지막 순간까지 자신보다 타인을 생각하는 그 너른 품과 진실한 삶의 태도 앞에 한없이 고개가 숙여진다”고 덧붙였다 그러면서 이 지사는 “정진석 추기경님께서 삶으로써 우리에게 남기신 가르침을 잊지 않겠다”며 “추기경님께서 남긴 말씀처럼 모든 국민이 행복할 수 있는 세상을 만들기 위해 미력하지만 저도 제 역할을 다하겠다”고 다짐했다. 정진석 추기경 선종. 그래픽=김영옥 기자 yesok@joongang.co.kr 이어 “추기경님, 부디 그곳에서도 늘 행복하시기를 빈다”고 기원했다. 앞서 지난 27일 오후 10시 15분 천주교 서울대교구 제12대 교구장 정진석 추기경이 노환으로 서울성모병원에서 선종했다. 향년 90세. 이지영 기자 lee.jiyoung2@joongang.co.kr",1974.6839503709753,1507.9381750789946,379.9015932850033
17,218,2021.04.28 ,"이재명 ""반론 덕에 '공정벌금' 주요의제, 감사""…윤희숙 ""내 발언 왜곡""",김은빈,"윤희숙 국민의힘 의원(왼쪽)과 이재명 경기도지사. 연합뉴스·뉴스1 '재산비례 벌금제' 도입을 둘러싼 이재명 경기지사와 윤희숙 국민의힘 의원의 소셜네트워크서비스(SNS) 논쟁이 아직 끝나지 않은 분위기다. 앞서 두 사람은 '재산비례' 용어 사용을 놓고 한차례 논쟁을 벌였지만, 이 지사가 지난 27일 페이스북을 통해 ""모로 가도 서울만 가면 되고, 명칭보다는 실질이 중요하다""며 한 발 물러서는 듯한 모습을 보여 일단락되는 듯 했다. 이 지사는 ""벌금의 실질적 공정성 확보 장치인 만큼 명칭 논쟁도 많으니 그냥 '공정벌금' 어떻겠나""라며 ""윤 의원님의 반론과 의견 덕분에 '공정벌금'이 우리사회 주요의제가 됐으니 진심으로 감사드린다. 논쟁 과정에서 한 제 표현에 마음 상하셨다면 사과드린다""라고도 했다. 그러나 윤 의원은 같은 날 페이스북에 올린 글에서 이 지사가 자신의 발언을 왜곡했다고 주장했다. ""대선후보쯤 되시는 분이니 토론방식 중 몇가지는 꼭 시정해주시기 바란다""면서다. 윤 의원은 ""저는 어제 분명히 '저소득층의 고통을 줄이기 위해 저소득층 대상으로 벌금액을 감경하는 것에 찬성하나, 소득이나 재산에 비례시키는 것은 사회적 수용성을 고려해 (지금으로서) 반대한다'고 밝혔다. 이렇게 분명히 밝혔는데도 '제가 벌금을 소득에 비례시켜야 한다'고 주장했다며 거짓말을 한다""며""의도적 왜곡이 아니라면, 상대방의 독해력을 문제 삼으신 분으로서 일단 글을 찬찬히 읽으셔야 할 것 같다""고 했다. 또 그는 ""(이 지사가) 상대방 지적에 물타기로 반응했다""며 ""(이 지사가) 예로 든 핀란드를 비롯해 몇몇 국가에서 사용하는 일수벌금제(day-fine)의 다른 명칭이 엄연히 소득기반벌금제(income based fine)인데도 굳이 '재산비례'라 왜곡하신 이유가 무엇인지 질의드린 것""이라고 되짚었다. 이어 ""작금의 한국사회에서 소득과 재산의 구별이 얼마나 중요한지 몰랐나, 아니면 '재산비례'라는 말로 국민 편가르기를 시도했냐는 질문인데, '서울만 가면 모로 가도 그만'이라 대답하신 것은 '소득과 재산 구분의 중요성을 놓쳤을 뿐 의도적 왜곡이 아니었다'는 간접적 인정""이냐""고 반문했다. 윤 의원은 ""선별복지는 절대 반대, 선별 벌금은 공정하다는 이재명 지사님의 철학은?""이라고 묻기도 했다. 그는 ""말씀처럼 재산파악이나 기준설정이 완전하지 않더라도 선별적으로 벌금액을 매기는 것이 공정이라면, 국가가 제공하는 현금복지도 부자와 빈자에게 실질적 효과가 동일하기 위해서는 어려운 사람을 더 지원해야 하지 않나""라며 ""가난한 사람에게 현금지원을 집중하는 선별지원은 반대하시면서 선별벌금만 주장하는 철학과 가치는 뭔지 몹시 궁금하다""고 말했다. 관련기사윤희숙 설전서 한 발 물러난 이재명 ""'공정 벌금' 어떤가""'소득' '재산' 구분 못했을까···윤희숙은 모를 '이재명 비밀' 또 ""같은 범법에 대해 벌금을 재산에 비례시킨다면, 전기나 수도 사용료도 재산에 따라 비례해야 하는지, 국가의 행위 중 벌금만 따로 떼내 공정이 무엇인지를 논하는 것이 얼마나 편협한 시각인지를 말씀드리는 것""이라며 ""국가가 개인에게 돈을 걷고 나눠주는 다양한 통로에서 어떻게 공정을 구현할 것인지는 (시급한 문제는 보수해나가되) 우리사회가 지향하는 공정이 무엇인지에 대한 성찰과 공감대 형성이 필요하다는 뜻으로, 어떤 아이템으로 표를 얻을지에 매몰돼 그때그때 말을 바꾸는 것은 바람직하지 않다""고 비판했다. 김은빈 기자kim.eunbin@joongang.co.kr",2157.883316534974,1658.9439786569928,403.02113097100386
18,225,2021.04.28 ,"세 불리는 이재명, 지지 의원 모임 ‘성공포럼’ 내달 출범",오현석,"이재명 더불어민주당 유력 대선 후보인 이재명 경기지사를 지지하는 국회의원 모임이 다음달 출범한다. 가칭 ‘대한민국 성장과 공정 포럼’(성공포럼)이다. 성공포럼에는 기존 ‘이재명계’ 의원 10여 명 외에도 조정식 전 민주당 정책위의장(5선)과 노웅래 전 민주당 최고위원(4선) 등도 합류할 예정이다. 조정식·노웅래 등 중진 합류 전망포럼 키워드 ‘성장·공정’ 내세워 이 지사 측 핵심 의원은 27일 중앙일보와의 통화에서 “5·2 전당대회가 끝나면 바로 성공포럼을 발족할 계획”이라고 말했다. 성공포럼은 다음달부터 격주마다 서울 여의도 국회에서 열린다. 특히 이 지사측은 포럼 발족을 계기로 외연을 확장한다는 계획이다. 그간 이재명계는 정성호 의원(4선)을 제외하곤, 김병욱·임종성·이규민·김남국 의원 등 경기 지역 초·재선이 대부분이었다. 이에 따라 이해찬 전 대표 시절 당 정책위의장을 지낸 조정식 의원의 합류는 기폭제가 될 수 있다. 조 의원은 2018년 이 지사가 경기지사에 당선된 직후 인수위 공동 상임위원장이었다. 이 지사의 중앙대 선배인 노웅래 전 최고위원도 포럼에서 역할을 맡을 것으로 보인다. 기본소득·기본주택·기본대출 등 ‘기본 시리즈’를 주창했던 이 지사는 최근 공정 담론에 무게를 싣고 있다. 대표적인 게 ‘공정 벌금’ 주장이다. 이 지사는 지난 25일 페이스북을 통해 현행 벌금형의 공정성 문제를 제기하며 “보다 근본적으로 실질적인 공정성을 확보하기 위해서는 ‘재산비례 벌금제’를 도입해야 한다”고 주장했다. 이후 “소득과 재산을 구별하지 못한다”(윤희숙 국민의힘 의원)는 비판이 제기되자, 이 지사는 이날 “모로 가도 서울만 가면 되고, 명칭보다는 실질이 중요하다”고 반박했다. 오현석 기자 oh.hyunseok1@joongang.co.kr",2246.8828532649723,1720.9435276229913,418.10485069300404
19,231,2021.04.27 ,"이재명 “부동산 투기는 만악의 근원, 반드시 뿌리 뽑아야”",나운채,"이재명 경기도지사가 지난 20일 서울 여의도 글래드호텔에서 열린 청소·경비노동자 휴게시설 개선 국회토론회에서 참석자 소개를 들으며 박수치고 있다. 뉴스1이재명 경기도지사가 “부동산 투기는 만악의 근원”이라며 “반드시 뿌리 뽑아야 한다”고 주장했다.이 지사는 27일 자신의 소셜네트워크서비스(SNS)에 글을 올려 부동산 투기에 대해 “땀 흘려 일하는 사람들의 꿈을 짓밟고, 과도한 가계부채와 내수 침체, 제조업 공동화, 빈부 격차로 인한 사회갈등까지 부추긴다”며 이같이 밝혔다.이 지사는 “경기도가 권한은 미미하지만 가진 권한을 최대한 활용해 부동산 불법 투기에 대해서는 일벌백계의 본보기가 되도록 끝까지 추적, 반드시 책임을 지게 할 것”이라고 강조했다.이어 “누군가의 불로소득은 누군가의 억울한 손실”이라며 “경기도에서만큼은 부동산투기가 어렵도록 만들겠다”고 밝혔다. 다만 “안타깝지만 불가능하게 만들 권한은 없다”고 덧붙였다.아울러 이 지사는 SNS에 ‘임대사업자 특혜 폐지가 답이다’라는 제목의 글도 올렸다.이 지사는 “땀 흘려 일하고 내는 근로소득세나 선량한 실거주 1주택에 대한 세금보다 임대사업으로 내는 세금이 적은 건 납득하기 어렵다”며 “실거주 1주택자들도 집값이 오르면 종부세 대상이 되는데 주택임대사업자만은 집값이 올라도 종부세 대상에서 제외하는 예외규정은 명백한 특혜”라고 짚었다. 그러면서 “개인정보라며 비공개돼있는 주택임대사업자와 임대사업 현황 역시 투명하게 공개되어야 한다”라고도 설명했다.이 지사는 “주택시장 교란하고, 집값 폭등 견인하는 주택임대사업자에 대한 특혜를 즉각 폐지하고, 금융 혜택을 제한하며, 나아가 투기 투자 자산이므로 생필품인 주거용보다 강한 조세 부담을 부과해야 할 것”이라고 주장했다.나운채 기자 na.unchae@joongang.co.kr",2318.679704474971,1783.1441739199902,430.2903641160042
20,242,2021.04.27 ,몸집키우는 이재명…포럼에 조정식·노웅래 중진 가세할 듯,오현석,"이재명 경기지사를 지지해 온 더불어민주당 의원들은 다음달 지지 의원 모임인 '대한민국 성공과 공정 포럼'을 공식 발족한다. 이를 계기로 주로 경기 지역 초재선 의원들의 지지를 받아왔던 이 지사가 중진 의원들까지 외연을 확장할 거란 전망이 나온다. 앞줄 왼쪽부터 김병욱 의원, 이 지사, 정성호 의원. 뒷줄 왼쪽부터 김남국, 박상혁, 이규민 의원. 연합뉴스 더불어민주당의 유력 대선 후보인 이재명 경기지사를 지지하는 국회의원 모임인가칭 ‘대한민국 성장과 공정 포럼’(성공포럼)이 다음 달 출범한다. 성공포럼에는 ‘이재명계’로 분류돼 온 의원 10여 명 외에도 조정식 전 민주당 정책위의장(5선)과 노웅래 전 민주당 최고위원(4선) 등 중진 의원들이 추가 합류할 전망이다. 이 지사 측 핵심 의원은 27일 중앙일보와의 통화에서“5·2 전당대회가 끝나면 가입신청서를 받아 바로 성공포럼을 발족할 계획”이라고 말했다. 성공포럼은 다음 달부터 2주에 한 번씩 서울 여의도 국회에서 개최된다. 경우에 따라 이 지사가 직접 포럼에 참석할 가능성도 있다.당초 성공포럼은 이 지사를 지지하는 의원들 사이에서 지난해부터 논의됐으나, 4·7 재·보선과 5·2 전당대회로 인해 발족 시점이 늦춰졌다고 한다. 이 지사 측은 포럼 발족을 계기로 외연을 확장한다는 계획이다. 그간 이 지사 측은 정성호 의원(4선)을 제외하곤, 김병욱·임종성·이규민·김남국 의원 등 경기 지역 초·재선 의원들이 중심이었다. 이 지사 측에선 중진 의원과 비(非)경기권 의원의 합류를 기대해왔다. 이재명 경기지사의 지지 의원 모임 발족을 앞두고, 더불어민주당 조정식 전 정책위의장(5선·오른쪽)과 노웅래 전 최고위원(4선) 등 중진 의원들의 합류 관측이 나오고 있다. 뉴스1 먼저 이해찬 전 대표 시절 민주당 정책위의장을 지낸 조정식 의원의 합류 가능성이 유력하게 거론된다. 조 의원은 2018년 이 지사가 경기도지사에 당선된 직후 경기도 인수위에서 공동 상임위원장을 지낸 경력이 있다.이달 초까지 민주당 최고위원을 지낸 노웅래 의원도 역할을 맡을 가능성이 높다. 노 의원은 이 지사의 중앙대 선배다. 이 지사 측은“거명된 분들 외에도 여러 중진 의원들의 참여를 기대하고 있다”고 말했다. 기본소득 다음 화두는 ‘공정’ 포럼의 키워드가 성장과 공정인 것도 눈여겨볼 대목이다. 기본소득·기본주택·기본대출 등 이른바‘기본 시리즈’를 핵심 정책으로 내세웠던 이 지사가 최근엔공정 담론에 무게를 싣고 있어서다. 과거 기본소득을 앞세웠던 이재명 경기지사는 최근 '공정성'을 부쩍 강조하고 있다. ""새로운 경기, 공정한 세상""은 이 지사가 내세운 도정 모토다. 경기도청 제공 대표적인 게‘공정 벌금’ 주장이다. 이 지사는지난 25일페이스북을 통해현행 벌금형의 공정성 문제를 제기하며“보다 근본적으로 실질적인 공정성을 확보하기 위해서는 ‘재산비례 벌금제’를 도입해야 한다”고 주장했다. 이후 “소득과 재산을 구별하지 못한다”(윤희숙 국민의힘 의원)는 비판이 제기되자, 이 지사는 이날“모로 가도 서울만 가면 되고, 명칭보다는 실질이 중요하다”며 자신의 주장을 ‘공정 벌금’이라 이름 붙였다. 이 지사는 앞서 지난 22일‘경기도 공공기관 이전 난상토론회’에서도 “취임 이래 제일 중요하게 생각하는 가치가 공정한 세상을 만드는 것”이라고 강조했다. 하루 전(21일)엔 경기도의 격차 해소 실행과제 73개를 묶은 ‘불공정·격차 제로(Zero) 추진전략’도 발표했다. 경기도 관계자는“이 지사의 도정 모토가‘새로운 경기, 공정한 세상’이다. 공정은 이 지사의 핵심 화두”라고 설명했다. 포럼 발족…대선 캠프는 언제? 여권 일각에선 성공포럼 발족이 이 지사의 대선 캠프 구상과 맞물려 있다는 관측도 나온다. “당내 대선 후보가 7명 이상이면 6월 중 예비경선이 불가피한 만큼, 성공포럼이 원하든 원치 않든 일종의 경선 캠프의 맹아 역할을 할 수밖에 없을 것”(민주당 수도권 의원실 보좌관)이란 해석이다. 다만 이 지사 측은 공식적으론 이런 관측에는 선을 긋고 있다.“경기도정에 충실히 임해 성과를 내는 게 먼저지, 굳이 먼저 나설 이유도 필요도 없다”는 설명이다. 여권에선 이 지사가 당내 반(反)이재명 진영의 결집을 우려해 당분간 낮은 자세를 유지할 거란 전망도 있다. 오현석 기자 oh.hyunseok1@joongang.co.kr",2531.0367066709705,1931.0301064579878,465.3047582500045
21,249,2021.04.27 ,"윤희숙 설전서 한 발 물러난 이재명 ""'공정 벌금' 어떤가""",오원석,"윤희숙(왼쪽) 국민의힘 의원과 이재명 경기도지사. 연합뉴스 이재명 경기도지사와 윤희숙 국민의힘 의원 사이에 벌어진 '벌금' 논쟁이 일단락될 것으로 보인다. 새로운 벌금제도 도입의 필요성을 주장하며 명칭을 '재산비례'로 부른 이 지사와 재산이 아닌 '소득비례'라고 해야 한다는 윤 의원 간 이어진 이번 설전은 이 지사가 한 발짝 물러서며 마무리됐다. 이 지사는 27일 자신의 페이스북에 '공정벌금은 어떻습니까'라는 글을 올렸다. 그는 ""재산비례벌금, 소득비례벌금, 소득재산비례벌금, 경제력비례벌금, 일수벌금 등 명칭이 무슨 상관이겠나""며 ""벌금의 실질적 공정성 확보 장치인 만큼 명칭 논쟁도 많으니 그냥 '공정벌금' 어떤가""라고 제안했다. 그는 ""저 역시 벌금비례 기준으로 재산과 소득 모두여야 한다고 고집할 생각이 전혀 없다""며 ""재산 아닌 소득만 비례해야 한다는 국민의힘 주장도 대환영이며 국민의힘이 경제력비례벌금제도를 동의하시는 것만도 감지덕지""라고 했다. 이 지사는 이번 명칭논쟁 덕분에 오히려 자신의 주장이 주요한 의제로 떠올랐다며 윤 의원 측에 감사를 전하기도 했다. 그는 ""윤희숙 의원님의 반론과 의견 덕분에 '공정벌금'이 우리사회 주요 의제가 되었으나 진심으로 감사드린다""며 ""논쟁 과정에서 한 제 표현에 마음 상하셨다면 사과드리며 공정벌금제도 입법화에 적극 나서 주실 것을 부탁한다""고 했다. 이번 논쟁은 이 지사가 지난 25일 핀란드와 독일 등 다른 나라의 벌금 제도를 언급하며 시작됐다. 핀란드와 독일 등지에서는 부자는 더 많은 벌금을 내도록 하고 있는데, 이를 언급하며 이 지사는 ""핀란드는 100년 전인 1921년, 비교적 늦었다는 독일도 1975년 재산비례벌금제를 도입했다""고 주장한 것이다. 이에 윤 의원은 ""이 지사가 핀란드나 독일을 예로 들면서 이들 나라가 '재산비례벌금제'를 시행하고 있다며 굳이 거짓을 말하며 '재산비례벌금제'를 주장했다""며 ""경기도지사쯤 되시는 분이 소득과 재산을 구별하지 못한다고는 도저히 생각할 수 없는 만큼 그 의도가 무엇인지 궁금하다""고 비판했다. 윤 의원은 이 지사의 비례벌금제 도입 자체에는 동의하면서도 핀란드 등은 재산비례가 아닌 소득비례로 해당 제도를 시행 중이며, 이 지사가 자신의 주장에 거짓말을 섞고 있다고 비판한 것이다. 이에 이 지사는 ""국민의힘은 소속 의원에게 한글 독해 좀 가르치라""라고 받아치는 등 감정적인 설전으로까지 번졌다. 오원석 기자 oh.wonseok@joongang.co.kr",2663.2791368509647,2040.5959160099874,481.8291598810049
22,252,2021.04.27 ,"이재명 ""백신 과잉이 낫다""…정세균 ""이미 그렇게 했다"" 반박",배재성,"정세균 전 국무총리와 이재명 경기도지사가 지난해 12월 9일 오전 경기도 수원시 팔달구 경기도청에서 신종 코로나바이러스 감염증(코로나19) 대응 중앙재난대책본부회의에 앞서 체온 검사를 받고 있다. 뉴스1 정세균 전 국무총리와 이재명 경기도지사가 연일 코로나19 백신 도입을 놓고 논쟁을 이어가고 있다. 정 전 총리가 지난 26일 코로나19 백신이 이제 충분하다며 오히려 “과잉 도입 우려도 있다”고 하자 이 지사는 “부족한 것보다 과잉이 낫다”며 정 전 총리를 꼬집었다. 그러자 정 전 총리는 27일 KBS라디오 ‘최경영의 최강시사’에서 진행자가 “이 지사가 부족한 것보다 남는 것이 낫다, 조금 더 받자고 했다”고 묻자 “애초 국민 숫자보다 적은 4000만 명분 정도 계약할 생각이었는데 점차 늘어 7900만 명분까지 갔다가 또 9900만 명분으로 늘었다”며 “이미 그렇게 한 것”이라고 밝혔다. 정 전 총리는 “지금 정부가 타이트하게 하는 게 아니고 있을 수 있는 문제점까지 감안해서 계획을 세우고 또 계약도 하고 한 것”이라고 설명했다. 정 전 총리는 또 “있을 수 있는 문제에 미리 대비하면서 국민의 일상 회복이 중요하기 때문에 경우에 따라서는 남을 경우에 어떻게 하겠다는 대책도 세워져 있다”고 말했다. 한편 정 전 총리는 지난 26일에도 MBC 라디오 ‘김종배의 시선집중’에 출연해 러시아 백신 도입을 주장하는 이 지사를 향해 “중대본 회의에 참석했으면 그런 말씀을 하기 어려울 것”이라고 비판했다. 앞서 이 지사는 지난 26일 자신의 페이스북을 통해 “생명과 안전에 관한 한 부족한 것보다 남는 게 낫다”며 ""1차 방어선은 최대한 튼튼해야 하지만 전쟁을 대비하는 국방처럼 2~3차 방어선은 비용이 들고 낭비처럼 보여도 반드시 확보해야 한다”고 밝혔다. 배재성 기자 hongdoya@joongang.co.kr",2754.0057667169635,2105.367231597992,508.20281900100525
23,271,2021.04.27 ,'소득' '재산' 구분 못했을까···윤희숙은 모를 '이재명 비밀',김준영,"이재명 경기지사가 지난 25일 주장한‘재산비례 벌금제’ 를 둘러싼 논란이 정치권에서 이어지고 있다. 동일 범죄에 동일한 벌금을 내는 현재의 총액 벌금제 대신, 경제 사정에 따라 벌금을 달리 매기자는 것이 핵심이다. 그는 “(총액)벌금형이 빈자(貧者)에게 더 가혹하다”며 “핀란드는 1921년, 독일도 1975년에 이(재산비례 벌금제) 제도를 도입했다”고 주장했다. 이재명 경기도지사. 연합뉴스 대선 앞둔 이재명, 공정ㆍ친문ㆍ여론 이슈 포섭 전략 4ㆍ7 재ㆍ보궐 선거 후 한동안 잠행했던 이 지사가 재산비례 벌금제를 화두로 꺼낸 이유는 대선후보 경선을 앞두고 공정 이슈를 선점하겠다는 포석으로 읽힌다. 그는 지난해 말부터 “다음 대선의 화두는 공정”, “시대의 중요한 화두가 공정”, “공정한 룰이 지배되는 사회를 만드는 게 시대적 과제”라며 기회가 있을 때마다 공정 이슈를 거론하고 있다. 이번 제도에 대해서도 “보다 근본적으로 실질적인 공정성을 확보하기 위해서”란 표현을 썼다. 이재명 경기도지사가 25일 오전 9시 30분 자신의 페이스북에 올린 글. 페이스북 캡처 재산비례 벌금제가 특히 진보 진영의 전통적 의제였던 부분도 주목할 점이다. 일수 벌금제(日收罰金制) 등 다양한 명칭으로 불려온 이 제도는, 18대 국회에서 조승수 당시 진보신당 의원이 ‘일수벌금제도의 도입에 대한 특별법 제정안’을 처음 발의한 이래, 지금까지 유성엽ㆍ박완주ㆍ김영록ㆍ김기준(이상 19대)ㆍ이상민ㆍ최재성(이상 20대)ㆍ이탄희ㆍ소병철(이상 21대) 의원 등 진보 진영 인사들이 법안 발의를 주도해왔다. 일반인에겐 생소한 '일수 벌금제'란 표현을 ‘재산 비례’ 개념으로 공론화시킨 건 문재인 대통령과 조국 전 법무장관이다. 문대통령은 2017년 대선에서 ‘차등 벌금제’란 공약을 내놓으며 “재산에 따른 벌금납부 형평성 문제를 시정하겠다”고 말했다. 이어 2019년 조국 당시 법무장관 후보자는 “문 대통령의 대선 공약”임을 강조하며, “현행 ‘총액 벌금제’를 ‘재산비례 벌금제’로 바꿔 형벌의 실질적 평등을 달성하겠다”고 말했다. 조 후보자 발언 직후 민주당은 법무부와 함께 재산비례 벌금제 도입을 추진하기도 했다. 이 지사가 엄밀하게는 ‘소득비례 벌금제’를 도입한 핀란드와 독일을 사례로 들면서도 굳이 ‘재산비례 벌금제’라는 표현을 쓴 것도 결국 이와 무관하지 않다는 해석이 나온다. “지사쯤 되시는 분이 ‘소득’과 ‘재산’을 구별하지 못한다”(윤희숙 국민의힘 의원)는 비판이 나왔지만, 이 지사는“재산비례 벌금제는 벌금의 소득과 재산 등 경제력 비례가 핵심개념”이라며 윤 의원의 독해력을 문제 삼았다. 학계에서도 “아직 이 제도가 국내에 안착한 적이 없기에 용어 혼선이 있을 수 있다. 입법 취지가 중요하지, 용어는 차후에 정립해도 늦지 않다”(이창현 한국외대 법학전문대학원 교수)는 반응이 있다. 각 국가별 일수벌금제 도입 현황 국가. 그래픽=김현서 kim.hyeonseo12@joongang.co.kr 수도권 초선 의원은“그간 이 지사는 기본소득을 주요 의제로 끌어왔고, 그 과정에서 친문(親文) 진영과 갈등을 빚은 것도 사실이다. 하지만 문 대통령을 비롯한 진보 진영 전체의 오랜 의제를 화두로 던지면 비문이나 반문 이미지를 중화할 수 있을 것""이라고 말했다. 이 지사의 이번 주장엔 단순히 정책적인 의미뿐 아니라 정무적인 의도까지 포함돼 있다는 뜻이다. 이 지사 측 관계자도“이 지사가 틈만 나면 원팀을 강조하고 있지 않나. 이번 주장도 그런 차원에서 보면 될 것”이라고 말했다. 지난해 국책연구기관 조사 결과 재산비례 벌금제 찬성 비율이 높은 것도 이 지사에겐 추진 동력으로 작용한다. 이 지사는 “한국정책연구원 조사에 따르면 일반인 76.5%가 ‘재산비례 벌금제’ 도입을 찬성할 정도로 우리나라도 사회적 공감대가 높다”고 말했다. 이 지사와 가까운 수도권 의원은“재산비례 벌금제는 시대적 화두인 공정에 들어맞는 제도”라며“주로 생활범죄에 부과되는 벌금형 개선을 통해 민생에 영향이 있는 생활밀착형 검찰개혁을 해 나갈 것”이라고 주장했다. 개인 소득 파악 어려워…기본소득과 모순 지적도 하지만 개인 자산 파악이 쉽지 않다는 점과 불법 정도에 따라 형벌이 정해져야 한다는 점(책임주의 원칙)을 위반한다는 논란이 있다. 지난 수십년간 번번이 제도 도입이 무산됐던 이유다. 한국형사정책연구원에 따르면 일본도 과거 일수 벌금제 도입을 논의하다 경제 사정에 대한 정확한 조사가 어렵다는 이유에서 무산된 적이 있다. 영국도 1988년 시범 도입했다가 경제 사정을 파악하는 데 업무가 가중된다는 이유 등으로 6개월 만에 폐지됐다. 특히 개인 자산을 파악하기 어렵다는 지적은 ‘보편복지 대 선별복지’의 주요 쟁점이기도 하다. 보편복지를 옹호하는 측에선 “선별을 위한 행정적 비용과 시간이 너무 많이 든다”는 이유로 선별복지론을 비판한다. 이재명 지사의 대표 브랜드인 기본소득이 바로 보편복지를 바탕으로 둔다. 익명을 원한 법학 교수는 “이 지사가 둘 다 주장하는 건 이율배반 아니냐”고 했다. 다만 율사 출신의 이 지사 관계자는“복지인 기본소득과 형법 문제는 전혀 다른 문제다. 그런데도 이를 엮는 건 이 지사 반대론자들의 주장일 뿐”이라고 했다. 재산비례 벌금제에 대해 다수의 전문가는 “제도의 취지는 옳다”고 말했다. 헌법재판소 헌법연구관 출신인 노희범 변호사(법무법인 제민)는 “개인 자산 파악이 아무래도 가장 큰 난관이다. 소득 파악이 용이한 ‘유리 지갑’이 더 피해를 볼 수도 있다""며 ""하지만 논의도 전에 포기하기보단, 각계 인사들이 활발하게 토론해서 틀을 잡아갈 필요가 있다”고 말했다. 김준영 기자, 김보담 인턴기자 kim.junyoung@joongang.co.kr",3023.6113141669616,2360.5933439060045,541.6203628950045
24,315,2021.04.26 ,"'독자백신' 꺼낸 이재명에, 정세균 ""중대본 회의 잘 안나온 분""",김은빈,"정세균 전 국무총리. 뉴스1 정세균 전 국무총리는 26일 신종 코로나바이러스 감염증(코로나19) 백신 독자 도입 가능성을 언급한 이재명 경기지사에 대해 ""그분이 중대본(중앙재난안전대책본부) 회의에 잘 안 나오셨던 것 같다""고 말했다. 정 전 총리는 이날 MBC 라디오 '김종배의 시선집중'에서 '야당은 그렇다 치더라도 여당 소속인 이 지사가 별도의 백신 수급을 이야기한 것은 단계적으로 접근한 정부의 행보를 제대로 읽지 못한 성급한 주장인 거냐'는 진행자의 물음에 ""당연하다""며 이같이 말했다. 정 전 총리는 ""중대본에 참석하면 정부가 어떤 노력을 하고 있고, 백신 상황이 어떤지 접종계획은 뭔지 다 알게 된다""며 ""그 내용을 잘 알고 있으면 그런 말씀하기 어려울 것""이라고 덧붙였다. 정 전 총리는 '화이자와 2000만명분 추가계약에 성공했다'는 진행자의 말에 ""한참 전부터 논의가 이뤄졌고 그게 성사된 것""이라고 설명했다. 또 백신 수급 문제와 관련해 이 지사가 러시아 백신 도입 검토를 주장한 것을 일축하며 ""사실은 혹시라도 후반기에 너무 과도하게 들어오면 어떻게 하나, 그런 걱정까지 하고 있다""고 말했다. '오히려 물량이 너무 많으면 어떻게 하냐는 말이냐'고 진행자가 되묻자 정 전 총리는 ""예""라고 답했다. 이어 ""사실은 7900만명분을 계약할 때도 충분하다고 생각하고 계약을 넉넉하게 하자, 그렇게 한 건데 (화이자 추가계약을 포함해) 9900만명분을 계약했다""며 ""국내 제약사들도 지금 백신 개발하고 있고, 내년 초쯤 개발이 끝나지 않을까 본다. 우리 백신이 나오면 우리 백신 쪽으로 가는 것이 원래 계획""이라고 전했다. 김은빈 기자kim.eunbin@joongang.co.kr",3123.5180574499627,2416.9573718920087,564.5904135070045
25,317,2021.04.26 ,"독해력 운운 이재명 때린 윤희숙 ""문제가 뭔지 이해 못했단 것""",김은빈,"윤희숙 국민의힘 의원(왼쪽)과 이재명 경기지사. 연합뉴스·뉴스1 윤희숙 국민의힘 의원은 26일 이재명 경기지사를 향해 ""먼저 개념을 분명히 이해한 후 국민에게 설명하는 게 중요하지, 한글 독해력 이야기할 때가 아니다""고 말했다. 앞서 윤 의원은 이 지사가 '재산비례 벌금제' 도입을 주장하며 핀란드 사례를 든 데 대해 ""소득에 따른 차등""이라며 ""왜 거짓을 섞는지 의문""이라고 지적했는데, 이후 이 지사가 독해력을 운운하며 자신을 비판하자 이같이 반응한 것이다. 윤 의원은 이날 오전 페이스북에 올린 글에서 ""개념을 구분하지 못하는 학생들에게 '여기 틀렸네' 하면 '그러네요, 제가 이점을 이해 못 했었네요' 하는 경우도 있지만, '아니에요, 제 말뜻은 원래 그거였어요' 하는 경우도 있다""며 ""두 번째 유형은 아직 뭐가 문제인지 이해 못 했다는 것이기 때문에 인내심을 끌어올려 다시 말해줘야 한다""고 말했다. 이어 ""재산비례벌금이란 재산액에 비례해 벌금을 매긴다는 것""이라며 ""그런데 이제 와서 '내가 말한 재산이란 소득과 재산을 합한 경제력이었다'고 하는 건 단지 '느슨한 해석' 정도가 아닌 소득과 재산의 구분이 정책에서 얼마나 중요한지 아직도 이해하지 못했다는 것""이라고 거듭 지적했다. 또 ""만에 하나, '소득과 재산을 합한 것을 그냥 재산이라고 불러봤다'고 해도 핀란드의 예를 들면서 '재산 비례'라 한 것은 '소득에만 비례'시키는 핀란드가 마치 지사님의 '재산까지 넣은 방식'과 같은 것인 양 표현한 것""이라며 ""어떤 나라도 안 쓰는 방식을 제안하면서 은근슬쩍 다른 나라에서도 많이 쓰는 방식인 것처럼 호도하는 것과 같다""고 꼬집었다. 윤 의원은 ""정책은 선거법 위반과 같이 TV토론에서 일단 교묘하게 말한 후 '소극적 부인'과 '소극적 거짓' '적극적 거짓'을 법정에서 다투는 게 아니다""며 ""되도록 분명하게 내용을 설명해 사회적 동의를 구하는 것""이라고 강조했다. 관련기사이재명, ""거짓말"" 맹비난한 윤희숙에 ""국어독해력 좀 갖추길""이재명 ""핀란드는 재산 비례 벌금"" 윤희숙 ""왜 거짓말 하나"" 그러면서 ""저는 소득이 적은 사람에게 벌금액을 감경하는 것에 찬성하지만, 벌금액을 소득이든 재산이든지 그것에 비례시키는 것에는 (지금으로써는) 반대한다""고 덧붙였다. 한편 이 지사는 전날 페이스북에 윤 의원을 겨냥해 ""국민의힘은 소속 의원에게 한글 독해 좀 가르치시라""고 적으며, ""저는 재산비례벌금제를 '재산에만 비례해야 한다'고 하지 않았으며, 오히려 소득과 재산에 비례해야 함을 간접적으로 밝혔다""고 반박했다. 김은빈 기자kim.eunbin@joongang.co.kr",3262.607488056966,2551.691758510013,584.231145937004
26,328,2021.04.26 ,"이재명, ""거짓말"" 맹비난한 윤희숙에 ""국어독해력 좀 갖추길""",한영혜,"윤희숙 국민의힘 의원(왼쪽)과 이재명 경기도지사. 연합뉴스·뉴스1 이재명 경기도지사는 25일 윤희숙 국민의힘 의원이 자신이 제안한 ‘재산비례벌금제’에 대해 “거짓말”이라고 맹비난한 것에 대해 “국민의힘은 소속 의원에게 한글독해 좀 가르치라”고 맞받아쳤다. 이 지사는 이날 저녁 자신의 페이스북에 올린 글에서 “정치세력간 경쟁과 비판은 대의민주주의에 필수요소지만 선전 선동 목적의 가짜뉴스나 왜곡비난은 민주주의를 망치는 해악이다. 국민을 대표하는 공인으로서 누군가의 발언을 비판하려면 발언의 객관적 내용과 의미 정도는 파악해야 한다”고 주장했다. 이 지사는 “저는 (오늘 오전 페이스북을 통해) 재산비례벌금제를 제안했다. 재산비례벌금제란 벌칙의 실질적 형평성과 실효성을 위해 벌금을 소득과 재산 등 경제력에 따라 차등 두는 것을 말하고(포털의 지식백과에도 나온다) 서구 선진국들은 오래전에 도입했다”고 설명했다. 그런데 “윤희숙 의원께서 ‘벌금비례기준은 재산 아닌 소득이어야 한다’고 주장하는 것까지는 이해하겠는데, 제 글을 두고 ‘벌금은 재산에만 비례해야 한다고 주장했다, 핀란드는 차등기준이 소득인데 재산기준이라고 거짓말했다’며 비난했다”고 지적했다. 그러면서 “재산비례벌금제는 벌금의 소득과 재산 등 경제력 비례가 핵심개념이고, 저는 재산비례벌금제를 ‘재산에만 비례해야 한다’고 하지 않았으며, 오히려 소득과 재산에 비례해야 함을 간접적으로 밝혔다(‘세금 등은 재산과 소득수준에 따라 다르게 내지만 벌금은 총액벌금제를 채택하고 있어…재산비례벌금제로 바꿔야 한다’고 썼다.)”고 반박했다. 따라서 “제1야당 경제혁신위원장으로서 국민을 대표하는 헌법기관인 국회의원이라면 최소한의 양식은 갖추셔야 하고, 특히 1380만 경기도민의 공적 대표자를 거짓말쟁이나 무식쟁이로 비난하려면 어느 정도의 엉터리 논거라도 갖춰야 마땅하다”고 지적했다. 또 “윤 의원께서 재산비례벌금제의 의미와 제가 쓴 글의 내용을 알면서도 왜곡해 비난할 만큼 악의는 아닐 것으로 믿는다”며 “결국 재산비례벌금제의 의미와 글 내용을 제대로 파악 못 한 것이 분명하니 비난에 앞서 국어독해력부터 갖추시길 권한다”고 했다. 그러면서 “국민의힘 국회의원들께서 사실왜곡과 억지주장으로 정치판을 흐리는 게 한두 번이 아니다”라며 “국민의힘은 소속 의원들의 언어능력과 비판의 품격을 갖추는데 좀 더 신경 쓰시기 바란다”고 덧붙였다. 이재명 경기도지사가 25일 오후 10시 30분 자신의 페이스북에 올린 글. 페이스북 캡처 앞서 윤 의원은 이날 오후 자신의 페이스북에 올린 글에서 이 지사의 재산비례벌금제 제안에 대해 “그런데 이상한 점은 이재명 지사가 핀란드나 독일을 예로 들면서, 이들 나라가 ‘재산비례벌금제’를 시행하고 있다며 굳이 거짓을 말하며 ‘재산비례벌금제’를 주장했다는 점”이라고 지적했다. 윤 의원은 이어 “경기도 지사쯤 되시는 분이 ‘소득’과 ‘재산’을 구별하지 못한다고는 도저히 생각할 수 없는 만큼 그 의도가 무엇인지 궁금하다. 재산이 많은 사람들을 벌하고 싶은 것이 의도일지라도, 최소한 근거와 논리를 가져와야 할 일”이라고 비판했다. 윤희숙 국민의힘 의원이 25일 오후 2시 26분 자신의 페이스북에 올린 글. 페이스북 캡처 윤 의원의 비판은 이 지사가 이날 오전 ‘형벌의 실질적 공정성을 위한 재산비례벌금제’라는 글을 올리자 나왔다. 이 지사는 “현행법상 세금과 연금, 보험 등은 재산과 소득수준에 따라 다르게 내고 있지만, 벌금형은 총액벌금제를 채택하고 있어 개인의 형편과 상관없이 획일적으로 부과하고 있다”며 “같은 죄를 지어 벌금형에 처해도 부자는 부담이 크지 않아 형벌의 효과가 떨어지고 빈자에게는 더 가혹할 수밖에 없다”고 설명했다. 이어 “보다 근본적으로 실질적인 공정성을 확보하기 위해서는 ‘재산비례벌금제’를 도입해야 한다”며 “핀란드는 100년 전인 1921년, 비교적 늦었다는 독일도 1975년에 이 제도를 도입했다”고 설명했다. 그러면서 “한국형사정책연구원 조사에 따르면 일반인 76.5%가 ‘재산비례벌금제’ 도입을 찬성할 정도로 우리나라도 사회적 공감대가 높다”고 강조했다. 이재명 경기도지사가 25일 오전 9시 30분 자신의 페이스북에 올린 글. 페이스북 캡처 소병철 더불어민주당 의원이 재산비례벌금제를 도입하는 내용의 ‘형법 일부개정 법률안’을 대표 발의했다. 한영혜 기자 han.younghye@joongang.co.kr",3481.0936307729644,2773.5456994750202,611.7219066880034
27,340,2021.04.25 ,"이재명 ""핀란드는 재산 비례 벌금"" 윤희숙 ""왜 거짓말 하나""",오원석,"윤희숙(왼쪽) 국민의힘 의원과 이재명 경기도지사. 연합뉴스 이재명 경기도지사가 재산에 비례해 벌금 액수를 차등해야 한다고 25일 주장하자, 윤희숙 국민의힘 의원은 재산과 소득을 구분해야 한다고 비판했다. 윤 의원은 벌금 차등이라는 큰 틀에서는 이 지사의 주장을 긍정적으로 평가했지만, 재산이 아닌 소득을 기준으로 해야 한다고 주장했다. 윤 의원은 이날 자신의 페이스북에 ""같은 벌금이라도 경제적 형편이 어려운 사람들에겐 더 큰 고통을 주니, 형편에 따라 벌금액을 차등하자는 이재명 지사의 주장은 찬반을 떠나 검토해볼 수 있는 주장""이라고 평가했다. 그러면서 윤 의원은 핀란드의 사례를 들었다. 윤 의원은 ""핀란드에서는 2015년 과속을 한 고소득 기업인에게 5만4000유로 (약 7000만원)의 벌금이 매겨져 화제가 된 바 있는데, 이런 벌금 차등제는 '소득'에 따라 차등한다""라며 ""벌금은 결국 소득으로 내야 하니 당연한 일""이라고 했다. 이 지사의 주장대로 재산을 기준으로 벌금을 내도록 한다면 집 한 채를 갖고 있는 무소득 은퇴 고령자의 경우 벌금을 내기 위해 집을 팔아야 하는 상황이 올 수도 있다는 게 윤 의원의 생각이다. 윤 의원은 ""이상한 점은 이재명 지사가 핀란드나 독일을 예로 들면서 이들 나라가 ‘재산비례벌금제’를 시행하고 있다며 굳이 거짓을 말하며 ‘재산비례벌금제’를 주장했다는 점""이라며 ""경기도 지사쯤 되시는 분이 ‘소득’과 ‘재산’을 구별하지 못한다고는 도저히 생각할 수 없는 만큼 그 의도가 무엇인지 궁금하다""라고 재차 비판했다. 윤 의원의 비판에서 앞서 이 지사는 ""핀란드는 100년 전인 1921년, 비교적 늦었다는 독일도 1975년에 이 제도를 도입했다""며 ""한국형사정책연구원 조사에 따르면 일반인 76.5%가 ‘재산비례 벌금제’ 도입을 찬성할 정도로 우리나라도 사회적 공감대가 높다""고 했다. 윤 의원이 '소득비례'로 시행 중이라고 지적한 국가 핀란드·독일 사례를 들며 '재산비례벌금제' 도입을 주장한 셈이다. 오원석 기자 oh.wonseok@joongang.co.kr",3581.3020083219617,2874.2751728340245,627.3532239630027
28,352,2021.04.25 ,"홍준표, 이재명·윤석열 지지율 두고 ""양아치·조폭 리더십 미화""",이해준,무소속 횽준표 의원. 오종택 기자 야권의 대권 후보 중 한 명으로 거론되는 무소속 홍준표 의원이 24일 페이스북을 통해 여론조사 결과와 대선 유력 후보 등을 두루 비판하는 글을 올렸다. 홍 의원은 “B급 언론이 각광받고 페이크 뉴스가 난무하고 정도를 가는 언론이 오히려 외면받는 세상”을 개탄하면서 “조폭 리더십이 형님 리더십을 미화되고 양아치 리더십이 사이다 리더십으로 둔갑하고 응답률 5%도 안 되는 여론조사가 활개 치는 나라가 되어서도 안 된다”고 비판했다. 조폭 리더십과 양아치 리더십은 윤석열 전 검찰총장과 이재명 경기지사를 겨냥한 것으로 읽힐 수 있다. 홍 의원은 이전에도 검찰 문화를 조폭 문화라고 비판한 바 있다. 양아치 리더십과 대응이 되는 사이다 리더십은 이재명 지사의 거침없는 정치적 행보를 일컫는 키워드다. 최근 대선 지지도 여론조사에서 윤 전 총장과 이 지사는 양강 체제를 유지하고 있다. 홍 의원의 지지율은 2~3% 선이다. 홍 의원은 “평상심이 지배하고 상식이 변칙을 누르는 정상사회로 돌아가야 한다”며 “모처럼 청계산에 올라 서울 시내를 바라보면서 가는 봄을 아쉬워하며 봄날은 간다를 불러본다”고 소회를 밝혔다. 이해준 기자 lee.hayjune@joongang.co.kr,3639.9757630929616,2920.357043480029,637.2793466620022
29,354,2021.04.25 ,"이재명과 '성호형' 절친…""秋 정도껏"" 정성호 왜 조용해졌나",한영익,"이재명계 좌장이자, 국회 예결위원장인 정성호 의원(4선ㆍ양주)은 더불어민주당 내에서 '쓴소리 아이콘'이다. 여야 대치 국면에서 특히 여당에 소신 발언을 한 이력이 적지 않아서다. 조국·추미애 쓴소리…정성호, 요즘은 조용한 이유 정성호 더불어민주당 의원. 중앙포토 지난해 11월 예결위 회의장에서 추미애 전 법무부 장관을 향해 ""정도껏 하세요""라고 호통치며 발언을 제지한 것이 대표적 사례다. 당시 추 전 장관은 법무부 특활비 문제를 질의하던 박형수 국민의힘 의원과 언쟁을 벌이던 중이었다. 정 의원은 2019년 10월 조국 전 법무부 장관 사퇴 직후에도 “조국은 갔다. 책임을 통감하는 자가 단 한 명도 없다. 이게 우리 수준”이라며 ‘조국 지키기’에 나섰던 당 지도부를 겨냥해 쓴소리를 쏟아냈다. [여의도 who&why;] 이런 내부 비판은 양면적인 효과로 돌아왔다. 강성 친문(親文ㆍ친문재인) 권리당원들로부터는 “역시 수박(겉과 속이 다르다는 비유)이다. 조심하라”며 비판 세례를 받았다. 당의 비주류로 찍히면서 지난해 원내대표 선거에선 9표를 얻는데 그쳤다. 반면 대외적으로는 중도이미지 구축에 성공하면서 윤호중 원내대표가 맡았던 법사위원장 후보로 천거를 받고 있다. 국회에서 각종 위원장(사개특위·기재위·예결위)을 맡는 동안 그를 경험했던 야당 의원들 사이에선 “말이 잘 통하고 합리적”(재선 의원)이라는 우호적 평가가 나온다. 이재명 경기지사(왼쪽)가 20일 오전 서울 여의도 글래드호텔에서 열린 청소·경비노동자 휴게시설 개선 국회토론회에서 정성호 국회 예결위원장과 대화하고 있다. 뉴스1 이처럼 ‘튀는 말’로 주목받았던 정 의원이었지만 최근엔 정중동 모드를 유지하고 있다. '이재명 후광효과'를 기대할 수 있었지만 원내대표 선거에도 출마하지 않았다. 언론 인터뷰나 페이스북 활동도 가급적 자제하는 모습이다. 재보선 이튿날(8일) “선거 결과는 경고가 아니라 엄중한 심판이고 총체적 불신임이다. 민심과 동떨어지게 가는 당에 쓴소리 한 마디 제대로 못한 잘못이 크다”는 글을 남기긴 했지만, 그 외의 메시지는 지역현안 위주로 내고 있다. 민주당 안팎에선 '이재명 대통령 만들기'에 주력하기 위해서라는 분석이 우세하다. 정 의원 역시 22일 중앙일보와의 통화에서 “내가 말을 하면 이 지사의 뜻으로 받아들여지는 경우가 많다. 그런 이유로 가급적 정치적으로 오해될 만한 공개발언이나 페이스북은 자제하고 있다”고 말했다. 이 지사의 호칭은 ""성호형"" 이재명 경기지사(오른쪽)가 지난해 7월 국회 의원회관에서 열린 '일본 경제보복 1년 소부장 기술독립 실현! 소부장 육성방안 경기도 정책토론회'에서 정성호 국회 예결위원장과 논의하고 있다. 연합뉴스 정중동 행보에도 역설적으로 정 의원의 존재감은 갈수록 커지고 있다. 재보선 패배 이후 이 지사가 민주당의 최유력 대권주자로 발돋움하면서 ‘이재명계 좌장’인 정 의원에 대한 주목도도 상승하고 있다. 정 의원과 이 지사의 인연은 1987년 사법연수원으로 거슬러 올라간다. 연수원 동기(18기)로 후일 ‘노동법학회’로 발전하는 공부모임에서 둘은 처음 만났다. 이후 정 의원은 군복무, 정치 활동 과정에서 이 지사와 지속적으로 친분을 쌓아왔다. 그렇게 쌓인 세월이 연수원 시절부터 34년이다. 이 지사는 1961년생으로 자신보다 세 살 위인 정 의원을 ‘성호형’ 또는 ‘형님’이라고 부른다고 한다. 정 의원은 남들이 하기 힘든 조언도 이 지사에게 자주한다. “급하게 하지 말고 차분히 해라. 이건 좀 생각을 더 해보라”며 심사숙고를 주문하거나, ""경기도에서는 민주당이 잘 했다는 소리를 들을 수 있도록 도정에서 성과를 내는 일이 중요하다. 친문ㆍ비문 갈라치기에 흔들리지 말고 할 일을 하라""고도 자주 조언한다고 정 의원 측은 설명했다. 지난 13일 이 지사가 당권주자(홍영표ㆍ우원식 의원, 송영길 의원은 부인이 대리참석)들과 연쇄 회동을 했을 때도 정 의원이 막후에서 역할을 했다는 얘기가 흘러나온다. 한영익 기자 hanyi@joongang.co.kr",3810.8325756129657,3050.5774932790405,680.5555684740015
30,370,2021.04.24 ,"정세균, 러시아 백신 도입 두고 이재명에 맞짱 뜨는 이유",김효성,"정세균 전 국무총리는 자신의 저서 '수상록'에서 ""우리 미래 세대가 지금 우리 세대보다 더 잘사는 나라, 이것이 정세균의 정치""라고 적었다. 오종택 기자 “러시아산 백신 도입은 지난해 이미 보건복지부에서 검토했었다. 마치 상황을 전혀 모르는 것처럼 청와대에 공박하듯이 제안하는 건 적절하지 않다.” 지난 22일 정세균 전 국무총리는 SBS ‘주영진의 뉴스브리핑’에서 이재명 경기 지사의 러시아산 코로나19 백신 ‘스푸트니크V’도입 제안을 재차 일축했다. 전날 MBN 인터뷰보다 메시지는 더 선명해졌다. 정 전 총리는“현재 백신 물량은 충분하다. 정부도 화이자 백신을 추가로 구매하거나 도입을 앞당기는 방법을 논의하고 있다”며“지방정부 수장이라면 이런 걸 다 알아야 하는 내용이고 보고도 받았을 거다. 여당의 도지사가 청와대에 대고 얘기할 건 아니다”라고 말했다. 이 지사는 지난 19일 청와대에 러시아산 백신 도입을 제안했다. “화이자나 모더나 백신 도입을 신속하게 하는 데 (스푸트니크V 도입 시도가) 지렛대로도 활용될 수 있다”(지난 21일)면서다. 그러자 더불어민주당 대표 후보인 송영길 의원이 “ ‘플랜B’ 추진도 필요하다”며 거들었다. 문재인 대통령도“새로운 백신 도입 가능성에 대해 검토하라”고 지시하면서 정부는 안전성 검증에 들어갔다. 정세균의 백신 계획 지난 16일까지 방역 총책임자(중앙재난안전대책본부장)였던 정 전 총리가 스푸트니크V 도입에 부정적인 건 올해 하반기까지 백신 수급계획인‘플랜A’가 차질없이 진행되고 있다고 판단해서다. 정부는 국내인구(5182만명)보다 많은 총 7900만명분의 백신을 올해까지 도입한다는 계약을 맺었다. 백신 공동구매 국제프로젝트인 ‘코백스 퍼실리티’를 통해 1000만명분을 확보했고, 개별 제약사와는 6900만명분을 계약했다. 아스트라제네카 1000만명분, 화이자 1300만명분, 얀센 600만명분, 모더나 2000만명분, 노바백스 2000만명분이다. 정부는 ‘4월 300만명→6월 1200만명→9월 3500만명’ 접종 계획도 세웠다. 상대적으로 보관이 용이한 아스트라제네카 백신 접종 장소를 현재 보건소 위주에서 병·의원으로 확대해 하반기부터는 접종률이 크게 높일 계획이다. 정 전 총리는 인터뷰에서“백신 도입이 지금 약간 늦어지는 경우 있지만, 차근차근 들어오고 있다”며 “9월 말 3500만명 이상 백신 접종을 받으면 세계에서 방역뿐만 아니라 백신 접종도 잘한 나라가 될 거란 확신이 있다”고 말했다. 민주당 차기 대선 주자인 정세균 전 국무총리(왼쪽)와 이재명 경기지사. 중앙포토 스푸트니크V의 안전성 문제도 정 전 총리가 걱정하는 부분이다. 스푸트니크V는 혈전 부작용이 드러난 아스트라제네카·얀센 백신과 같은 전달체 방식이어서 도입 후 부작용이 문제가 될 수 있다는 것이다. ‘코로나 총리’ 재평가 기대 일일 확진자 700명을 오르 내리는 최근 상황은 총리 재임기간 대부분을 방역에 올인했던 정 전 총리의 대선 행보에는 걸림돌로 작용하고 있다. 이를 감안해 퇴임 후 정 전 총리는 “당분간 조용히 지내겠다”고 주변에 말하기도 했지만 이 지사의 러시아산 백신 도입 주장이 그를 조기에 마이크 앞으로 끌어낸 셈이 됐다. 정 전 총리 측 인사는 “국내 정치인 중 정 전 총리만큼 백신에 대해서 잘 아는 이도 드물 것”이라며 “러시아 백신을 도입 주장 자체가 국민들의 불안감만 키울 뿐 실익이 없다는 게 정 전 총리의 굳는 생각”이라고 말했다. 노바백스 백신의 유럽 허가 지연, 얀센 백신의 부작용 논란 등으로 여유분 수급에 차질이 생긴 건 맞지만 접종계획이 뒤틀일 정도의 문제는 없다는 게 정 전 총리의 판단이다. 정 전 총리도 23일 CBS라디오에서“(백신 도입은) 공짜가 아닌 국민 세금이 들어간다”며“여론에 막 휩쓸리지 않고 정부가 중심을 잡아야 한다”고 말했다. 정부의 계획대로 라면 백신 접종률이 비약적으로 늘어난 6월은 민주당 대선 경선 개시(7월) 시점과 맞물려 돌아가게 된다. 정 전 총리와 가까운 한 재선 의원은“백신 접종 계획은 정 전 총리가 재임 시절 사활을 걸고 검토·재검토를 반복해 수립한 것”이라며 “코로나19에 대한 국민 불안감이 걷힐 무렵이면 정 전 총리의 재임기간 1년3개월도 재평가될 것”이라고 말했다. 지난해 1월 14일 정 전 총리가 취임한 지 엿새 만에 국내 첫 코로나 확진자가 발생했다. 지난해 2월 종교단체에서 퍼진 대구 지역 코로나 유행 당시 그는 3주간 대구에 상주하면서 현장 방역을 챙겼다. 지난해 3월 마스크 구입 ‘2부제’를 주장하는 다른 국무위원과 격론 벌여 ‘5부제’(5일 간격 마스크 구매 허용)를 도입해 큰 혼란 없이 마스크 대란을 이겨냈다. 정세균 전 국무총리는 지난 3월 26일 서울 종로구보건소에서 아스트라제네카(AZ) 백신을 맞았다. 뉴스1 한국갤럽 여론조사(4월 13~15일)에서 올해 첫 조사대상이 된 정 전 총리 지지율은 1%였다. (자세한 사항은 중앙선거여론조사심의위 홈페이지 참조) 정 전 총리 측 인사는“마의 7%를 넘으면 점점 오를 것”이라며 “곧 이 지사와의 확실히 차별화된 정책을 부각하며 당내 일대일 구도를 만들어거 나갈 것”이라고 말했다. 정 전 총리는 대선 어젠다 중 성장 담론에 크게 신경을 쓰고 있다고 한다. 기업인 출신인 만큼 규제혁신을 통한 기업 살리기와 관련해 이 지사보다 나은 어젠다도 내놓겠다는 생각이다. 정 전 총리와 가까운 한 의원은 “외교·안보·복지 등 전방위적인 정책에서도이 지사와는 다른 색깔을 드러낼 것”이라고 말했다. 정 전 총리는 내달 중순 대선 출마선언을 통해 본격적 대선 행보에 나설 계획이다. 이달 말까지는고(故) 노무현 전 대통령 묘역을 참배한 뒤 ‘영남→호남’ 순으로 발걸음을 옮기며 지역 기반도 다질 예정이다. 김효성 기자 kim.hyoseong@joongang.co.kr",4105.768688570965,3229.849597872053,761.7181149820012
31,380,2021.04.24 ,김무성 “尹 신당론 뭘 모르는 소리…이재명·친문 동행 힘들것”,최경호,"김무성 전 새누리당 대표가 월간중앙과의 인터뷰에서 야권 대통합의 중요성을 역설하고 있다. 6선 의원인 김무성 전 새누리당 대표가 제21대 총선 불출마를 선언한 건 2018년 6월 15일. 이틀 전 지방선거에서 당시 자유한국당(현 국민의힘)이 참패하자 큰 결단을 내린 것이다. 그는 “분열된 보수 통합, 새로운 보수당 재건을 위해 바닥에서 헌신하겠다”고 밝혔다. [월간중앙] “반 문재인 세력 합치는 건 기본 그 전에 한데 모여 대화해 하자” ■ 전직 대통령 잘못 사과 표명… 김종인 혼자 아닌 다 같이 했어야 ■ 숙고 중인 윤석열, 국민의힘 전당대회 이후 국민 앞에 나왔으면 ■ 시대정신은 공정사회, 그걸 만들 수 있는 사람이 대통령 돼야 ■ 전당대회 출마 생각 없어, 올바른 정권 탄생 위해 힘 보탤 계획 김 전 대표의 통합 리더십에 대해서는 진보 진영에서도 고개를 끄덕인다. 2015년 당시 이윤석 새정치민주연합 의원은 김 전 대표를 가리켜 “누구보다 폐활량이 큰 정치인”이라고 평했다. 제도권 정당 가운데 이념 좌표상 가장 왼쪽에 있는 정의당의 심상정 의원은 2016년 “김무성 의원은 갈등을 부드럽게 만드는 통합 리더십을 갖춘 정치인”이라고 칭찬했다. 2020년 5월 말 여의도를 나온 김 전 대표는 마포에 작은 사무실 한 칸을 얻었다. 이곳은 ‘킹 메이커’를 자임한 김 전 대표와 강석호 전 의원이 공동대표로 활동하는 ‘더 좋은 세상으로(마포포럼)’라는 포럼의 베이스캠프다. 포럼에는 두 공동대표를 비롯해 전·현직 의원 60여 명이 함께하고 있다. 정당 외곽 조직으로는 범보수 진영 최대 규모다. 4·7 재·보선에서도 김 전 대표를 비롯한 마포포럼 회원들은 범보수 진영 후보 단일화를 위해 전력투구했다. 대선주자로 평가되는 안철수 국민의당 대표를 움직여 서울시장 선거에 출마하도록 한 것도 김 전 대표를 비롯한 마포포럼 회원들이다. 김종인 전 국민의힘 비상대책위원장이 안 대표를 무시하는 듯한 발언으로 단일화가 결렬 위기에 처할 때마다 구원 등판해서 불씨를 되살린 것도 김 전 대표와 마포포럼 회원들이었다. 재·보선 승리로 모처럼 반등 기회를 잡은 국민의힘은 5월 말 또는 6월 초에 전당대회를 열어 당대표 등 새 지도부를 선출하고 당을 대선 체제로 전환하겠다는 복안이다. 월간중앙이 4·7 재·보선 승리로 킹 메이커로서 1차 임무를 완수했다는 평가를 받는 김 전 대표와 만나 범보수 진영 통합과 대선 전망에 관해 물었다. 인터뷰는 4월 14일 마포포럼 사무실에서 진행됐다. 이번 재·보선 결과를 평가한다면. “한마디로 국민 분노의 폭발이다. 2008년 미국에 금융 위기가 왔을 때 월스트리트 넥타이 부대의 폭발과도 같다고 본다. 그때 [정의란 무엇인가]라는 책이 공전의 히트를 했다. 마찬가지로 우리 국민은 현재 우리 사회가 공정하지 못하다고 평가한 것이다.” 지난해 10월 월간중앙 인터뷰에서 ‘안철수 대표가 서울시장 선거에 출마하면 좋겠다, 안 대표가 출마하면 흥행이 잘될 것이고 야권이 승리할 것’이라고 했는데. “이 포럼을 만든 이유는 딱 하나다. 우리가 쌓아온 경륜과 애국심을 오직 정권교체를 위해 모으자는 것이다. 4년 전 대선을 돌이켜보자. 당시 문재인 더불어민주당 후보가 41.08%로 당선됐는데, 홍준표·안철수·유승민 후보의 득표를 합치면 52.2%였다. 최순실(개명 후 최서원) 사태에도 불구하고 단순히 계산하면 이 세 사람이 단일화했으면 무조건 이기는 게임이었다고 말할 수 있다. (지난해) 안 대표를 만나서 얘기를 들어보니 내가 생각했던 것처럼 강남좌파가 아니더라. 우리와 생각이 거의 똑같다는 걸 느꼈다. 안 대표는 우리 당이 싫어서 과거에 민주당과 손잡았던 것이었다.(그래서 내가) ‘지금은 민주당에 더 큰 실망을 했으니까 우리하고 손잡아야 할 것 아니냐’고 설득해서 얘기가 전개된 거다.” “안철수 서울시장 출마는 헌신, 높이 평가” 국민의힘 김무성·이재오·김문수 전 의원(왼쪽부터)이 3월 18일 국회에서 기자회견을 열고 오세훈·안철수 서울시장 후보 단일화를 촉구하고 있다. / 사진:연합뉴스 왜 안 대표를 설득했어야 했나? “안 대표는 우리 당 후보를 떨어뜨릴 수 있는 힘을 가지고 있다. 그래서 내가 안 대표에게 ‘만일 우리가 또 분열해서 대선을 치르면 좌파 정권 연장에 기여한 역사적 죄인이 되는 것 아니냐, 제발 같이 가자’고 호소했다. 그랬더니 안 대표가 ‘그렇게 하겠습니다’ 하고 동의하더라. (안 대표는) 대선에서 서울시장 선거로 목표를 한 단계 하향 조정했다. 그게 헌신이다. 대권주자였던 안 대표가 헌신한다고 하니 절망에 싸여 있던 우파 국민이 ‘이번엔 뭔가 될 것 같다’고 관심을 갖게 됐다. 여기에 나경원·오세훈 같은 거물들이 뛰어들면서 흥행에 성공했다. 흥행 성공 덕분에 국민의힘이 승리할 수 있었다. 분명히 안 대표의 공이 크다. 안 대표는 처음부터 야권 단일화에 참여하겠다고 말했는데, 거기에 대고 김종인 전 위원장은 ‘안 대표가 자기(안철수)로 단일화해달라고 한다, 생떼 쓴다’는 식으로 사실을 왜곡했다. 안 대표는 자기로 단일화해달라는 말을 한 사실이 전혀 없다.” 선거 기간 안 대표를 지원하고 격려하는 듯한 메시지를 냈는데. “안 대표가 대권주자에서 서울시장 주자로 내려온 게 뭘 의미할까. 대선에서 우리 당에 가장 큰 ‘장애물’이 안 대표였다. 앞으로도 안 대표가 독자 출마하면 우리 당 후보는 필패다. 그런 안 대표가 스스로 자리를 비켜줬으니 우리 당 입장에서는 대권 가도가 훤히 뚫린 거다. 그런 안 대표에게 비대위원장이 저주를 퍼붓다니…. 그게 말이 되나? 지금 와서 하는 말이지만 사실 안 대표가 몇 번이나 (단일화를) 그만둘까 고민했다. 그럴 때마다 (내가) 만나서 설득하고 붙잡았다. 그런데 (김 전 위원장은) 내가 안 대표 편을 들었다고 또 뒤집어씌우더라. 우리와 함께하기로 한 이상 안 대표도 우리 당의 잠재적 대선후보 중 하나 아닌가? 그렇다면 당이 우리 선수를 보호해야지 저주를 퍼부어야 되겠나? ‘나는 우리 당 비대위원장으로서 우리 당 오세훈 후보가 당선되도록 노력하는 게 당연한 것 아니냐’는 김 전 위원장의 주장에는 동의한다. 그런데 거기까지만 했어야지, 왜 안 대표를 저주하나?” 김 전 대표는 이재오 전 의원과 함께 3월 14일, 18일 두 차례 단일화 촉구 기자회견을 열었다. 첫 번째 기자회견에서는 “각 정당은 협상에서 손을 떼고 두 후보가 직접 만나 단일화를 이루는 결단을 해야 한다”고 촉구했다. 두 번째 기자회견에서는 “야권 후보를 존중해야지 자기 당 후보가 아니라고 ‘정신이 이상한 것 같다’는 식으로 후보를 비난하면 안 된다. 계속 방해할 것 같으면 (비대위원장직을) 그만두는 게 낫다”고 김 전 위원장을 직격했다. 김 전 위원장은 왜 안 대표에게 모욕적인 발언을 했을까? “사감(私感) 때문이겠지. 과거에 안 대표가 김 전 위원장에게 뭘 어떻게 잘못했는지는 잘 모르겠다. 그러나 설사 잘못했다 하더라도 공적인 일을 하는 데 과거의 사감은 잊어야지 않겠나.” “김무성 등판론? 음지에서 활동하겠다” 지난해 10월 15일 김무성 전 새누리당 대표(왼쪽)와 원희룡 제주지사가 마포포럼 사무실에서 만나 악수하고 있다. / 사진:오종택 기자 김종인 전 위원장이 처음에 국민의힘에 들어왔을 때 힘을 많이 실어준 것으로 기억한다. “김 전 위원장을 모셔온다고 했을 때 (국민의힘 내부에서) 반대가 많았다. 그때 내가 반대하는 사람들을 일일이 만나서 ‘국민이 우리를 싫어하니 우리가 변해야 한다’, ‘그 나물에 그 밥 속에서 전당대회 열어서 대표를 뽑은들 변화할 수 있겠느냐’고 설득했다. ‘우리와 다른 길을 걸어왔던, 경륜 있는 분을 모셔서 함께 변해보자’는 생각이었다. 당시 내가 김 전 위원장의 가장 큰 후원 세력이었다. 그런데 김 전 위원장은 우리 당에 들어온 뒤로 우리를 변화시키는 노력을 별로 안 하더라. 최고 중진회의만 해도 그렇다. 처음에는 몇 차례 하더니 듣기 싫은 소리가 나와서 그런지 나중에는 슬그머니 안 하더라. 5·18 국립묘지 참배와 두 전직 대통령 사과 문제도 그런 식으로 하는 게 아니다. 김 전 위원장은 당내에 반대 목소리가 있어서 광주에 자기 혼자 갔다고 했는데, 그렇다면 설득을 해야 했다. 정운천(전북 고창 출신) 의원이 (김 전 위원장에게) 모시고 가겠다고 말했는데도 오지 말라고 해서 자기는 못 갔다고 하더라. 두 전직 대통령 구속과 관련해 사과하는 것도 마찬가지다. 당내에 반대하는 의원들이 있으면 의원총회를 열 번이라도 열어서 설득하고 설명해야 했다. 우리 당 의원들이 다 같이 사과했으면 모양새가 훨씬 좋지 않았겠나. 다시 말하지만 김 전 위원장은 우리 당을 변화시키려고 노력하지 않고, 혼자서만 다 한 것이다. 그런데 이제 와서 ‘저것들은 안 된다’고 밖에 나가 말하고 다니는 건 또 뭔가? 진짜 옳지 못한 행동이다. ” 김 전 위원장이 국민의힘의 고문 추대 제의를 뿌리치고 물러났다. 향후 그의 행보를 어떻게 전망하나? “윤석열 전 총장한테 가서 줄을 대려 하겠지.” 국민의당과의 통합 문제는 어떻게 풀어가야 할까? “무조건 빨리해야지. 안 대표는 흔쾌히 (후보 단일과 결과에) 승복하고 오세훈 후보를 위해 마지막까지 최선을 다해 뛰었다. 또 정권을 교체해야 한다는 안 대표의 생각이 우리와 같을 뿐 아니라 힘을 합치면 선거에서 이길 수 있다는 것도 보여줬다. 안 대표와 합쳐야 윤 전 총장도 우리 쪽으로 들어올 수 있다는 걸 알아야 한다. 안 대표가 내건 통합 조건은 지분 요구가 아니다. ‘지금의 국민의힘으로는 안 되니 중도로 외연을 확장하고 변해야 한다’는 것이다. 나 역시 그렇게 주장하고 있고, 주호영 국민의힘 원내대표 마찬가지다. 빨리 통합을 서둘러야 한다.” 차기 당대표는 대권주자를 한 플랫폼에 모을 수 있어야 2015년 한반도 평화를 기원하며 제작된 노래 ‘원드림원코리아’를 녹음하고 있는 당시 문재인 새정치민주연합 대표와 김무성 새누리당 대표. / 사진:뮤직비디오 캡처 전당대회를 앞두고 일각에서는 ‘김무성 등판론’이 제기되던데. “그런 얘기를 많이 듣는 건 사실이다. 하지만 나는 순수한 마음으로 서울시장 선거 후보 단일화에 앞장섰다. 음지에서 그런 활동을 하는 사람도 있어야 한다. 앞으로도 음지에서 활동하려 한다.” 주위의 요청은 받지만, 숙고 중이라는 뜻인가? “나는 생각이 없다. 다만 우리 포럼이 그동안은 중립적인 입장을 지켰는데, 이번 전당대회에서만은 우리의 뜻을 밝히자는 얘기는 하고 있다.” 대선을 앞둔 제1야당 대표가 갖춰야 할 덕목은 무엇이라고 생각하나? “모든 초점을 정권 교체에 맞춰야 한다. 자격 없는 문재인 정권이 들어선 것은 박근혜 정권이 잘못한 탓이다. 이번에 오세훈·박형준이 당선된 것도 문재인 정권이 잘못했기 때문이다. 선거라는 게 그런 것이다. 대선에서 이기기 위해서는 반(反)문재인 세력을 다 통합해야 한다. 그전에 친이·친박, 탄핵 찬성파·반대파 다 없애고 대(大)화해를 해야 한다. 내가 앞장서서 ‘다 내 잘못이니 우리 화해하자’고 사과하고 머리 숙일 생각이다. 대통합을 한 뒤에 대권주자들을 한 플랫폼에 모아서 후보 단일화를 할 수 있는 사람이 우리 당의 대표가 돼야 한다.” 윤 전 총장의 행로를 어떻게 예상하는가? “윤 전 총장은 국민 입장에서 보면 쇼크다. 국민을 많이 놀라게 한 사람이다. 처음에는 우파를 쑥대밭으로 만든 사람이라는 비판을 받기도 했지만, 자기를 검찰총장으로 임명한 문재인 정권에 대해서도 똑같은 잣대를 들이대는 걸 보고 국민이 ‘괜찮은 사람’이라고 생각하게 된 것이 아닐까. 그러니 공정한 사회를 만들 수 있는 사람 아니겠느냐는 기대를 갖게 된 것이다. 법무부 장관이 직접 나서서 탄압했는데도 윤 전 총장은 밀리지 않고 꿋꿋이 버티며 저항했다. 지금 윤 전 총장은 ‘내가 왜 정치를 해야 하나’라는 고민의 시간을 보내고 있을 것이다. 국민 앞에 나올 때는 ‘이런 이유로 정치를 시작하겠습니다’라고 말할 수 있어야 하니까. 그래도 너무 늦으면 안 된다. 우리 당 전당대회 끝나고 나오는 게 순리라고 생각한다.” 윤 전 총장이 야권 통합 이후 들어와야 한다고 생각하나? “윤 전 총장 주변 세력이 자발적으로 움직이고 있다. 반기문 전 유엔 사무총장 때도 그랬듯이. 윤 전 총장에게 조언하는 정치인이나 국민은 윤 전 총장이 제3지대에서 신당을 만들어서 시작할 것이라고 생각한다. 그런데 그건 정치를 모르는 사람들의 생각이다. 단언컨대 그런 방식은 실패할 수밖에 없다. 제3지대가 성공하려면 제1야당이 소멸해야 하는데 그게 가능하겠나? ‘윤석열 신당’으로 넘어가는 사람들은 있겠지만, 그렇다고 제1야당이 없어지지는 않는다. 반드시 후보를 내게 돼 있다. 그렇다면 결국 지난 대선 때와 똑같은 결과가 나온다. 그런 길을 가면 절대 안 된다. 윤 전 총장과 일면식도 없지만 언젠가 만나게 되지 않을까 싶다. 윤 전 총장이 국민을 위해 잘 판단하리라 생각한다.” 안 대표는 어떤 행보를 할 것으로 예상하는가? “많이 지쳐 있을 테니 당분간은 쉬지 않을까. 어쨌든 국민의힘과 국민의당이 합당은 해야 한다. 그게 서로를 위해 좋은 일이다. 필요하면 내가 다시 만나서 설득할 생각이다.” 일각에서는 안 대표와 윤 전 총장이 모여 제3 지대를 만든다는 예상도 있다. “금태섭 전 의원과 함께 만든다는 얘기도 들리더라. 그런데 김 전 위원장은 안 대표를 배제하고 제3 지대에서 신당을 만들려 할 것으로 본다.” “내년 대선에서도 중도 파워 작용한다” 2020년 5월 형제복지원 사건 진상 규명과 과거사법 처리를 촉구하며 국회 의원회관에서 농성하던 형제복지원 피해자 최승우씨(왼쪽)가 농성을 끝낸 뒤 당시 김무성 자유한국당 의원과 포옹하고 있다. / 사진:연합뉴스 차기 대권주자의 자격은 무엇일까? “첫째, 문재인 정권이 헌법 정신을 위반해가면서까지 만든 여러 가지 정책을 바로잡을 수 있어야 한다. 둘째, 시대정신은 공정사회 추구다. 공정사회를 만들 수 있는 사람이 대통령이 돼야 한다. 셋째, 지금의 사회주의식 경제 정책을 빨리 전환할 수 있는 마인드를 가진 사람이어야 한다. 이 정권은 시장경제의 틀을 벗어나는 규제를 너무 많이 만들었다. 국회 입법의 90%가 규제 법안이다. 사업하는 사람들을 옴짝달싹하지 못하게 묶어놨다.” 국민의힘 내에도 대선 승리 가능성이 큰 후보가 있을까? “있다. 한때 ‘안철수 현상’이 대세였던 때가 있었는데 요즘에는 ‘윤석열 현상’이라고 생각한다. 윤 전 총장이 정식으로 등장한 뒤 (우리 당의) 틀 안에서 경쟁자들과 토론하면 우열이 가려질 것으로 본다. 그 과정에서 저평가됐던 사람은 올라갈 것이고, 고평가됐던 사람은 내려올 수밖에 없다.” 여권에서는 이재명 경기지사가 대선후보 여론조사 1위로 나선 가운데 이낙연 전 대표가 좀처럼 반등 기미가 보이지 않는다. “나는 오래전부터 이낙연 전 대표는 어렵다고 봤다. 사실 대선 준비는 정세균 전 국무총리가 가장 많이 했다. 세력도 가장 크다고 할 수 있다. 정 전 총리가 뛰어들면 이 지사와 2위 그룹의 격차는 더 커질 것이다. 거기에 유시민 전 의원도 가세할 것으로 예상한다. 그러면 결국 민주당 대선후보는 이 지사가 될 것이다. 그런데 이 정권은 이 지사를 불안하게 보고 있다. 또 이 지사는 반드시 (이 정권과) 차별화 정책을 쓸 것이다. 국민에게 인기 없는 문재인 주류 세력과 차별화하지 않으면 안 되니까. 그렇게 되면 (민주당은) 분열로 갈 수밖에 없다. 그걸 막아내는 게 권력의 힘인데, 이미 레임덕으로 빠졌으니 어찌하겠나.” 친문과 이 지사의 동행이 가능할까? “어렵지 않을까? 왜냐하면 이번 선거에서 민심이 폭발한 것을 보면 알 수 있을 것이다. 민심은 이미 친문을 떠났다. 그런데 권력은 마지막까지 놓지 않으려는 속성을 갖고 있다. (민주당도) 선거 끝난 직후에는 자숙하는 것처럼 보이다가 ‘우리가 뭘 잘못했냐’는 식으로 다시 고개를 들지 않는가! 대통령이 되고자 하는 사람이 인기도 없고, 말도 안 통하는 사람들과 손을 잡으려 할까?” 보선에서 중도의 힘이 크게 작용했다는 평가다. 차기 대선도 비슷한 상황이 이어질까? “물론이다. 서울시장 선거는 전국 선거이고, 대선과 매우 비슷한 양상으로 흘러간다. 그래서 내가 입버릇처럼 ‘반드시 서울시장 선거에서 이겨야 한다’고 말했던 것도 같은 맥락이다.” “국민의힘 왼쪽이 중도에 닿을 때까지 변해야” 사진:김경빈 기자 국민의힘은 어떻게 변해야 할까? “국민에게 버림받았다고 할 정도까지 떨어진 적이 있으니 다시 신뢰를 회복하기 위해서는 크게 변해야 한다. 변화하기 위해 김종인 전 위원장을 모셔왔는데, 만족할 만한 수준은 아니었다. 먼저 당은 스펙트럼이 넓어야 한다. 우리 당의 오른쪽은 극우에 닿아 있는데 왼쪽이 중도에 닿을 수 있도록 당의 정체성을 바꿔야 한다. 일례로 대북 문제에서 우리는 너무 경직돼 있다. 무조건 북한과의 대화를 반대만 할 게 아니다. 대화는 하되 원칙 있는 대화를 해야 한다고 촉구할 수 있어야 한다. 북한은 자기들이 살기 위해 핵을 개발했는데, 그걸 포기하리라고 생각한다는 게 말이 되나. 그런데도 이 정권은 북한이 핵 포기를 약속했다고 말하고 있다. 한마디로 우리도 속고 트럼프도 속았다.” 일찌감치 킹 메이커를 자임했다. 향후 대선 정국에서 어떤 역할을 하려고 하나? “나와 ‘더 좋은 세상으로’ 포럼은 (서울시장 보궐선거에서) 반문재인 연대 후보 단일화를 1차로 성공시켰다. 내년 대선에서도 그런 역할을 하려 한다. 당 밖에 있는 홍준표 무소속 의원도 빨리 불러들이고, 윤 전 총장도 우리 당으로 들어오도록 해야 한다. (윤 전 총장을) 만나게 되면 정치에 관해 조언할 것은 조언해주고 도울 건 도울 것이다. 언젠가 윤 전 총장도 우리 포럼 특강 강사로 초청할 생각이다.” 끝으로 하실 말씀이 있다면. “우리 포럼 회원들은 모두 마음을 비운 사람들이다. 오직 애국하겠다는 생각 하나로, 올바른 정권을 탄생시키는 역할을 하려고 한다. 박근혜 전 대통령은 민주주의를 제대로 실천하지 않았기에 실패했다. 문재인 대통령도 민주주의의 길을 가지 않은 탓에 지금 몰락의 길에 들어섰다고 생각한다. 국민을 위한 정권, 올바른 정권 탄생을 위해 힘을 다할 생각이다.” 글 최경호·최현목 월간중앙 기자 squeeze@joongang.co.kr / 사진 김경빈 선임기자 kgboy@joongang.co.kr",5051.161308791928,3879.531515885105,927.5384935519986
32,381,2021.04.23 ,"이재명 ""중국 어선들 영해 침범, 무관용 강력하게 대응해야""",홍수민,"이재명 경기도지사. 연합뉴스 이재명 경기도지사가 23일 우리나라 영해에서 불법조업을 하는 중국 어선과 관련해 ""무관용 강력히 대응해야 한다""고 주장했다. 이 지사는 이날 페이스북에서 ""중국 어선들의 대한민국 영해 침범과 불법조업에 대한 국민적 분노가 커지고 있다""며 이같이 말했다. 이 지사는 ""잠정조치수역이나 배타적경제수역(EEZ)도 아닌 영해까지 침범해 불법조업 하는 행위는 우리나라 어민들의 안전과 생존권을 위협하는 문제로, 우리의 법령이 허용하는 가장 강력한 대응에 나서야 한다""고 말했다. 이 지사는 ""인도네시아의 경우 불법조업 외국 어선 수백척을 침몰시키는 강경정책을 통해 불법조업을 90% 이상 감소시켰다""면서 ""우리 정부는 외국 어선의 영해 침범시엔 필히 나포하고 불법조업이 확인되면 선박을 몰수토록 하며, 만일 단속중인 해경이나 군에 무력 저항할 경우 무관용 강경대응해야 한다""고 말했다. 그는 ""중국 어선들의 우리 영해 침범에 대한 중국 정부의 방치는 명백한 주권 침해 행위""라며 ""우리 정부는 향후 이같은불법조업에 무관용 강경대응할 것임을 중국을 비롯한 각국에 대외적으로 공표하고, 자국 어선들의 횡포를 방치하는 태도에 대한 강력한 항의를 통해 이같은 사태가 재발하지 않도록 해야 한다""고 덧붙였다. 홍수민 기자 sumin@joongang.co.kr",5117.523378700931,3933.432598090109,936.2945313949986
33,385,2021.04.23 ,"박용진 ""이재명식 부동산 문제 접근, 민주당 원칙 훼손""",홍수민,"박용진 더불어민주당 의원. 중앙포토 박용진 더불어민주당 의원이 23일 이재명 경기지사의 실거주 중심의 종합 부동산세 완화 주장에 대해 ""약자를 보호하자는 민주당의 가치, 우리가 지키려 노력해왔던 원칙을 훼손하는 발언""이라고 비판했다. 박 의원은 이날 자신의 페이스북을 통해 ""이 지사는 지난해 4급 이상 경기도 공무원에게 실거주 1주택 외 모두 처분을 권고했다. 그랬던 분이 지금은 수도권 주민이 지방에 별장 개념으로 집을 더 하나 사는 것은 실거주로 보고 생필품에 준하는 보호를 해주자고 한다""며 ""정책의 일관성 없이 왜 갑자기 주장이 달라졌는지 모르겠다""고 했다. 박 의원은 ""이 지사가 생각하는 실거주의 기준은 도대체 무엇인가""라며 ""서울 사는 사람이 지방에 집을 더 하나 사는 것은 실거주이고 생필품이라면서, 지방 사는 사람이 서울에 집을 사는 것은 투기라니 무슨 말인가""라고 지적했다. 박 의원은 ""이 지사의 부동산 접근은 결과적으로 부자감세를 의미하기 때문에 정의롭지 못하다. 1주택 국민도 투기꾼으로 규정하기 때문에 부적절하다""고 했다. 이어 ""우리가 지금 고민해야 할 것은 2주택 보유자에 대한 배려가 아니라 무주택자에게 적당한 가격과 조건으로 충분한 주택을 공급할 방법을 찾는 것""이라고 덧붙였다. 앞서 이 지사는 지난 20일 서울 여의도에서 열린 한 토론회에 참석해 ""실거주용 1주택 또는 2주택에 대해선 생필품에 준하는 보호를 해야 한다""며 부동산 정책에서 실거주용과 비거주 투기를 명확히 구분해야 한다는 입장을 밝혔다. 홍수민 기자 sumin@joongang.co.kr",5199.550836750931,3997.177060964113,952.0698778159983
34,438,2021.04.22 ,"김부선 ""2007년 문성근 전화왔을때 옆에 이재명 누워있었다""",한영혜,"이재명 경기도지사를 상대로 손해배상청구 소송을 한 배우 김부선 씨가 21일 서울동부지법에서 재판 출석 전 기자들에게 발언하고 있다. 왼쪽은 강용석 변호사. 연합뉴스 이재명 경기도지사를 상대로 손해배상청구 소송을 제기한 배우 김부선씨가 22일 “2007년 12월, 대선 며칠 전 문성근 선배가 제게 ‘설악산 단체 겨울산행 동반이 가능한지’ 전화를 했었다”며 “그때 제 곁에는 이재명이 누워있었다”고 주장했다. 김씨는 이날 자신의 페이스북을 통해 전날 3억원 손해배상 청구소송 재판 관련 뉴스를 공유하면서 2007년 12월 있었던 일을 소개했다. 김씨는 또 “그분에게 ‘문 선배가 산행 제안한 것’을 자랑처럼 말했고 그분은 ‘잘됐다 좋은 분인데 사귀어 봐라’ 헛소리를 해서 대판 싸우고 5개월간 안 보는 적도 있다”고 설명했다. 이어 “그때 산행하며 이재명 말을 전한 줄 알았는데 그런 말 들은 적 없으시다니 곰곰이 생각해봤다”라며 “제 기억에 오류가 있을 수도 있음을?”이라고 썼다. 그러면서 “선배께 말씀드린 게 오래전 일이라 착오가 있을 수도 있음을 전하며 늦었지만 사과 드린다”고 했다. 김부선씨가 22일 자신의 페이스북에 올린 글. 페이스북 캡처 김씨는 2007년 이 지사와 처음 만나 15개월에 걸쳐 연인 관계를 유지했다고 주장해 왔다. 이에 대해 이 지사는 2018년 6월 경기도지사 후보 시절 “양육비 문제를 상담한 일이 있다. 그거 때문에 집회 현장에서 몇 차례 우연히 만난 게 전부”라고 해명한 바 있다. 또 “사실이 아니니까 그냥 아니라고 하고 국민들의 상식적 판단을 믿고 기다리겠다”며 “아닌 게 분명하다. 아닌 걸 증거를 대라니까 답답하다”고 했다. 한영혜 기자 han.younghye@joongang.co.kr",5283.126916381934,4063.7825180781165,968.1681603839985
35,445,2021.04.22 ,"이재명 ""다름 있어도 차별화 없다""…'독자노선' 선 그었다",오원석,"이재명 경기도지사가 지난 20일 서울 여의도 국회 글래드호텔에서 열린 청소·경비노동자 휴게시설 개선 국회토론회에서 인사말을 하고 있다. 오종택 기자 최근 이재명 경기도지사가 정부·여당과 정책적으로 각을 세우고 있는 상황에 대해 일각에서 '차별화' 포인트를 내세우고 있는 것 아니냐는 해석이 나오고 있다. 이 지사는 22일 이러한 분석은 맞지 않는다며 일축했다. 이날 이 지사는 자신의 페이스북에 '다름은 있더라도 차별화는 없습니다'라는 제목의 글을 올리며 이같이 주장했다. 그는 ""서로 다른 소리가 어울려 조화를 이룰 때 비로소 아름다운 화음을 만들어낸다. 민주주의도 마찬가지""라며 ""민주주의는 자로 잰 듯한 칼군무가 아니라, 자유로운 춤의 향연이어야 한다""고 했다. '동일함'이 아닌 '다양함'에 기반하는 민주주의를 강조하면서다. 그는 ""제가 몸담고 있는 민주당은 매우 넓고 다양한 가치관과 정치적 성향의 당원들로 이뤄져 있고, 이것이야말로 민주주의와 역사를 이끌어갈 수 있는 최대 강점""이라며 ""때로는 목소리 큰 소수가 전체 목소리인 것처럼 과잉대표되기도 하지만 이 역시 민주주의 특성상 감수해야 할 부분""이라고 적었다. 이재명 경기도지사가 22일 자신의 페이스북을 통해 최근 '차별화' 분석에 대한 생각을 밝히고 있다. [페이스북 캡처] 민주주의와 민주당에 대해 이같이 정의한 뒤 이 지사는 ""일각에서 최근 제 발언을 두고 정부와 차별화에 나서는 것 아니냐고 갈라치기를 시도한다""며 ""그러나 저는 민주당의 노선을 계승, 발전시키려는 것뿐이다. 민주당 정권, 문재인 정부의 일원으로서 모든 공과와 책임을 함께 감당하는 것은 당연한 일""이라고 주장했다. 그러면서 그는 ""누가 뭐래도 민주당은 저의 요람이며 뿌리""라고도 했다. 그는 ""수평적 정권교체의 역사적 과업을 이루신 김대중 대통령님, 권위주의를 청산하고 참여민주주의를 여신 노무현 대통령님, 촛불 항쟁의 정신 위에 3기 민주정부를 이끌고 계신 문재인 대통령님께서 앞장서 끌어오신 수레를 민주당원들과 함께 저 역시 힘껏 밀어갈 것""이라고 적었다. 차기 대통령 선거가 약 1년 앞으로 다가온 상황에서 최근 이 지사는 이른바 '경기도 독자백신'을 주장하는가 하면 '2주택도 실거주면 보호'를 주장하는 등 현 정부·여당의 정책 기조와 다른 목소리를 냈다. 이에 이 지사가 여권 주류를 향한 차별화 노선을 걷는 것이란 평가가 나왔다. 오원석 기자 oh.wonseok@joongang.co.kr",5412.730127416939,4173.447340149124,986.3490133229988
36,463,2021.04.22 ,"文 부정평가 59%로 최고…차기주자, 이재명 25% 윤석열 22%",고석현,"문재인 대통령. 뉴스1 문재인 대통령의 국정운영 부정평가가 조사 사상 최고치를 기록했다는 여론조사 결과가 22일 발표됐다. 차기 대선주자 적합도는 이재명 경기도지사와 윤석열 전 검찰총장이 계속 선두다툼을 벌이고 있다. [전국지표조사] 엠브레인·케이스탯·코리아리서치·한국리서치 등 4개 여론조사기관은 지난 19~21일 전국에서 18세 이상 남녀 1009명을 대상으로 전국지표조사(NBS)를 실시했다.문 대통령의 국정운영과 관련해 ""잘못하고 있다""는 응답은 59%로 전주 대비 1%포인트 상승해 지난해 7월 NBS 조사 시작 이래 최고치를 기록했다. 반면 ""잘하고 있다""는 응답은 35%로 지난조사와 동일했다. 지난주 청와대가 발표한 개각과 참모진 교체에 대한 평가도 팽팽했다.긍정적으로 평가하는 의견은 46%, 부정적으로 평가하는 의견은 42%로 오차범위(95% 신뢰수준에서 ±3.1%포인트) 내에서 비슷한 수준을 보였다. 이재명 경기도지사(왼쪽)과 윤석열 전 검찰종장. 오종택 기자, 연합뉴스 한편 차기 대선주자 적합도 조사에선 이 지사가 25%, 윤 전 총장이 22%로 나타나 오차범위 내 접전을 보였다. 그 뒤로 이낙연 전 더불어민주당 대표(8%), 홍준표 무소속 의원·안철수 국민의당 대표(이상 3%), 정세균 전 국무총리(2%), 심상정 정의당 의원·황교안 전 미래통합당 대표·유승민 전 의원·추미애 전 법무부장관(이상 1%) 등의 순으로 나타났다. 20대 대통령 선거 방향에 대해서는 ""제1야당으로 정권 교체를 해야한다""는 응답이 37% ""여당 정권을 유지해야한다""는 응답이 31%로 팽팽했다. ""제3세력으로 정권 교체해야한다""는 응답은 23%로 나타났다. 정당지지도는 민주당과 국민의힘이 오차범위 내에서 접전을 펼쳤다. 민주당 30%, 국민의힘 27%, 국민의당 5%, 정의당 4% 등의 순으로 나타났다. 조사와 관련한 자세한 사항은 전국지표조사 홈페이지와 중앙선거여론조사심의위원회 홈페이지를 참조하면 된다. 고석현 기자 ko.sukhyun@joongang.co.kr",5494.1933857279355,4224.140907512127,1013.7285925659982
37,491,2021.04.21 ,"정세균 ""이재명, 러 백신 언급 전 먼저 정부에 물어봤어야""",나운채,"지난해 12월9일 정세균 당시 국무총리가 경기도 수원시 경기도청에서 열린 신종 코로나바이러스 감염증(코로나19) 대응 중앙재난안전대책본부회의에 앞서 이재명 경기도지사와 대화하고 있다. 연합뉴스 정세균 전 국무총리가 이재명 경기도지사의 신종 코로나바이러스 감염증(코로나19) 러시아산 백신 도입 주장에 대해 “현재 시점에서 적절하지 않다”라고 말했다. 정 전 총리는 21일 MBN 뉴스에 출연해 “국민은 어떻게 생각하실까”라고 반문하며 이같이 밝혔다. 정 전 총리는 “현재 아스트라제네카(AZ)와 화이자 백신을 접종하고 있는데 국민 선호가 조금 있다”며 “그런데 아마 러시아 백신의 경우에는 (선호 차이가) 더 심할 수 있다”고 설명했다. 이어 “그런 말씀을 청와대에 하기 전에 정부에 상황을 물어보는 게 좋지 않았을까”라며 “작년부터 보건복지부가 러시아산 백신에 대해서도 나름대로 조사를 해 왔고, 정보도 갖고 있다”라고 말했다. 그러면서 “현재 러시아산을 빼고도 7900만명분 (백신을) 계약을 한 상태고, 순서대로 들어오고 있다”며 “스케줄이 조금 늦춰질 수는 있지만, 현재 잘 입고가 되고 있다”고 강조했다. 정 전 총리는 “계약된 물량 이외의 다른 물량에 대해서 국민의 수용성도 생각해야 한다”며 “제안이 있으면 정부로서는 잘 검토해야 하겠지만, 현재 시점에서는 적절한 것 같지 않다”고 말했다. 이 지사는 이날 러시아산 코로나19 백신 ‘스푸트니크V’를 포함한 다양한 백신의 공개 검증을 청와대에 요청했다고 밝혔다. 청와대는 스푸트니크V를 포함해 새로운 백신 도입 가능성을 검토 중인 것으로 알려졌다. 한편 정 전 총리는 대선 출마 가능성에 대해 “민주당 전당대회가 끝나고 나면 제가 생각하는 정치적 입장에 대해 아마 국민에 소상하게 보고드릴 기회가 있을 것”이라고 즉답을 피했다. 나운채 기자 na.unchae@joongang.co.kr",5581.602591094941,4290.292555940132,1036.4765481319976
38,513,2021.04.21 ,"문자폭탄 비난한 이재명, 친문 일각 ""싸우자는거냐 나가라""",오현석,"이재명 경기도지사가 20일 서울 여의도에서 열린 청소·경비노동자 휴게시설 개선 토론회에서 참석자 소개를 들으며 박수치고 있다. 이 지사는 이날 행사 직후 일부 강성 권리당원들의 '문자 폭탄' 공격을 비판했다. 오종택 기자 “의견 표현의 방식이 폭력적이거나 상례를 벗어나는 경우는 옳지 않다.” 열흘 넘게 이어오던 침묵을 깬 이재명 경기지사가 20일 ‘문자 폭탄’ 공격에 대해 한 말이다. 선거 참패 뒤 당 쇄신을 촉구했던 초선 의원들에게 수천통의 항의·욕설 문자를 보낸 더불어민주당의 일부 강성 당원들을 대놓고 비판한 것이다. 이 지사는 이날 서울 여의도에서 열린청소·경비노동자 휴게시설 개선 토론회 참석 직후 기자들과 만나 “(그들이) 하지 말란다고 안 하지도 않을 것”이라며 “한다고 해도 거기에 크게 비중 두지 않고 크게 영향받지 않으면 아무 문제가 없다”고 밝혔다. 이어“(번호를)1000개쯤 차단하면 (항의 문자가) 안 들어온다고 한다”는 말도 했다. 친문 일각 “아주 잘못된 판단…뭔데 막말하나” 이 지사의 발언에 일부 친문(親文) 진영에선 강한 불쾌감을 나타냈다. 한 친문 의원은 “이 지사가 아주 잘못 판단하고 있는 것”이라고 비판했다. “문자 폭탄을 보내거나 욕하는 사람이 극소수인 것은 맞다. 하지만 국회의원에게‘너네 더 열심히 해’라고 하는 당원에게 ‘너희들은 강성이야, 가만히 있어’라고 말하는 건 감정싸움을 하자는 것”이란 논리였다. 21일 민주당 홈페이지 권리당원 게시판에도 항의가 이어졌다. 한 당원은 이 지사를 향해 “당원들을 폭력적이라고 표현하시다니 찔리는 게 많으신가”라며“제발 탈당하라”고 적었다. 게시판엔 “자기가 뭔데 문파(文波·친문 지지자)를 1000명 차단하면 된다고 막말을 하는지 놀랍다”는 글도 올라왔다. 4년 전에도 ‘문자 폭탄’에“당 망치는 행위” 이재명 경기지사가 성남시장이던 2017년 1월 국회 의원회관에서 열린 토론회에 참석해 더불어민주당 참석 의원들과 기념촬영을 하는 모습. 당시 이 지사는 일부 당원들의 욕설문자에 대해 ""당을 망치고 민주주의를 파괴하는 행위""라고 강하게 비판했다. 중앙포토 이 지사는 과거 성남시장 시절에도 강성 당원들의 ‘문자 폭탄’ 공격을 강도 높게 비판했다. 2017년 1월 이 지사는 당내 비문(非文) 의원들에게 욕설 문자가 쇄도하자“생각이 다르다고 해서 공격하고 때리고 내쫓고 나가라고 하는 건, 당을 망치고 민주주의를 파괴하는 행위”라고 했다. 다만 이 지사는 이후 4년 동안은 강성 권리당원에 대해 별다른 비판을 하지 않았다. 특히‘트위터 계정주’ 사건으로 곤욕을 치른 2018년 말에도 이 지사는 자신의 결백함만 주장했을 뿐, 일부 반(反)이재명 성향 당원들의 탈당 요구에 대해 대응을 하지 않았다. 이런 이 지사가 다시 ‘문자 폭탄’ 사태를 비판한 건 당 지지율이 폭락하고 있는 현재의 위기 상황과 무관치 않다는 분석이다. 민심과 유리된 강성 당원들의 주장만 바라보다간 정권재창출이 어려워질 수 밖에 없다는 것이다. “80만명 당원 중 몇 명 되겠냐” 이 지사와 가까운 한 의원은 “결국엔 당에서 대선 후보를 선출한 뒤 그 후보를 중심으로 위기를 수습해야 하는 상황""이라며 ""어차피 당 게시판에 글을 쓰는 극소수고, 꼬리도 아닌 깃털에 끌려가면 민심과의 괴리를 좁힐 수 없다”고 말했다. “민주당 권리당원이 80만 명이고 일반 당원은 300만 명이다. 그중 (강성 당원이) 과연 몇 명이나 되겠는가”라는 이 지사의 인식도 비슷하다. 이는 과거 이해찬 전 대표의 발언과도 맞닿아 있다. 이 전 대표는 2019년 11월 “권리당원 70만명 중 (게시판에) 글을 올리는 건 2000명 정도로 아주 극소수”라고 말했다. 이번에 이 지사가 언급한 강성 당원 규모는 절반가량인 1000명이다. 한 친(親)이재명계 의원실 관계자는“과거 ‘이재명·이해찬은 당을 떠나라’고 소리치던극성 당원들이 최근 급격히 줄었다”며 “영향력이 줄면서 우리 측 지지자들 사이에도 ‘대응하지 말고 무시하자’는 기류가 커졌다”고 말했다. 오현석 기자 oh.hyunseok1@joongang.co.kr",5758.558524026947,4455.720053588149,1068.7812235729969
39,531,2021.04.21 ,이재명 “러 백신 ‘스푸트니크V’ 도입 공개 검증 靑에 요청”,배재성,"이재명 경기도지사. 뉴스1 이재명 경기도지사는 21일 러시아산 스푸트니크V를 포함한 다양한 백신의 공개 검증을 청와대에 요청했다고 말했다. 이 지사는 이날 “러시아 백신은 국내에서 위탁 생산이 가능하다. 안정성을 검증하면 가격도 싸고 구하기도 쉽고 하나의 대안이 될 수 있는데, 진영대결 때문에 터부시돼 있다""며 ""국민 생명과 안전 문제를 갖고 진영에 휘둘리면 안 된다”고 했다. 이어 ""개방적 자세로 백신 검증을 신속하게 자체적으로 진행해서 개방적으로 대안을 마련해야 하고, 그게 (모더나 백신 등 도입에) 지렛대가 될 수 있다""며 ""최악의 상황에 대비해 최선을 마련해야 한다""고 강조했다. 그러면서 ""이미 청와대 쪽에 연락해 검토를 요청했다""고 덧붙였다. 이 지사는 백신 조기 도입 방안과 관련한 경기도 관계부서 대책회의에서도 러시아 백신을 직접 언급하며 개방적인 백신 검증을 강조했다. 경기도는 이날 회의 결과 브리핑에서 “백신 선택 폭을 넓히기 위해 스푸트니크 백신을 포함한 백신 공개 검증의 장을 열어 조속히 국민의 안전과 생명을 지키는 것이 필요하다는 입장을 확인했다”며 “경기도는 정부와 방역당국에 이런 의견을 전달할 예정”이라고 설명했다. 아울러 “백신 접종 결과를 최대한 파악해 안전성과 면역력 및 구매 가능성을 검증함으로써 선택의 다양성을 확보하고, 방역당국과적극 공조할 예정""이라며 ""국민 안전을 위한 백신 물량을 최대한 확보하고, 우리 국민이 접종한 뒤 남는 물량은 수출하거나 인도적 지원을 하는 등 후속 방안도 마련 중”이라고 덧붙였다. 앞서 이 지사는 15일 경기도의회 도정 질의에 대해 “다른 나라들이 개발해 접종하고 있는 (국내 미도입) 백신들을 경기도에서라도 독자적으로 도입해서 접종할 수 있을지를 실무적으로 검토하고 있다”고 밝힌 바 있다. 러시아제 '스푸트니크 V' 백신 [리아노보스티=연합뉴스] 그러나 일부 전문가들은 스푸트니크V 백신에 대해 “혈전 부작용이 드러난 아스트라제네카·얀센 백신과 같은 전달체 방식인데다 부작용 여부가 투명하게 공개되지 않고 있다”며 도입에 부정적인 의견을 내고 있다. 지엘라파와 자회사 한국코러스는 러시아 국부펀드(RDIF)와 계약해 스푸트니크 V 백신을 5월부터 국내에서 생산할 예정이지만, 이는 전량 수출용이다. 이를 국내에서 사용하려면 식품의약품안전처의 허가를 받아야 한다. 손영래 중앙사고수습본부 사회전략반장은 이날 정례 브리핑에서 이 지사의 이런 제안을 고려하고 있느냐는 질문에 “아직까지 본격적으로 논의하고 있지는 않다”고 밝혔다. 손 반장은 “현재 세계적으로 스푸트니크V에 대한 허가와 검증 절차들이 병력적으로 일어나고 있어서 저희(정부)도 주목하고 있다”며 “유럽의약품청(EMA)에서도 이를 검토하고 있는 것으로 안다. 우선 상세한 데이터들을 계속 확보하고 외국에서의 허가 사항을 함께 참고하면서 검토하겠다는 것”이라고 말했다. 스푸트니크V는 러시아가 자체 개발한 코로나19 백신으로, 아스트라제네카나 얀센과 같은 바이러스 벡터 방식으로 만들어졌다. 효능은 97.6%다. 배재성 기자 hongdoya@joongang.co.kr",5932.096585014948,4565.4152179411585,1093.4787339769987
40,589,2021.04.20 ,"침묵 깬 이재명 실용론 꺼냈다 ""티끌만이라도 계속 민생 개혁""",한영익,"“티끌 만이라도, 작은 성과” 강조한 이재명 이재명 경기도지사가 20일 서울 여의도 국회 인근 글래드호텔에서 열린 청소?경비노동자 휴게시설 개선 국회토론회에서 인사말을 하고 있다. 오종택 기자 4ㆍ7 재보선 참패 이후 잠행하던 이재명 경기지사가 20일 “실용적 민생 개혁”을 화두로 꺼내며 활동을 개시했다. 이 지사는 이날 오전 여의도에서 열린 ‘청소ㆍ경비노동자 휴게시설 개선 토론회’에 참석한 직후 기자들과 만나 “거대한 개혁담론도 중요하지만 일상적 삶을 개선하는 실천적 민생 개혁이 정말 중요하다. 경기도 안에서라도 맡은 역할에 최선을 다하겠다”며 이같이 말했다. 여권의 여론조사 선호도 1위 대선주자인 이 지사는 재보선 이튿날(8일) “준엄한 결과를 마음 깊이 새기겠다”고 한 뒤엔 침묵을 지켜왔다. 재보선 패배 이후 더불어민주당 쇄신 방향에 대해서도 이 지사는 “국민들 삶 속에, 현장에 천착해야 한다”고 강조했다. “거대한 개혁과제는 거대한 반발을 수반할 수밖에 없고 성과를 내기 쉽지 않다”는 이유다. 이 지사는 토론회 참석에 앞서 쓴 페이스북에서도 “정치는 실용적 민생 개혁의 실천이어야 한다. 조선 광해군 1년 대동법의 초석을 놓은 이원익 선생도 ‘백성이 오직 국가의 근본, 그 밖의 일들은 전부 군더더기일 뿐’이라며 민생 문제 해결을 정치의 첫째 임무로 꼽았다”고 말했다. 이 지사가 제시한 방법론은 ‘미시 입법’이다. “국민 삶이 티끌 만이라도 나아질수 있게 작은 성과를 끊임없이 만드는 노력을 해야한다”는 구상이다. 이 지사의 이날 메시지에는 “턱없이 부족한 작은 시도일지라도 당사자들에게는 절실한 민생 문제” “작지만 국민 삶이 담겨있는 일” “티끌모아 태산이라는 건 정당의 매우 중요한 가치” 등 작은 성과를 강조한 말이 곳곳에 담겼다. 현직 지사, 비문 주자라는 존재론적 고민 (서울=뉴스1) 구윤성 기자 = 이재명 경기도지사가 20일 서울 여의도 글래드호텔에서 열린 청소·경비노동자 휴게시설 개선 국회토론회에서 참석자 소개를 들으며 박수치고 있다. 뉴스1 미시적 성과를 강조한 이날 이 지사의 발언엔 존재론적 고민이 녹아있단 분석이다. 이 지사측 관계자는 “현직지사 신분으로 중앙정치 이슈에 의견을 지속적으로 내기 어려운 환경”이라며 “당 쇄신과 관련해 적극적인 목소리를 내는 것 역시 친문(親文ㆍ친문재인) 주류의 오해를 살 수 있어 조심스럽다”고 말했다. 현역 지사이자 비문(非文) 대선주자인 이 지사에게 운신의 폭이 그리 넓지 않다는 의미다. 구체적 사례로는 ▶청소노동자 휴게시설 개선 ▶보호종료 아동 주거ㆍ자립지원금 증액 ▶플랫폼 노동자 산재보험료 지원 ▶수술실 폐쇄회로(CC)TV 설치 등의 방안 등을 열거했다. 이어 “작은 변화를 만드는 것에 집중하겠다. 민생을 해결하는 정치의 효용성에 대한 신뢰를 되찾을 수 있다면 벽이 아무리 높다해도 포기하지 않겠다”고 강조했다. 당권 주자들 가운데는 연일‘민생 입법’을 강조하는 우원식 의원과 유사한 입장이라는 평가다. 이 지사가 민주당 대선 주자로 확정될 경우, 9월 정기국회 때부턴 본격 승부수를 띄울 거란 관측이 우세하다. 이미 제출된 ▶토지분리형 분양주택 기본법(노웅래 의원) ▶공공주택 특별법(이규민 의원)▶토지임대부 기본주택 특별법(박상혁 의원) 등 기본주택 관련법 드라이브에 더해,‘이재명표 입법’에 드라이브를 걸 거란 관측이다. 문자폭탄…“1000개쯤 차단하면 안온다” 한편, 이 지사는 이날 당 안팎에서 논란이 되고 있는 강성당원 문자폭탄 문제에 대해서도 입을 열었다. 이 지사는 몇몇 의원들을 향한 강성 당원들의 문자폭탄과 관련 “의견이 다양할 수 있지만 표현 방식이 폭력적이거나 상례를 벗어난다면 옳지 않다”며 “그들이 과잉대표 되는 측면이 있다”고 말했다. 이어 “신경 안 쓰면 아무 것도 아니다. 제가 겪어본 바로는 (전화번호를) 1000개쯤 차단하면 (문자폭탄이) 안온다고 하더라”고 말했다. 당심과 민심이 괴리된다는 지적과 관련해선 “일치하기 쉽지 않다”고 말했다. “국민들 중에는 국민의힘을 지지하는 분들도 계시고 정당 자체를 거부하는 분들도 있다”는 이유다. 이 지사는 다만 “(당심이) 국민의 뜻에 부합하도록 노력해야 하고, 소수의 격한 표현방식에 대해 과도하게 영향받지 않았으면 한다”고 말했다. 한영익 기자 hanyi@joongang.co.kr",6173.961529754951,4721.213056950172,1124.5874989779975
41,594,2021.04.20 ,"이재명 ""2주택도 실거주면 보호해야…별장은 제재 필요없다""",고석현,"이재명 경기도지사가 20일 오전 서울 여의도 글래드호텔에서 열린 청소·경비노동자 휴게시설 개선 국회토론회에 참석해 인사말을 하고 있다. 뉴스1 이재명 경기도지사가 ""실거주용 1주택 또는 2주택에 대해선 생필품에 준하는 보호를 해야 한다""고 밝혔다. 이 지사는 20일 서울 여의도에서 열린 청소·경비 노동자 휴게시설 개선 토론회에 참석한 뒤 기자들과 만나 ""우리는 가구당 몇 채를 가지고 있냐, 가격이 얼마냐에 집중하는 경향이 있다""며 ""주택 정책의 핵심은 (주택이) 실거주용이냐, 투기 수단이냐에 따라 구분하는 것""이라고 말했다. 그러면서""실거주용 보유로 고통스럽지 않아야 하고, (투기로) 불로소득을 못 얻게 해야 부동산 문제는 해결될 것""이라고 덧붙였다. 그러면서도 ""부동산 불로소득은 대한민국의 미래를 망치는 망국적 병폐""라고 비판했다. 이 지사는 구체적으로 ""거주 여부에 상관없이 1가구 1주택을 보호하다 보니 지방에 사는 사람들조차도 전세를 끼고 강남에 갭 투자를 하는데 이것은 옳지 않다""며""수도권 사는 사람이 별장을 만들어서 주말에 이용한다면 이건 2주택이라고 해서 제재할 필요는 없는 것""이라고 사례를 들었다. 또""불로소득이 불가능할 정도의 강력한 환수 장치를 만들어야 한다""며 ""오롯이 임대를 목적으로 하는 임대 사업자에 대한 취득세·양도소득세·보유세·임대소득세 등 특혜를 주는 것은 도저히 납득할 수 없다""고 덧붙였다. 더불어민주당 일각에서 나오는 종합부동산세 완화론에 대해선 ""실거주용에 대해서는 보호장치를 확대하고 비주거용 투자 자산에 관해서는 부담을 늘리는 방식으로 사회적 합의를 충분히 할 수 있다""고 했다. 실거주일 경우 종부세 완화도 검토해볼 수 있다는 취지로 보인다. ""문자폭탄, 신경 안쓰면 아무 것도 아냐"" 한편 이 지사는 강성 당원 문제에 대해""과잉 대표되는 측면이 있고 과잉 반응하는 측면이 있다""며 ""신경을 안 쓰면 아무것도 아니지 않나. (연락처를) 1000개쯤 차단하면 (문자 폭탄이) 안 들어온다고 한다""고 웃으며 받아넘겼다. 또 민주당의 4·7 재보선 참패와 관련해서는 ""정말 깊이 반성해야 하는 시점""이라며 ""면목 없다. 죄송하다. 새 지도부가 철저히 국민과 당원의 뜻을 좇아서 국민이 바라는 나라로 가는 지도 체제가 되길 바란다""고 했다. 고석현 기자 ko.sukhyun@joongang.co.kr",6292.275881726951,4805.548628499174,1144.6533044459952
42,605,2021.04.20 ,"이재명, 재보선 참패 12일 만에 SNS…'대동법' 꺼내들었다",김은빈,"이재명 경기지사. 연합뉴스 이재명 경기지사가 20일 페이스북에서 ""지금 해야 할 일은 낮은 자세로 주권자를 두려워하며, 국민의 삶을 개선하기 위해 작든 크든 '실용적 민생개혁 실천'에 끊임없이 매진하는 것""이라고 밝혔다. 지난 8일 재보선 참패와 관련 ""국민께 더 가까이 다가가기 위해 더 치열하게 성찰하겠다""고 밝힌 지 12일 만에 내놓은 첫 SNS 메시지다. 이 지사는 이날 오전 올린 글에서 ""정치는 실용적 민생 개혁의 실천이어야 한다""며 이같이 말했다. 그는 ""결국 정치는 더 나은 세상을 실천적으로 만들어가는 과정""이라며 ""그래서 정치에선 작든 크든 민생에 도움이 되는 실질적 개혁을 실천하고 있는지 깊은 성찰이 필요하다""고 했다. 이어 ""더 나은 질서와 더 나은 세상을 만드는 것이 정치이고, 정치는 정책으로 구현되는 것이라면, 기존 정책에서 이익을 얻던 이들의 변화에 대한 반발과 저항은 당연한 일""이라며 ""설득과 타협을 하되 국민이 원하고 해야 될 옳은 일을 관철하라고 부여한 권한을 적절히 행사해야 한다""고 말했다. 이 지사는 ""더 효율적인 개혁일수록 저항은 그만큼 큰 법이고, 반발이 적은 작은 개혁도 많이 모이면 개벽에도 이를 수 있다""며 ""기득권을 넘기 어려워 포기하고 작은 것은 시시해서 시도하지 않는다면 세상은 바뀌지 않을 것""이라고 강조했다. 이 지사는 글에서 ""조선시대 최고의 개혁""이라며 대동법(공물을 쌀로 통일해 바치게 한 납세제도)을 언급하기도 했다. 그는 ""완평 이원익 선생이 광해군 1년에 초석을 놓았던 대동법은 숙종 대에 이르러 전국에서 꽃을 피웠다""며 ""민생을 최우선했던 선현들의 대를 이은 노력이 100년에 걸쳐 대동법을 완성했듯이, 티끌만 한 성과를 부지런히 이뤄내면 그것이 쌓이고 쌓여 태산 같은 변화를 만들어낼 것""이라고 말했다. 또 ""그분들께 감히 비할 수 없겠지만 마음만큼은 늘 따라가고자 하루하루를 다잡는다""며 ""아동복지시설 등에서 보호받다 18세가 되어 시설을 떠나야 하는 보호 종료 아동의 자립을 돕기 위한 주거, 자립지원금 증액, 사회적기업 고용 기간 연장이나, 산재보험 사각지대에 처한 플랫폼 노동자들의 산재 보험료 지원 사업도 작은 것부터라도 바꿔보자는 노력의 일부""라고 소개했다. 이 지사는 ""권한과 역할이 제한적이고 비록 세상을 바꾸기엔 턱없이 부족한 작은 시도일지라도 당사자들에게는 절실한 민생 문제""라며 ""앞으로도 할 수 있는 작은 변화를 꾸준히 만들어내는 것에 집중하겠다. '민생을 해결하는' 정치의 효용성에 대한 신뢰를 되찾을 수 있다면, 벽이 아무리 높다 해도 포기하지 않겠다""고 다짐했다. 김은빈 기자kim.eunbin@joongang.co.kr",6441.244643895955,4922.74631900218,1161.820904383996
43,658,2021.04.19 ,윤석열 51.1% 이재명 32.3%…윤석열 51.6% 이낙연 30.1% [리얼미터],이가영,"이재명 경기도지사(왼쪽)과 윤석열 전 검찰종장. 오종택 기자, 연합뉴스 윤석열 전 검찰총장이 차기 대선후보 선호도에서 여권 후보와의 양자 대결에서도 오차 범위 밖 우위를 점했다는 여론조사 결과가 나왔다. 여론조사 전문기관 리얼미터가 YTN 의뢰로 지난 16일 전국 18세 이상 유권자 1011명을 대상으로 조사해 19일 발표한 조사에 따르면 윤 전 총장이 37.2%로 가장 높은 선호도를 보였다. 이재명 경기지사(21.0%)와 이낙연 전 더불어민주당 대표(11.0%)가 뒤를 이었다. 또 홍준표 무소속 의원 5.9%, 안철수 국민의당 대표 5.0%, 유시민 노무현재단 이사장 2.4%, 정세균 전 국무총리 2.4%, 유승민 전 국민의힘 의원 2.2%, 심상정 정의당 의원 1.7% 순이었다. 차기 대선주자 선호도. 그래픽=신재민 기자 shin.jaemin@joongang.co.kr 윤 전 총장을 선호하는 응답자는 국민의힘 지지층(68.0%)과 보수성향(54.6%)에서 많았다. 또 대구‧경북 거주자(42.1%), 60세 이상(51.0%)에서도 윤 전 총장을 차기 대선주자로 선호한다는 응답이 높았다. 이 지사를 선호하는 응답자는 민주당 지지층(45.8%)과 진보성향(40.2%)이 두드러졌다. 40대에서 35.0%로 다른 연령대에 비해 높은 지지율을 보였다. 윤 전 총장과 이 지사, 이 전 대표 간의 양자 가상대결 시 ‘윤 전 총장에게 투표하겠다’는 비율은 과반을 넘어섰다. 윤 전 총장은 이 지사와의 양자 가상대결에서 51.1%의 지지율을 얻어 32.3%를 얻은 이 지사를 18.8%p 차이로 앞섰다. 윤 전 총장과 이 전 대표의 양자 가상대결에선 윤 전 총장이 51.6%, 이 전 대표가 30.1%로 21.5%p 차이가 벌어졌다. 지역별로는 광주‧전라와 충청권을 제외한 지역에서 윤 전 총장에게 투표하겠다는 응답이 높은 비율을 보였다. 연령별로는 40대를 제외한 모든 연령대에서 윤 전 총장에게 투표하겠다는 응답이 절반 혹은 과반으로 나타났다. 이번 집계는 무선(90%)·유선(10%) 무작위 생성 표집틀을 통한 임의 전화걸기(RDD) 자동응답 방식으로 실시했다. 통계보정은 2021년 3월 말 행정안전부 주민등록 인구통계 기준 성, 연령, 권역별 가중치 부여 방식으로 이루어졌고, 표본오차는 95% 신뢰수준에서 ±3.1%p다. 응답률은 3.5%. 자세한 여론조사 내용은 중앙선거여론조사심의위원회 홈페이지를 참조하면 된다. 이가영 기자 lee.gayoung1@joongang.co.kr",6526.914865409952,4978.118944565183,1199.749654739997
44,669,2021.04.19 ,'마의 10%' 뚫으면 해볼만…이재명 대항마 제3후보 누구,심새롬,"정세균 전 국무총리와 이재명 경기도지사가 지난해 12월 경기도청에서 신종 코로나바이러스 감염증(코로나19) 대응 중앙재난대책본부회의를 마치고 코로나19 홈케어시스템 운영단을 살펴보고 있다. 두 사람은 이낙연 전 민주당 대표와 함께 여권 내 차기 대선 주자 '빅3'로 불린다. 뉴스1 이재명 경기지사의 대항마를 자처하는 더불어민주당 제3주자들의 물밑 경쟁이 본격화하고 있다. 4·7 재·보선 참패로 민주당의 대권 주자 모두가 적잖은 타격을 입었지만 1년 가까이 지속한 이재명·이낙연 양강 구도가 급속히 허물어지면서 역설적으로 제3주자들의 공간이 열리고 있다. 엠브레인퍼블릭·케이스탯리서치·코리아리서치·한국리서치가 지난 12~14일 실시한 조사에서 이 지사는 26%의 지지율로 1위를 유지했지만 이 전 대표는 8%에 그쳤다. (※자세한 내용은 중앙선거여론조사심의위원회 홈페이지 참조) 배종찬 인사이트케이 소장은 “현재 이 지사가 가진 지지율 중 10%포인트가량은 언제든 다른 후보에게 갈 수 있는 유동층”이라며 “여기에 최근 이탈한 이낙연 전 대표의 지지율을 감안하면 제3후보가 움직일 공간이 충분하다”고 말했다. 이준호 에스티아이 대표도 “마의 10%를 뚫기 위한 진영 내 경쟁이 본격화될 것”이라고 말했다. 유시민 노무현재단 이사장은 16일 재단 유튜브 방송에서 자신을 둘러싼 '제3후보론'에 대해 ""남의 인생을 장난감 취급하는 것“이라며 ”이른바 ‘친문 후보 옹립론’은 모욕적 표현“이라고 말했다. 연합뉴스 친문의 대안으로 끊임없이 거론돼 온 유시민 노무현재단 이사장에 대한 기대가 꺾여가는 것도 다른 주자들에겐 공간으로 읽힐 수 있다. 유 이사장은 지난 16일 재단 유튜브 방송에 나와 “남의 인생을 장난감 취급하는 것”이라며 ”지금도 (정계 은퇴 선언했던) 그 생각 그대로고 앞으로도 그럴 것이고 다시 선거에 나가거나 정부에서 일하거나 하지 않을 것”이라고 선을 그었다. 선수로 돌아온 정세균 지난 16일 자리를 내려온 정세균 전 국무총리는 지지율과 무관하게 이미 ‘빅3’로 불리고 있다. 정 전 총리는 최근 주변에“지금은 조용히 지내야 할 때”라고 말했다고 한다. 그러나 주변의 움직임은 이미 분주하다. 최근 여의도 용산빌딩에 캠프 구축을 위한 사무실이 마련됐고 정세균계 의원 모임인 ‘광화문 포럼’은 지난 14일 ‘4·7 보궐선거 분석과 민주당이 가야 할 길’이라는 주제로 강연회를 열었다. 이 자리엔안규백, 김영주, 이원욱, 김성주, 안호영 등 정세균계를 비롯한 40여 명의 의원이 모였다. 그의 당 복귀는 금의환향은 아니었다. 임기 내내 주력했던 코로나19 방역 상황이 좋지 않은 데다 4·7 재·보선은 정권 심판론이 뒤덮었기 때문이다. 정 전 총리가 19일 대정부질문에 나서지 않게 되자 야당에선 “후임자가 인사청문회를 통과해 임명될 때까지 맡은 바 소임을 다하는 것이 공직자의 당연한 도리”(황규환 상근부대변인)라는 비판도 나왔다. 정세균 국무총리가 16일 오후 서울 종로구 세종대로 정부서울청사에서 이임식을 마친 뒤 청사를 떠나며 인사말을 하고 있다. 그는 이임사에서 “더 이상 국민이 정치를 걱정하게 하지 않고 아니라 정치가 국민의 삶과 미래를 책임져야 한다”며 ""새로운 출발""을 언급했다. 뉴스1 “대통령에 대한 신의성실을 다하기 위해 이미 한참 전에 대통령에게 재·보선 이후에 당으로 돌아갈 것이라는 이야기를 했었다”는 게 정 전 총리 측의 설명이다. 그의 한 측근 인사는 “현재로서는 4·19 혁명 행사 외에 정해진 일정이 없다”며“1년여 전 집필을 마치고 출간을 준비해 온 저서를 내는 것으로 공개 행보를 재개할 계획”이라고 전했다. ‘강성’ 추미애, ‘정책’ 이광재 온화한 이미지의 정 전 총리가 중도·포용·통합 등의 키워드를 연상시키는 주자라면 추미애 전 법무부장관은 선명성이 무기다. 추 전 장관은 17일 세월호 7주기를 맞아 자신의 페이스북에 “촛불광장의 민주당 대표”였음을 강조하며“촛불의 간절함과 기도를 잊지 말고 국회는 진실을 밝히길 부탁한다”고 적었다. 4·7 재·보선 참패 후 처음 올린 글이었다. 최근 강성 지지자들과 SNS 소통을 즐긴다는 추 전 장관의 페이스북 자기소개글은 ‘휘어지면서 바람을 이겨내는 대나무보다는 바람에 부서지는 참나무로 살겠습니다!’다. 지난 3월 제주 4·3 평화재단 초청으로 제주도를 방문했을 때 “문재인 대통령이 정국을 구상했다는 둘레길 인근에서 두 시간 넘게 머물며 대선 출마 마음을 굳혔다”는 이야기가 측근들에게서 나오지만, 아직 출마 선언 시기는 미정이다. 민주당의 한 재선 의원은“극성 지지층이 추 전 장관의 동력이라지만 추·윤 갈등이 지난 재·보선 패배의 직접적 원인으로 거론되고 있어 운신의 폭이 넓진 않다”고 말했다. 추미애 전 법무부장관이 지난 3월 17일 오후 제주시 봉개동 4·3평화공원을 찾아 참배하고 있다. 연합뉴스 ‘원조 친노’ 이광재 의원은 연일 정책 차별화를 위한 제안을 쏟아내고 있다. 그는 18일 오전 KBS에 출연해 “원래 노무현 대통령 시절에 상위 1%였다. 지금 대략 서울 같은 경우가 16%면 너무 많다”며 종부세 완화를 위한 구체적 기준을 제시했다. “지금 현재 9억을 대폭 상향해야 한다”,“생애 첫 주택에 대해서는 대출을 좀 풀어야 한다”며 부동산 민심을 겨냥했다. 그간 신산업·에너지 분야 초점을 둬 온 이 의원은 최근 복지정책을 가다듬는 데 공을 들이고 있다. 이 의원의 한 측근 인사는 “결국 당내 경쟁에선 복지 담론이 1차 전선이 될 것”이라며“이재명 지사의 기본소득 주장에 맞설 복지 담론을 내놓을 것”이라고 말했다. 그는 지난 재·보선에서“나는 부산의 사위”라며 상대적으로 패색이 짙었던 PK 공략에 집중했다.“선거는 졌지만 이 의원은 부산 지지층에 강한 인상을 남겼다”(부산 지역 민주당 인사)는 말이 나온다. 박용진·양승조도 분주 지난 3월 일찌감치 대선 도전을 공식화한 박용진 의원은 빠른 보폭으로 이슈를 선점하기 위해 애쓰고 있다. 오는 19일 출간하는 저서『박용진의 정치혁명』에 현재의 징병제를 폐지하고, 남녀 모두 40~100일간 기초군사훈련을 해 예비군을 양성하자는 내용 등을 담았다고 한다. 민주당의 지지 공백이 확인된 2030 남성층을 자신의 기반으로 끌어오기 위한 포석이라는 평가가 나온다. 더불어민주당 소속 이광재 의원(사진 왼쪽)과 박용진 의원. 임현동 기자 양승조 충남지사 주변에서도 “내달 출마 선언을 준비 중”이라는 말이 나온다. 그는 16일 페이스북에“지금 일부 지역에서 ‘방역 차별화’로 국가방역체계를 흔들고 있다”며 “방역 대책 근간을 무너뜨리는 ‘제각각 대책’은 안 된다”는라고 썼다. 이재명 지사가 경기도 의회에서 백신 독자 도입을 검토하겠다고 했다는 보도가 나온 직후 올린 글이다. 심새롬 기자 saerom@joongang.co.kr 관련기사이낙연 ""文과 차별화? 대통령 안하면 안했지 文 배신 못한다""""조국 반성한다""더니…여당 초선들, 1주만에 '문파' 러브콜이재명 “경기 독자백신 검토”…현 정부와 차별화냐 술렁",6866.681234107952,5230.015161608198,1267.5092036389985
45,703,2021.04.18 ,"유승민 ""이재명은 허경영급, 내 정책엔 포퓰리즘 아예 없다""[정치언박싱]",허진,"■ 중앙일보 ‘정치 언박싱(unboxing)’은 여의도 정가에 떠오른 화제의 인물을 ‘비디오 상자’에 담아 여러분을 찾아갑니다. 정치권의 새로운 이슈, 복잡한 속사정, 흥미진진한 뒷얘기를 정리해드립니다.「 」 유승민 전 국민의힘이 지난 12일 중앙일보 ‘정치언박싱’에 출연했다. 그는 “내가 까칠하다고 생각하는데 사실은 이웃집 아저씨 같다”고 말했다. 유승민 전 국민의힘 의원은 정치 입문 뒤 십수 년을 탄탄대로를 걸었다. 서울대 경제학과를 졸업하고 미국 위스콘신대에서 경제학 박사 학위를 받은 엘리트 출신으로 지역구도 대구(동구을)여서 선거 때 큰 어려움을 겪지도 않았다. 게다가 당대의 실력자에게 인정받았다. 여의도연구소장으로 발탁해 처음 정치권으로 이끈 이회창 전 한나라당 총재와 한나라당 대표 시절 비서실장으로 중용한 박근혜 전 대통령이 모두 그를 아꼈다. 그렇지만 정치 입문 15년 만인 2015년 그가 새누리당 원내대표를 맡으면서 그의 정치 인생에는 주름이 잡히기 시작했다. 박근혜 당시 대통령과 사이가 멀어지며 친박(親朴) 핵심에서 졸지에 비박(非朴) 핵심이 됐고, 2016년 총선 때는 그에게 공천을 주느냐를 놓고 당 전체가 혼돈에 빠졌다. 무소속으로 당선돼 복당했지만 머잖아 국정농단 사태가 터졌고, 그는 박근혜 전 대통령 탄핵에 동조했다. 이후 “개혁 보수”를 주창하며 바른정당을 창당한 뒤 2017년 5월 대선에 도전했지만 6.76%를 득표하는 데 그쳤다. 2018년 2월 바른정당과 국민의당이 만나 바른미래당이 출범했고 그는 공동대표를 맡았지만 합당의 시너지보다는 불협화음이 컸다. 결국 지난해 4·15 총선 직전 미래통합당에 합류하며 그는 친정으로 복귀했다. 3년여의 외출에 마침표를 찍은 것이다. 지난 12일 서울 여의도 국회 앞 사무실에서 만난 그는 “지난 4~5년은 정치하면서 이렇게 괴로울 수 있나 싶을 정도로 괴로운 시간이었다”며 “그동안 국민 시야에서 사라졌으니까 국민 여러분이 나를 잊었을 수는 있다”고 말했다. “괴로운 시간”을 “무대에서 잠시 내려왔던 시간”으로 표현하기도 했다. 내년 3월 9일 치러지는 대통령 선거에 도전하겠다는 뜻을 분명히 밝힌 그를 중앙일보 ‘정치언박싱’ 카메라에 담았다. 일반 국민 입장에서 봤을 때 ‘유승민 주변에는 먹물만 있다. 나랑 좀 멀다’는 생각이 든다. 그래서 친근감에 방해가 되는 게 아닌가. “꼭 그런 건 아니다. 제 주변에 꼭 그런 분만 있는 게 아니다. 제가 국회의원 할 때 시의원과 구의원 공천할 때 아예 학력을 안 봤다. 그거는 조금 오해 같다. 제가 많이 듣는 이야기는 ‘똑똑한데 까칠하다’다. 까칠하다는 게 차가운 느낌이 있다. 그런데 사실은 가까이서 보면 저는 굉장히 인간적이고 소탈하고 농담도 잘한다. 대중 정치인으로서 그런 건 안 좋은 거다. 가까이 있는 사람 같고 이웃집 아저씨 같아야지. 그래서 반성 좀 하고 산다.” 딸 때문에 ‘국민 장인’이라는 별명을 얻었다. 그 별명을 싫어한다는 말도 있는데, 별명이 마음에 드나. “저는 ‘국민 장인’이라는 별명 자체를 싫어한 적은 한 번도 없다. 왜냐하면 딸 덕분에 제가 젊은이들에게 더 가까이 간 계기가 됐다. (2016년 총선 당시 새누리당 공천을 못 받아서 무소속으로 출마할 때 딸이) 옆에 서 있다가 찍힌 사진 한 장 때문에 갑자기 ‘국민 장인’이 됐다. 그 딸이 지금도 아직 학교(대학원 재학)를 다니고 있는데, 대선 때 저를 도와주다가 별 고생을 다 했다. 대선 끝나고 이제 본인도 평범하게 살고 싶어서 야구 모자 쓰고 허름하게 입고 다니니까 요즘은 사람들이 별로 못 알아본다더라.” 4·7 재·보궐선거 결과를 보면 국민의힘에 대한 20대의 지지가 남녀가 서로 다르다. 20대 딸을 둔 아빠의 입장으로서 왜 그런 차이가 있다고 보나. “저는 20대 딸을 뒀기 때문에 20대의 지지를 받는 게 굉장히 중요하다고 생각한다. 그래서 일부 정치인이 페미니즘(여성주의)을 공격하는 이야기나 20대 남성의 고충만을 대변하는 이야기를 할 때 ‘이건 좀 위험하다’고 느낀다. 남자와 여자, 편을 갈라서 하는 건 20대 남성 표를 얻을지는 몰라도 그게 우리 야당이 정당으로서 취할 자세는 아니라고 생각한다. 앞으로의 갈등은 지역 갈등보다 세대 갈등이나 젠더 문제가 갈수록 더 심각해질 거다. 정치하는 사람들이 득표를 위해서 그런 갈등을 조금이라도 부추겨서는 곤란하다.” 대권 주자로서 지지율이 낮은 상황이다. “지금은 코로나 상황이어서 특히 ‘미디어 선거’라고 본다. 선거에 미치는 뉴미디어의 영향이 생각보다 큰 것 같지 않다. 제가 미디어의 시야에서 4년을 사라져 있었다. (기자는) 국민의 무관심이라고 표현했는데, 무관심이라기보다는 잠시 잊혀져 있었다는 생각이 든다. (대선 후보로서) 내가 안 할 정책, 포퓰리즘(인기 영합주의)에 가까운 정책은 아예 안 할 거다. 포퓰리즘은 더불어민주당이 많이 하니까. 이재명 경기지사는 거의 허경영급으로 하고 있지 않나.” 강경 보수와 이른바 ‘태극기 부대’는 여전히 유승민 전 의원을 싫어한다. “제가 걸어온 정치적 역정을 돌아보면 강경 보수층이 싫어할 만한 몇 장면이 있었다. 나만큼 화형식 많이 당하고 물풍선 많이 맞고, 땅바닥에서 X자로 밟힌 사람은 없을 거다. 대구·경북에 가면 강경 보수, 아스팔트 우파, 태극기 세력이 제일 강하다. 그리고 굉장히 천천히 변한다. 그렇지만 변하면 확 변한다. 그분들도 다음 대선 때 ‘뭉쳐야 한다. 단일 후보 내야 한다’고 속으로 생각하고 있을 거다. 그래서 나에 대한 생각도 바뀔 수 있을 거라는 희망 섞인 기대를 갖고 있다.” 마지막으로 순발력 테스트를 하겠다. ‘유·승·민’ 세 글자를 대면 삼행시를 지어달라. “제 이름으로요?” 네, 준비 되셨나요? 시간 조금 드릴까요? “유: 유 캔 두잇(You can do it). 승: 승리를 향해. 민: 민심은 내 거!” 사실은 윤석열 전 검찰총장으로 할까 하다가…. “윤석열 전 총장 삼행시를 내가 어떻게 하노.” 허진 기자, 김보담 인턴기자 bim@joongang.co.kr, 영상·그래픽=오욱진·이경은·이세영",7137.831543349954,5453.532005057203,1310.994163430998
46,757,2021.04.16 ,"윤석열 25% 이재명 24% 양강체제…""내년 정권교체"" 55% [갤럽]",이해준,"이재명 경기지사(왼쪽)과 윤석열 전 검찰총장. 중앙포토 차기 대권 주자 선호도에서 윤석열 전 검찰총장과 이재명 경기지사가 양강 체제를 이어가고 있다. 한국갤럽은 지난 13∼15일 전국 만 18세 이상 1005명에게 차기 정치지도자 선호도를 물은 결과를 16일 발표했다. 이에 따르면 윤 전 총장이 25%, 이 지사가 24%로 집계됐다. 이낙연 전 더불어민주당 대표(5%), 안철수 국민의당 대표(4%)가 뒤를 이었다. 그다음으로 홍준표 의원, 오세훈 서울시장(이상 2%), 정세균 국무총리(1%) 순이다. 갤럽 여론조사 결과. 인터넷 캡처 윤 전 총장과 이 지사는 지난 3월에 24%, 4월 첫 주 23%로 동률을 이뤘고, 이번에도 1% 포인트 차이로 경합하고 있다. 윤 전 총장은 60대 이상, 대통령 부정평가자로부터 높은 지지를 받았다. 이 지사는 여성(20%)보다 남성(27%)에게 큰 지지를 받았다. 40대에서도 37%의 높은 지지를 받았다. 내년 대선 결과에 대한 기대를 묻는 질문에는 현 정권 유지 위해 여당 후보가 당선되는 것이 좋다는 응답이 34%, 정권 교체를 위해 야당 후보가 당선되는 것이 좋다는 의견이 55%로 나타났다. 12%는 의견을 유보했다. 갤럽 여론조사 결과. 인터넷 캡처 지난해 8월 조사를 한 이후 정권 유지를 기대한 의견은 이번이 가장 작았다. 반대로 교체론은 가장 높은 수치를 나타냈다. 지난해 11월까지는 정권 유지가 47%로 교체하자는 41%보다 높았다. 그 이후 정권 유지를 지지하는 의견은 꾸준히 하향세를 나타냈다. 반대로 정권 교체를 지지하는 응답은 지속적으로 늘어났다. 이번 조사의 오차범위는 95% 신뢰수준에 ±3.1%포인트다. 자세한 내용은 중앙여론조사심의위원회나 갤럽 홈페이지를 통해 확인할 수 있다. 관련기사文지지율 20%대 추락 임박···긍정 30%, 부정평가 62%[갤럽] 이해준·김기정 기자 lee.hayjune@joongang.co.kr",7215.509770190947,5521.933720166198,1326.9155376119966
47,790,2021.04.15 ,"'독자 백신' 꺼낸 이재명에···이준석 ""이게 레임덕 최종형태""",이해준,"이재명 경기도지사가 15일 경기도의회 임시회에 참석해 질문에 답변하고 있다. 연합뉴스 경기도가 독자적으로 백신을 도입해 접종을 검토하겠다는 이재명 지사의 발언에 대해 이준석 전 미래통합당 최고위원이 “레임덕의 전조가 아니라 최종형태”라고 지적했다. 이재명 경기지사는 15일 경기도 의회에서 도의원의 신종 코로나바이러스 감염증(코로나19)관련 질의에 ""새롭게 다른 나라가 개발 접종하는 백신을 우리 경기도라도 독자적으로 도입해서 접종할 수 있을지에 대해 실무적인 검토를 하고 있다""고 답했다. 이 전 최고위원은 이날 페이스북에 이 지사의 발언을 보도한 기사를 공유하며서 정부의 방역 실패와 지자체의 매끄럽지 못한 독자 행보를 싸잡아 비판했다. 그는 이 지사 발언의 속내를 나름대로 풀이했다. ‘요즘 정권 지지율 빠지니까 말한다. 지금까지 문빠눈치 보느라 못했는데, 국가가 방역에 있어서 신뢰를 주지 못하고 있고 백신 도입에 있어서 투명하지 못하니 나 이재명이 문재인보다 낫다는 것을 보여주려는 것’이 이 지사의 본심이라는 분석이다. 이어 이 전 최고의원은 “귀추가 주목된다”고 덧붙였다. 경기도청 관계자는 “현실적으로 도가 독자적으로 백신을 확보하는 것은 어렵다”며 “현재는 가능 여부를 검토하는 단계일 뿐”이라고 설명했다. 이해준 기자 lee.hayjune@joongang.co.kr",7286.142849226947,5579.080515359204,1342.2021955409962
48,796,2021.04.15 ,이재명 “경기 독자백신 검토”…현 정부와 차별화냐 술렁,오현석,"이재명 경기지사가 15일 경기도의회 임시회에 참석해 질문에 답변하고 있다. 이 지사는 이날 “다른 나라에서 개발한 백신을 (경기도가) 독자적으로 도입해서 접종할 수 있을지 검토 중”이라고 밝혔다. 연합뉴스 “다른 나라에서 개발한 백신을 (경기도가) 독자적으로 도입해서 접종할 수 있을지 검토 중이다.” 이재명 경기지사가 15일 오후 열린 경기도의회 본회의에 “도 차원의 코로나19 집단면역을 달성하기 위한 정책이 무엇인지”를 묻는 도정질문에 답변한 내용이다. 이 지사는 다만 “안타깝게도 지방정부에서 적극적으로 하기가 쉽지 않기 때문에 정부에서 정한 일정대로 차질 없이 예방접종이 이뤄지도록 저희가 최선을 다하겠고, 시·군과도 협력해서 노력하도록 하겠다”고 덧붙였다. 이 지사가 언급한 ‘다른 나라 백신’은 러시아나 중국 등에서 개발한 백신을 지칭한 것으로 보인다. 경기도청 관계자는“국내 미도입 백신에 대한 해외 개발 및 접종 사례나 도입 절차에 대한 법률적 문제 등을 실무부서 차원에서 검토하는 단계일 뿐”, ""어떻게든 도민 건강을 지키겠다는 의지의 표현으로 보면 된다”고 설명했다. 하지만 이날 이 지사의 발언을 두고 정치권에선 미묘한 파장이 일었다. 최근 정부가 코로나19 백신 확보 문제 등으로 고전하는 가운데여권의 유력 대선 후보가 독자적인 백신 확보를 언급했기 때문이다. 그래서 여권 일각에선 ""서울·부산시장 선거 참패이후 백신 문제로 두들겨 맞고 있는 청와대나 정부와의 차별화를 강조하기 위한 것 아니냐""는불만이 터져 나왔다. 한 친문계 의원의 참모는 중앙일보에 “정부가 고생하는 걸 뻔히 알면서 굳이 ‘독자 도입’을 언급해야 했나. 청와대와 선 긋겠다는 것이냐”고 했고, 86그룹 인사는 “이른 독주 체제에 기고만장해졌다”(86그룹 측)는 비판을 쏟아냈다. 이재명의 본심 “국민의 뜻이 곧 당의 뜻” 그동안 이 지사가 특히 공을 들여 발신해온 SNS메시지는 1주일 넘게 침묵하고 있다. 4·7 재·보선 참패 직후였던 8일 아침 페이스북에“준엄한 결과를 마음 깊이 새기겠다. 당의 일원으로서 무거운 책임감을 느낀다”고 적은 게 마지막 글이다.평소 온라인을 통해 각종 현안에 대한 생각을 거침없이 밝혔던 이 지사가 SNS에서 1주일 넘게 침묵한 건 2014년 성남시장 재선 이후 처음 있는 일이다. 주변에선 그의 침묵에 대해 “그만큼 재·보선에서 드러난 민심을 무겁게 여기고 있다는 뜻”이라고 설명했다. 이 지사 측 한 인사는 15일 “이 지사가 왜 하고픈 말이 없겠냐. 100가지도 넘을 것”이라며“하지만 당이 큰 충격에 빠져 있는 시점에 괜한 분란을 만들지 않기 위해 발언을 자제하는 것”이라고 말했다. 다만 지난 13일 오전 경기도청을 방문한 ‘친문 핵심’홍영표 의원과의 대화에서 이 지사의 본심 일부를 엿볼 수 있다. 더불어민주당 당 대표 선거에 나선 홍영표 의원이 지난 13일 경기도청에서 이재명 경기지사를 만나 대화하는 모습. 이날 이 지사는 ""당이란 어쨌든 국민 속에 있는 것이고, 국민의 뜻이 곧 당의 뜻이 되어야 한다""고 강조했다. 연합뉴스 당 대표에 출마한 홍 의원이“당원 80만명 중 한 명도 빠짐없이 대선 승리를 위해 힘을 모으는 게 새 당 대표가 해야 할 중요한 임무”라고 말하자, 이 지사는“당이란 어쨌든 국민 속에 있는 것이고, 국민의 뜻이 곧 당의 뜻이 돼야 한다”고 답했다. 그러면서“앞으로 국민 뜻에 좀 더 중점을 두고 맞춰가면 (국민이) 또 기회를 주실 것”이라고 말했다. 여당 내부에서 당심(黨心)이냐 민심(民心)이 논쟁이 벌어지는 가운데, ‘민심론’에 무게를 실은 것이다. 홍 의원은 동의를 표하면서도“이런 과정이 뺄셈의 정치가 아니라 덧셈의 정치로 나가야 한다”며 일각에서 제기되는 ‘고강도 쇄신론’과 선을 긋는 발언을 했다. 그러자 이 지사는“과거 왕이 지배하던 때도 백성들을 무서워했는데, 국민 주권 국가에서 가끔 심판도 하는 체제에서는 정말로 국민을 두려워해야 할 것 같다”며 민심의 중요성을 재차 강조했다. 당분간 ‘낮은 자세’…SNS 재개 여부 주목 당초 이 지사는 4·7 서울·부산시장 보궐선거에 민주당이 후보를 내는 것에 대해 비판적이었다. 그래도 민주당 내 1위 주자로서 선거 참패의 타격을 피할 순 없었다.당장 엠브레인·케이스탯·코리아리서치·한국리서치 4개사 공동여론조사(12~14일)에서 윤석열 전 검찰총장과의 차기 대선 후보 적합도 격차가 6%포인트→3%포인트(이재명 26%, 윤석열 23%)로 1주일 새 절반으로 줄었다.(자세한 사항은 중앙선거여론조사심의위 홈페이지 참조) 그래서 이날 '백신 독자 도입' 발언을 이 지사가 처한 이런 현실과 연결짓는 시각도 있다. 하지만 이 지사의 측근들은 ""당분간 낮은 자세를 계속 유지할 것""이라고 말한다.경기도청 관계자는“이 지사가 재·보선 이후 측근들에게 ‘국민을 두려워하라’고 강조하고 있다”며“당이 국민의 생각을 제대로 읽었는지, 혹시 정치적인 계산에 따라 행동한 것이 아닌지에 대해 거듭 고민 중”이라고 전했다. 이 지사는 20일 서울 여의도에서 ‘취약 노동자 휴게시설 개선’ 토론회에 참석한다. 국회의원 41명이 참석하는 행사를 앞둔 만큼, 그 이전에 SNS 메시지가 재개될 거란 관측이 많다. 민주당의 위기 수습책을 놓고 백가쟁명식 논쟁이 벌어진 상황에서 지지율 1위 대선 후보의 발언은 무게가 적지 않다. 상당수 여권 인사들이 이번 주말 그의 SNS를 주목하는 이유다. 오현석 기자 oh.hyunseok1@joongang.co.kr",7579.573594008958,5783.998605995226,1379.8550629209958
49,801,2021.04.15 ,"이재명 “경기도, 백신 독자적으로 도입할지 검토 중”",김은빈,"이재명 경기지사. 연합뉴스 이재명 경기지사는 15일 “다른 나라에서 개발한 백신을 독자적으로 도입해서 접종할 수 있을지 검토 중”이라고 밝혔다. 이 지사는 이날 오후 경기도의회 임시회 제3차 본회의 도정질의에서 ‘집단면역 달성을 위한 도 차원의 정책’을 묻는 방재율 의원(더불어민주당·고양2)의 질의에 이같이 말했다. 이 지사는 “백신 확보와 예방접종이 가장 중요한데 안타깝게도 지방정부에서 적극적으로 쉽지 않다”며 “정부가 정한 일정대로 차질 없이 예방접종이 이뤄지도록 저희가 최선을 다하겠고, 시·군과 협력해서 노력하도록 하겠다”고 밝혔다. 이어 “추가로 말하면 다시 4차 대유행이 시작되지 않을까 하는 염려를 갖고 있다”며 “상대적으로 보면 원인불명, 경로불명 감염자 계속 늘어나고 있고, 감염자 총수도 계속 늘어나고 있어서 극단의 대책이 필요하다는 판단을 할 수 있다”고 했다. 이 지사는 “백신 확보에 대해서는 다른 나라가 개발 접종하는 백신을 우리 경기도라도 독자적으로 도입해서 접종할 수 있을지에 대해 실무적인 검토를 하고 있다”며 “가능하면 중앙정부에 건의해서라도 추가 백신을 확보하도록 노력해보겠다”고 덧붙였다. 이와 관련해 김홍국 도 대변인은 “확진자가 늘고 있고, 백신 접종 속도가 나지 않기 때문에 도 차원에서 여러 백신의 도입 및 접종에 대한 법률적 행정적 검토를 해오고 있다”며 “구체적인 검토가 끝나면 질병관리청과 중수본에 건의할 예정”이라고 말했다. 김은빈 기자 kim.eunbin@joongang.co.kr",7662.29786578796,5836.76907105123,1392.055468516996
50,817,2021.04.15 ,선명해진 대선 양강구도···이재명 26% 윤석열 23% 이낙연 8%,이해준,"이재명 경기지사(왼쪽)과 윤석열 전 검찰총장. 중앙포토 차기 대선주자 적합도 조사에서 이재명 경기지사와 윤석열 전 검찰총장의 양강 구도가 이어지고 있다. 엠브레인·케이스탯·코리아리서치·한국리서치는 12~14일 전국 18세 이상 남녀 1010명을 대상으로 전국지표조사(NBS)를 했다. 오차범위는 95% 신뢰수준에서 ±3.1% 포인트다. 15일 발표한 결과에 따르면 대선 지지도는 이재명 경기지사(26%), 윤석열 전 검찰총장(23%), 이낙연(8%) 더불어민주당 전 대표 순으로 나왔다. 윤 전 총장과 이 지사는 오차범위 이내의 접전이다. 대선 지지도 조사 결과. 엠브레인·케이스탯·코리아리서치·한국리서치 윤 전 총장은 지지도가 지난주 18%에서 5%포인트 급등했다. 이 전 대표는 지난주와 비교해 2% 포인트 하락했고, 이 지사는 2% 포인트 상승했다. 이 전 대표는 한 자릿수로 지지도가 내려앉았다. 안철수 국민의당 대표(4%), 홍준표 의원(3%), 유승민 전 의원(2%), 정세균 총리, 심상정 정의당 의원, 추미애 전 법무부 장관, 원희룡 제주지사, 황교안 전 총리(이상 1%) 등이 그 뒤를 이었다. 정당 지지도에서는 더불어민주당 30%, 국민의힘 29%, 국민의당 6%, 정의당 5% 순이었다. 지난주 4% 포인트 차이를 보였던 더불어민주당과 국민의힘의 지지율 격차는 1% 포인트 이내로 좁혀졌다. 자세한 내용은 중앙여론조사심의위원회 홈페이지를 참조할 수 있다. 이해준 기자 lee.hayjune@joongang.co.kr",7707.6228360429595,5864.975368150231,1410.5657275189958
51,943,2021.04.13 ,"與 당권 주자들 만난 이재명 ""주권국가서 국민 두려운 존재""",나운채,"이재명 경기도지사. 연합뉴스 이재명 경기도지사가 더불어민주당 당권 주자들과 만나 “당이 새롭게 거듭나야 한다”며 “기본적으로 당은 정말 국민을 두려워해야 된다”고 강조했다. 이 지사는 13일 오전 경기 수원 경기도청에서 우원식·홍영표 의원과 차례로 만나 이같이 밝혔다. 이번 회동은 당권 주자들이 경기도의회 민주당 의원총회에 참석하는 일정 중에 이 지사와 접견하는 방식으로 이뤄졌다. 이 지사는 우 의원과 만난 자리에서 “국민 주권 국가에서 국민을 정말로 두려운 존재로 여겨야 하는 게 맞는 것 같다”고 말했다. 이어 “신뢰가 정말 중요할 것 같다”며 “신뢰의 핵심은 약속을 지키는 것인데 그 점에 대해서 국민들께 신뢰를 얻어야 될 것 같다”고 강조했다. 그러면서 “내부에 권력 남용이나 부정부패 요소 이런 것들에 더 엄격해져야 될 것 같고, 국민들의 삶이 현실에서 조금이라도 개선되는 실용적인 민생 개혁에 더 신경 써야 할 것 같다”고 했다. 이어서 홍 의원과 만난 자리에서는 4·7 재보궐선거에 대해 “국민께서 집권 여당에 잘되라고 아주 호된 매를 드신 거로 생각이 든다”고 짚었다. 그러면서 “국민의 삶을 조금이라도 개선할 수 있도록 민생 개혁에 실용적으로 접근해서 작은 성과를 많이 내고, 신뢰를 다시 회복하면 우리한테 큰 기회가 다시 주어지지 않을까 생각한다”고 밝혔다. 아울러 “당이란 국민 속에 있는 것이고. 국민의 뜻이 곧 당의 뜻이 돼야 하는데 앞으로 국민 뜻에 좀 더 중점을 두고 맞춰 가면 다시 또 기회를 주실 것”이라고 덧붙였다. 우 의원은 “국민들의 민심, 국민들의 질책 이런 것들을 우리가 잘 듣지 못한 것이 (선거 참패의) 큰 원인이 아닌가 싶다”며 “국민의 삶을 변화시키는 이런 노력을 정말 해야 되겠다”고 강조했다. 홍 의원은 “성찰과 혁신, 그게 주어진 과제”라며 “당원 80만명 한 명도 빠짐없이 대선 승리를 위해서 힘을 모으는 게 새로운 당대표가 해야 될 중요한 임무”라고 말했다. 한편 또 다른 당권 주자인 송영길 의원은 다른 일정으로 부인이 대신 도의회 민주당 총회에 참석해 이 지사와의 만남이 이뤄지지 않은 것으로 알려졌다. 나운채 기자 na.unchae@joongang.co.kr",7841.931793469962,5945.793710722235,1423.765457198996
52,976,2021.04.12 ,"보궐 뒤 첫 조사, 尹 36% 압도적···이재명 24% 이낙연 12% [리얼미터]",고석현,"윤석열 전 검찰총장이 지난 2일 오전 서울 서대문구 남가좌1동 주민센터에 차려진 2021 재·보궐선거 사전투표소에서 투표를 하고 있다. 임현동 기자 4·7 보궐선거 뒤 처음으로 진행된 '차기 대선주자 선호도 여론조사'에서 윤석열 전 검찰총장이 지지율 1위를 차지했다는 여론조사 결과가 12일 나왔다. 리얼미터가JTBC 의뢰로 지난 10~11일 전국 18세 이상 1016명을 상대로 실시한 차기 대권주자 선호도 조사에서 윤 전 총장은 36.3%를 기록했다. 이재명 경기도지사가 23.5%로 뒤를 이었다. 두 사람의 격차는 12.8%포인트로 오차범위(95% 신뢰수준에 ±3.1%포인트) 밖이다. 이재명 경기지사(왼쪽)과 이낙연 전 더불어민주당 대표. 연합뉴스 이 밖에 이낙연 전 더불어민주당 대표(12.3%),안철수 국민의당 대표(5.1%), 홍준표 무소속 의원(4.9%), 추미애 전 법무부 장관(3.2%), 정세균 국무총리(2.9%), 국민의힘 소속 유승민 전 의원(2.3%), 임종석 전 대통령 비서실장(1.5%), 김종인 전 국민의힘 비대위원장(0.6%) 순으로 뒤를 이었다. 연령대별로는 윤 전 총장이 ▶30대(34.3%) ▶50대(41.4%)▶60대 이상(47.6%) 등에서 높은 지지를 받았고, 이 지사는 40대 지지율이 31.7%로 가장 높았다. 지역별로는 ▶대구·경북(49.0%) ▶대전·세종·충정(44.6%)▶서울(38.8%) ▶부산·울산·경남(38.7%) 등에서 윤 전 총장 지지도가 높았다. 가상 양자대결에서도 윤 전 총장은 이 지사, 이 전 대표 등을 오차범위 이상으로 앞섰다. 윤 전 총장과 이 지사의 맞대결에서 윤 전 총장은 47.4%, 이 지사는 36%로 나타났다. 윤 전 총장은 이 전 대표와의 가상 맞대결에서도 50.9%로, 31.4%를 차지한 이 전 대표를 앞섰다. 한편윤 전 총장의 향후 거취에 대해서 ""국민의힘에 입당해 출마해야 한다""는 의견은 43.1%, ""제3세력으로 출마해야 한다""는 의견은 27.2%로 나타났다. 자세한 내용은 리얼미터나 중앙선거여론조사심의위원회 홈페이지 등을 참고하면 된다. 고석현 기자 ko.sukhyun@joongang.co.kr",7919.841088372958,5995.982918140233,1453.3206023729963
53,1121,2021.04.09 ,"윤석열 1주새 지지율 7%P 빠져 18%, 이재명 24% 1위",이해준,"이재명(左), 윤석열(右) 차기 대선후보 적합도 조사에서 이재명 경기지사가 24%로 윤석열 전 검찰총장(18%)을 6%포인트 앞섰다. 이낙연 더불어민주당 전 대표는 10%였다. 엠브레인·케이스탯·코리아리서치·한국리서치는 지난 4~7일 18세 이상 성인 남녀 1004명을 대상으로 여론조사를 해 이 같은 결과를 8일 발표했다. 지난주(3월 29~31일) 조사에서 25%였던 윤 전 총장의 지지도는 이번 주 7%포인트 급락했다. 3월 첫 주에 9%였던 윤 전 총장의 지지도는 이후 4주 연속 23~25%대를 기록했다. 한 달 만에 10%대로 떨어진 것이다. 이 지사와 이 전 대표의 지지도는 지난주와 같았다. 그 밖에 홍준표 무소속 의원과 안철수 국민의당 대표가 4%를 기록했고, 오세훈 서울시장은 3%로 순위권에 들었다. 민주당 지지층에서 이 지사에 대한 지지는 43%, 이 전 대표에 대한 지지는 23%를 기록했다. 국민의힘 지지층에서는 윤 전 총장에 대한 지지가 49%에 달했다. 이번 조사는 95% 신뢰수준에서 오차범위는 ±3.1%다(자세한 내용은 중앙여론조사심의위원회 홈페이지 참조). 이해준 기자 lee.hayjune@ joongang.co.kr",7966.185084464961,6027.991861839233,1466.125681663996
54,1170,2021.04.08 ,윤석열 지지율 7%p 급락해 18%…이재명 24%로 1위 올라,이해준,"왼쪽부터 이재명 경기지사, 윤석열 전 검찰총장, 이낙연 전 더불어민주당 대표. 뉴시스·연합뉴스·뉴스1 차기 대선후보 적합도 조사에서 이재명 경기지사, 윤석열 검찰총장, 이낙연 더불어민주당 전 대표가 각각 24%, 18%, 10%를 기록했다. 엠브레인·케이스탯·코리아리서치·한국리서치는 4~7일 18세 이상 성인남녀 1004명을 대상으로 여론조사를 해 8일 발표했다. 3월 5주차(3월29일~31일) 조사에서 25%였던 윤 전 총장의 지지도는 이번 조사에서 7% 포인트 급락했다. 3월 첫주 9%였던 윤 전 총장의 지지도는 둘째 주에 24%로 급등한 뒤 4주 연속 23~25%대의 높은 수치를 기록했다. 약 한 달만에 다시 10%대로 떨어지면서 이 지사에게 밀렸다. 지지도 변화는 향후 윤 총장의 거취에도 적지 않은 영향을 줄 것으로 보인다. 대선후보적합도 여론조사 결과. (단위: %) 인터넷 캡처 이재명 지사(24%)와 이낙연 전 대표(10%)의 지지도는 전주와 수치가 같았다.4%로 동률을 기록한 홍준표 의원과 안철수 국민의당 대표가 뒤를 이었다. 오세훈 서울시장은 단숨에 3%로 순위권에 들었다. 더불어민주당 지지층 내에서는 이 경기지사에 대한 지지가 43%, 이 전 대표에 대한 지지가 23%를 기록했다.국민의힘 지지층에서는 윤 전 총장에 대한 지지가 49%에 달했다. 대통령 국정운영 평가에서는 긍정평가가 40%, 부정평가가 55%였다. 지난주보다 부정평가는 1% 포인트 줄고, 긍정평가는 1% 포인트 늘어났다. 정당 지지도에서는 더불어민주당(32%), 국민의힘(28%), 정의당(6%), 국민의당(4%) 순이었다. 민주당과 국민의힘 사이의 격차는 지난주와 같은 4% 포인트다. 이번 조사는 95% 신뢰수준에서 오차범위는 ±3.1%다. 자세한 내용은 중앙여론조사심의위원회 홈페이지에서 확인할 수 있다. 이해준 기자 lee.hayjune@joongang.co.kr",8050.815324874966,6079.514864438234,1482.9241212359957
55,1180,2021.04.08 ,"이재명도,이낙연도,이광재도…줄줄이 고개숙인 與 잠룡들",오현석,"4·7 재·보궐선거에서 참패를 당한 더불어민주당의 차기 대선 후보들이 8일 일제히 머리를 숙였다. 이재명 경기지사는 8일 자신의 페이스북을 통해 “국민께 더 가까이 다가가고, 더 절박하게 아픔을 나누고, 문제 해결을 위해 더 치열하게 성찰하겠다”고 밝혔다. 오종택 기자 여권에서 차기 대선주자 여론지사 지지율 선두인 이재명 경기지사는 이날 오전 자신의 페이스북을 통해“준엄한 결과를 마음 깊이 새기겠다”고 밝혔다. 이 지사는“당의 일원으로서 무거운 책임감을 느낀다”며 “국민께 더 가까이 다가가고, 더 절박하게 아픔을 나누고, 문제 해결을 위해 더 치열하게 성찰하겠다”고 적었다.박영선·김영춘후보 등 낙선한 후보들을 향해선 “어려운 상황에서도 최선을 다해주셨다. 위로의 말씀을 전한다”고 덧붙였다. 이낙연“제 책임이 크다” 이낙연 전 더불어민주당 대표는 8일 페이스북을 통해 “저의 책임이 크다. 당원과 지지자를 포함한 국민 여러분께 사과드린다”며 “성찰의 시간을 갖겠다”고 밝혔다. 오종택 기자 이낙연 전 더불어민주당 대표도 페이스북에 “존경하는 국민 여러분의 결정을 무겁게 받아들인다”며“4·7 재보선으로 표현된 민심을 겸허하게 수용한다”고 적었다. 이 전 대표는 이어 “저희들이 부족했다. 국민의 실망과 분노를 제대로 헤아리지 못했다. 국민의 삶의 고통을 충분히 살피지 못했다”고 했다. 이 전 대표는“저의 책임이 크다. 당원과 지지자를 포함한 국민 여러분께 사과드린다”라고도 했다.이 전 대표는“문재인 정부 첫 국무총리, 민주당 대표와 선거대책위원장으로서 제가 부족했다”며“성찰의 시간을 갖겠다. 대한민국과 민주당의 미래를 차분히 생각하며, 낮은 곳에서 국민을 뵙겠다”고 밝혔다. 이광재“뼈아픈 결과”…박용진 “총사퇴 불가피” 더불어민주당 소속 이광재 의원(사진 왼쪽)과 박용진 의원. 임현동 기자 여권의 잠재적 대선주자로 꼽히는 이광재 민주당 의원은 자신의 SNS에 “선거 결과를 뼈아프게 받아들인다. 국민 여러분들의 마음을 얻지 못했다”고 적었다. 이 의원은 “그동안 부산 곳곳의 시민들을 만나면서, 민심이 어디를 향하고 있는지 또 깨달았다”며 “정치의 본질은 내 이웃의 아픔을 해결하는 것이다. 저부터 민심의 바다로 들어가겠다”고 밝혔다. 당 쇄신을 촉구하는 목소리도 나왔다. 이미 대선 출마 의사를 밝힌 박용진 민주당 의원은 이날 오전 CBS 라디오‘김현정의 뉴스쇼’에 출연해 지도부 총사퇴 가능성에 대해“개인적으로는 불가피하지 않을까 하는 생각이 든다”고 말했다. 박 의원은 또 “새 인물, 새 노선, 정권 재창출에 대한 자신감 등이 확인되고 분출되어야 한다”며 “그렇지 않고 영혼 없는 반성 멘트, 하나 마나 한 말로만의 혁신 이야기, 이런 거로 끝난다면 대통령 선거도 자신할 수 없다”고 강조했다. 오현석 기자 oh.hyunseok1@joongang.co.kr",8199.338822146965,6174.139855539243,1504.1444856379958
56,1188,2021.04.08 ,"이재명, 與 보선 참패에 “당원으로 무거운 책임 느낀다”",한영혜,"이재명 경기도지사. 뉴스1 이재명 경기도지사는 8일 여당의 보궐선거 참패와 관련해 “준엄한 결과를 마음 깊이 새기겠다”고 밝혔다. 이 지사는 이날 자신의 페이스북을 통해 “당의 일원으로서 무거운 책임감을 느낀다”며 “국민께 더 가까이 다가가고, 더 절박하게 아픔을 나누고, 문제 해결을 위해 더 치열하게 성찰하겠다”고 했다. 이 지사는 “박영선 후보님, 김영춘 후보님 정말 고생 많으셨다”며 “위로의 말씀을 전한다”고 했다. 두 후보 외에도 “이번 재보궐선거 현장에서 민주당의 이름으로 분투한 후보님들(기초자치단체장·지방의원)”이라며 후보들의 이름을 일일이 호명했다. 이어 “어려운 상황에도 최선을 다해 주셨다. 위로의 말씀을 전한다”고 전했다. 이 지사는 4명의 당선인(지방의원)의 이름도 거론하며 “감사와 축하의 인사를 드린다”고 했다. 그러면서 “사랑하는 당원 동지 여러분, 그리고 지지자 여러분, 정말 애쓰셨다”며 “언제나 함께 하겠다”고 덧붙였다. 이재명 경기도지사가 8일 자신의 페이스북에 올린 글. 페이스북 캡처 한영혜 기자 han.younghye@joongang.co.kr",8250.276625716966,6209.7100761782485,1511.814103443996
57,1205,2021.04.08 ,"1강 체제 굳히려는 이재명, 패배 책임론 이낙연",오현석,"더불어민주당의 4·7 재·보선 충격적 참패로 정권 재창출을 위한 차기 경쟁 구도에도 변화가 불가피해졌다. 이재명 경기도지사와 이낙연 전 민주당 대표 둘을 중심으로 전개돼 온 경쟁 양상이 당분간은 이 지사의 확실한 1강 체제로 전환될 가능성이 크다. 이 지사에 비해 이 전 대표가 입을 상처가 훨씬 더 크기 때문이다. 발 무거워진 여권 대선주자들이낙연, 공천 강행 명분·실리 잃어이재명, 당 참패가 본선엔 악재로정세균, 곧 총리직 내놓고 출사표추미애, 강성지지층 제3 후보 거론 그동안 당 안팎에서 “이번 선거는 이낙연의 선거”란 말이 돌았다. 상임선대위원장으로 선거를 진두지휘했기 때문만은 아니다. 이 전 대표는 고(故) 박원순 서울시장과 오거돈 전 부산시장의 성추행에서 비롯된 이번 보궐선거의 공천을 결정했다. ‘민주당 인사의 중대한 귀책사유로 인한 선거엔 후보를 내지 않는다’는 기존 당헌을 개정키로 한 그의 결정은 당시엔 ‘정치적 승부수’로 여겨졌다. 여권 대선주자들 관련기사“봄이 왔다” 쪽지 받은 윤석열, 합당 나서는 안철수 하지만 이는 결과적으로 명분과 실리를 모두 잃는 악수(惡手)가 됐다. 새해 벽두에 전직 대통령 사면론을 제기했다가 역풍을 맞은 것보다 더 큰 치명타가 될 수도 있다. 당내에선 “주된 패인으로 거론되는 무리한 검찰개혁과 부동산 정책 강행도 이 전 대표가 결정한 것 아니냐”는 추가 책임론이 제기될 듯한 분위기다. 지지율도 답보상태였다. 한국갤럽 조사(3월 30일~4월 1일)에서 이 전 대표의 지지율은 7%까지 내려앉았다. 익명을 요구한 한 여론조사 전문가는 “석패도 아닌 완패는 이 전 대표에게 치명상”이라며 “이 전 대표가 주저앉으면 그 빈자리에서 새로운 흐름이 시작될 수 있다”고 말했다(※자세한 여론조사 결과는 중앙선거여론조사 심의위원회 홈페이지 참조). 이 전 대표는 7일 밤 입장문을 통해 ＂국민의 마음을 얻기에 저희가 크게 부족했다”고 밝혔다. 하지만 이 전 대표 주변엔 “보병전을 강조하며 손수 유세 현장 곳곳에서 최선을 다한 것을 지지자들은 알 것”이란 기대감이 아직 살아 있다. 이 전 대표 본인 역시 당분간 자신을 낮추며 반전 모색을 꾀할 전망이다. 상대적으로 이 지사는 출혈이 적었다. 그간 당 외곽에서 활동했던 탓에 상대적으로 선거 참패 책임에서 자유롭다. 또 선거운동 기간에는 박영선·김영춘 후보를 측면 지원하면서 당내에서 “할 수 있는 성의를 다했다”는 평가도 받았다. 이번 참패의 빌미가 된 한국토지주택공사(LH) 투기 의혹을 두고도 이 지사 주변에선 “매를 먼저 맞는 게 낫다. 이런 일이 올가을에 터졌다면 어쩔 뻔했느냐”는 말이 나온다. 높은 지지율을 토대로 당내 차기 경쟁에서 당분간 단독 드리블을 이어갈 수 있다. 하지만 본선을 생각하면 민주당의 패배가 이 지사 입장에서도 위기다. 이 지사와 가까운 의원은 “혹자는 재·보선 참패가 이 지사에게 이득이라고 하지만, 이는 당 이외엔 기댈 곳이 없는 우리 입장을 몰라서 하는 소리”라며 “결국 당이 살아야 이 지사도 살 수 있다”고 말했다. 대선후보 경선 연기론 또 나올 수도 이 지사는 당분간 ‘기본주택’ 등 자신의 정책 대안을 통해 부동산 정책에 화난 민심을 달랜다는 구상이다. 현직 도지사인 이 지사가 직접 당 위기에 개입할 방법도 없다. 당 위기 해법을 둘러싼 논란 속에 당초 7~9월로 예정된 대선후보 경선 일정 연기론이 다시 불거질 수 있다는 점은 고민거리다. 실제로 이 지사 견제를 위해 친문 세력이 경선 연기론으로 게임의 룰을 바꾸려 한다면 양측 간엔 사생결단식의 갈등이 빚어질 것이란 관측도 나온다. 이른바 ‘친문 제3후보론’도 있다. 그간 ‘이재명 대(對) 이낙연’ 구도에선 문재인 정부 총리를 지낸 이 전 대표가 당 주류들과 훨씬 원만한 관계였다. 하지만 양강 구도의 붕괴를 계기로 이 전 대표의 자리를 노린 새로운 친문 후보들이 등장을 예고하고 있다. 이 전 대표의 자리를 호시탐탐 노리는 이가 정세균 국무총리다. 정 총리는 다음 주로 예정된 이란 출장을 마치는 대로 문재인 대통령에게 사의를 밝힌 뒤 곧 출사표를 던질 예정이다. 그는 출신(호남)·경력(총리)이 겹치는 이 전 대표와 그동안 묘한 라이벌 관계를 형성해 왔다. 온화해 보이는 외모와 달리 권력 의지와 근성이 강하다. 코로나 위기 극복에 온몸을 던졌다는 점을 앞세울 것으로 보이지만, 본인의 총리 재임 기간 국정 지지도가 하락세로 접어든 것이 부담이다. 공직자 부동산 투기 사태의 책임으로부터도 자유롭지 않다. 또 다른 ‘제3후보’ 주자로 거론되는 건 추미애 전 법무부 장관이다. “더 강한 개혁을 하지 못해 재·보선에서 패배했다”고 주장하는 강성 지지층에선 추 전 장관이 이미 대안으로 거론된다. 본인도 “국민께서 인정하고 부르시면 나갈 준비를 하고 있다”며 출마 의사를 밝힌 상태다. 다만 중도층에 대한 확장성이 떨어지는 건 고질적인 약점으로 거론된다. 이광재, PK에 공들이며 외연 확장 선거 기간 부산에 상주했던 이광재 민주당 의원의 부상 가능성도 거론된다. 강원 출신인 이 의원이 PK(부산·경남)에 공을 들이며 외연을 확장했다는 평가다. 당 안팎에선 임종석 전 대통령비서실장, 이인영 통일부 장관, 김두관·박용진 의원 등도 거론된다. 대선후보들의 움직임에도 당분간 한계가 불가피하다. 당 위기가 수습되지 않은 상황에서 외곽 조직을 공개적으로 꾸리거나 지지를 호소하기가 쉽지 않다. 오현석 기자 oh.hyunseok1@joongang.co.kr",8510.903639062006,6403.065561088274,1566.7363434619967
