,Unnamed: 0,date,title,reporter,content,분석결과
0,95,2021.04.30 ,"김진욱 17억원·조은석 62억원 신고…‘퇴임’ 박영선 58억원, 김현종 63억원",한영혜,"김진욱 고위공직자범죄수사처장. 연합뉴스 정부공직자윤리위원회는 지난 1월 임용됐거나 퇴직한 전·현직 고위공직자 83명의 재산 등록사항을 30일 관보에 게재했다. 이에 따르면 지난 1월 취임한 김진욱 고위공직자범죄수사처(공수처) 처장은 17억9300만원의 재산을 신고했다. 같은 달 임명된 임명된 조은석 감사원 감사위원이 서울 서초구 아파트 등 2주택을 포함한 62억6000만원의 재산을 신고했다. 여운국 공수처 차장도 서초구 아파트 2채 등 총 35억6000만원의 재산을 신고했다. 먼저 김진욱 공수처장은 배우자와 공동명의로 강남구 대치동 삼성아파트 전세권(12억5000만원)과 본인명의의 노원구 월계동 현대아파트 전세권(4000만원) 등 총 18억원에 가까운 재산을 신고했다. 본인과 배우자, 아버지 명의의 예금 33억8052만원과 카카오 등 1억48만원 상당의 주식도 보유했다. 조은석 감사위원은 본인과 배우자 명의의 서초구 서초동 아파트(14억3000만원), 평택시 단독주택(2억6000만원)을 보유한 2주택자였다. 건물 이외에도 경기도 안성·평택·용인에 22억원 상당의 토지 등 총 62억5505만원의 재산을 신고했다. 본인과 배우자, 장남 명의로 예금 21억8106만원도 보유중이다. 여운국 공수처 차장은 본인과 배우자 공동명의의 서초래미안아파트(16억8000만원)·서초삼풍아파트(28억원) 2채를 포함, 총 35억6000만원의 재산을 신고했다. 아파트 가격보다 재산 총액이 적은 것은 보유 건물의 임대보증금이 채무로 잡힌 데 따른 것이다. 퇴직한 고위공직자인 박영선 전 중소벤처기업부 장관은 본인 명의의 서울 서대문구 연희동 단독주택, 배우자 명의의 도쿄 아파트를 포함해 58억3000만원의 재산을 등록했다. 종전과 비교하면 예금(4억6000만원 증가)을 포함해 재산이 5억2000만원가량 늘었다.이번 신고에 도쿄 아파트가 포함된 건 재산 등록 기준일이 퇴직한 시점(1월)이기 때문이다.4·7 서울시장 보궐선거에 출마한 박 전 장관은 지난 2월 도쿄 아파트의 매매계약을 체결했다고 밝힌 바 있다. 추미애 전 법무부 장관은 본인명의의 서울 광진구 아파트(10억7000만원), 영등포구 여의도 오피스텔(2억3438만원), 도봉구 방학동에 있는 시어머니 아파트(3억2900만원) 등 15억9706만원의 재산을 신고했다. 부동산 가격은 지난해 보다 2억6431만원이 올랐다. 김현종 전 청와대 국가안보실 2차장은 퇴직 공직자중 재산이 가장 많은 62억8690만원을 신고했다. 지난해 3월 정기 재산공개때보다 4억3570만원이 늘어났다. 한영혜 기자 han.younghye@joongang.co.kr",중립
1,372,2021.04.24 ,박영선 “내 벽보 훼손해 소년부 송치될 중학생 선처해달라”,이해준,"서울시장 선거가 열린 지난 7일 더불어민주당 박영선 서울시장 후보의 모습. 오종택 기자 4·7 재보궐선거에서 참패한 박영선 전 중소벤처기업부 장관이 자신의 벽보를 훼손한 중학생에 대한 선처를 호소했다. 박 전 장관은 24일 페이스북을 통해 자신의 벽보를 훼손한 중학생에 대한 기사를 공유하며 “기사를 읽어보니 마음이 무겁다”며 ""관계 당국에 간곡히 부탁드린다. 선처를 부탁한다""고 밝혔다. 박 전 장관은 “요즘 뉴스를 보지 않고 있다가 구로의 목사님께서 카톡을 주셔서 뒤늦게 알게 됐다”고 설명했다. 박 전 장관이 페북에 글을 올린 건 지난 10일 당원들을 향해 단합을 호소하는 글을 게재한 이후 약 2주 만이다. 서초경찰서에 따르면 중학생 A(13)군은 지난 2일 오후 3시쯤 서울 서초구의 한 아파트 단지에 붙어 있던 박영선 후보와 기호 11번 김진아 여성의당 후보의 벽보를 아이스크림 나무 막대로 찢었다. 서초구 선거관리위원회 수사 의뢰에 따라 조사에 나선 서초경찰서는 지난 6일 A군으로부터 장난으로 훼손했다는 진술을 확보했다. 이로써 A군은 가정법원 소년부로 송치될 위기에 처했다. 이에 ‘장난으로 박영선 후보 선거 벽보 훼손 중학생의 소년부 송치가 실화입니까’라며 선처를 호소하는 청와대 청원이 20일 등장했다. 해당 청원에는 24일 오전 현재 1만 6000여 명이 호응했다. 이해준 기자 lee.hayjune@joongang.co.kr",중립
2,544,2021.04.21 ,"文 대통령, 박영선·김영춘 위로 만찬 “힘들었죠, 힘들었죠”",이해준,"문재인 대통령이 20일 박영선 전 서울시장 후보와 김영춘 전 부산시장 후보를 만나 위로했다. 사진은 지난해 열린 인공지능 관련 회의에서 문재인 대통령이 박영선 당시 박영선 중소벤처기업부 장관과 인사하는 모습. 청와대사진기자단 문재인 대통령이 4·7 재·보궐선거에서 낙선한 더불어민주당 박영선 전 서울시장 후보와 김영춘 전 부산시장 후보를 20일 청와대로 초청해 만찬을 했다고 청와대 관계자가 21일 전했다. 문 대통령은 21일에는 청와대 상춘재에서 국민의힘 오세훈 서울시장과 박형준 부산시장과 오찬을 한다. 당선된 인사들과 오찬에 앞서 낙선한 후보를 먼저 위로하고 배려한 것으로 풀이된다. 만찬은 2시간가량 진행됐다. 식사에 와인도 곁들였다고 한다. 이 자리에서 문 대통령은 두 후보에게 “고생했다”는 취지로 위로를 전했다. 후보들은 이번 선거 현장에서 느낀 민심을 문 대통령에게 전달한 것으로 알려졌다. 이에 대해 문 대통령은 “힘들죠, (선거가) 힘들었죠” 등의 말을 했다고 한다. 또 후보들은 문 대통령에게 “임기 끝까지 경제현장을 잘 챙겨달라”며 “힘들어하는 국민에게 든든한 버팀목이 돼달라”는 내용의 당부를 한 것으로 전해졌다. 이해준 기자 lee.hayjune@joongang.co.kr",중립
3,549,2021.04.21 ,"文, 오늘 오세훈·박형준과 靑오찬…어제 박영선·김영춘 만찬",김은빈,"문재인 대통령. 청와대사진기자단 문재인 대통령이 21일 신임 오세훈 서울시장과 박형준 부산시장을 청와대로 초청해 오찬 간담회를 한다. 박경미 청와대 대변인에 따르면 문 대통령은 이날 낮 12시 청와대 상춘재에서 두 신임 시장을 만나 4·.7재보궐 선거 당선과 취임을 축하하고, 시정 현안에 대해 심도 있는 대화를 나눈다. 또 신종 코로나바이러스 감염증(코로나19)방역,민생 경제 회복,서민 주거 안정 등 국가적 문제에 대해서도 의견을 교환할 계획이다. 박 대변인은 ""이 자리는 문 대통령 뜻에 따라 오 시장과 박 시장을 초청하고, 두 시장이 흔쾌히 이뤄진 것""이라며 ""대통령비서실에서는 유영민 비서실장과 이철희 정무수석이 배석할 예정""이라고 설명했다. 이어 ""이 일정은 대한민국 제1·제2도시인 서울과 부산의 현안에 대해,야당 소속 지방자치단체장과 함께 머리를 맞대고 힘을 모으는 것이 매우 중요하기 때문에 마련됐다""며 ""이철희 정무수석 취임 후 첫 야당 소속 단체장과 협치의 자리""라고 소개했다. 앞서 문 대통령은지난 19일 수석보좌관회의에서 야당과의 소통과 협력을 거듭 당부하며,선거로 단체장이 바뀐 지자체와도 특별한 협력체제를 구축해 주기 바란다고 지시한 바 있다. 한편 청와대 관계자는 “문 대통령이 이날 간담회에 앞서 전날 오후 박영선·김영춘 등 민주당 소속 낙선자들을 초청해 비공개 만찬을 했다”고 밝혔다. 김은빈 기자kim.eunbin@joongang.co.kr",중립
4,881,2021.04.14 ,"박영선 이어 김영춘도 “민주당, 분열로 내딛지 않아야”",이가영,"7일 오후 김영춘 더불어민주당 부산시장 후보가 부산 부산진구 선거사무소에서 4·7 부산시장 보궐선거 패배를 받아들인다는 입장을 밝히고 있다. 연합뉴스 4‧7 재보궐 선거 참패 이후 더불어민주당 내 혁신 방향을 두고 잡음이 지속하자 부산시장 후보로 출마했던 김영춘 전 해양수산부 장관이 “분열로 내딛지 않아야 한다”고 밝혔다. 서울시장 후보였던 박영선 전 중소벤처기업부장관 역시 ‘통합론’을 제시했었다. 14일 김 전 장관은 페이스북에 “패장은 말없이 자숙하는 게 도리이나 여러분께 받은 은혜를 돌에 새기는 심정으로 글을 적는다”며 보궐선거 패배 후 처음으로 입을 열었다. 그는 “비록 이번에는 시민들의 선택을 받지 못했지만 여러분의 헌신에 힘입어 부산과 대한민국의 꿈에 대해 당당하게 외칠 수 있었다”며 “문재인 정부와 민주당이 보여준 부산에 대한 애정에 후보자로서 머리 숙여 감사드린다”고 밝혔다. 특히 가덕도 신공항 특별법 통과를 두고 ‘얄팍한 선거용’이 아니었으며 진정성 있는 결단이었다고 강조했다. 김 전 장관은 “선거기간 국정을 쇄신하라는 시민의 명령을 분명히 확인했다”며 “공직자의 부동산 투기 등 부정부패는 단호하게 도려내야 한다”고 말했다. 그러나 “문재인 정부는 민주당 정부. 당·정·청 혁신은 동시 과제이지 별개 사안이 아니다”라고 말한 김 전 장관은 “한두 사람을 특정해 잘잘못을 따지는 방식으로는 국정쇄신이 요원하다”고 했다. 그는 “우리는 열린우리당 실패의 축적물까지 딛고 서 있는 정당”이라며 “치열하게 토론하되 그것이 돌이킬 수 없는 분열로 내닫지 않는 품격있는 과정이 되면 좋겠다”고 조언했다. 김 전 장관은 “무엇보다 낮은 자세로 민심을 경청하는 자세가 요구된다”며 부동산과 신종 코로나바이러스 감염증(코로나19) 대처 등에서 더 빠르고 과감하게 문제를 파고들어 성과를 내야 한다고 제안했다. 이어 “당·정·청의 모든 주체가 공동운명체라는 인식 아래 뼈를 깎는 각오로 임해주셨으면 한다”고 당부했다. 박영선 전 장관 역시 지난 10일 “마음이 무척 아프다”며 “우리 모두 열심히 했다. 모든 것은 제가 부족했기 때문”이라고 밝혔다. 그는 “패하고 나면 여러 이야기가 나오고, 의견이 서로 다를 수 있다”며 “서로 비난하지 않고 품이 큰 민주당으로 거듭나게 해 달라”는 내용의 글을 올렸다. 이가영 기자 lee.gayoung1@joongang.co.kr",중립
5,952,2021.04.13 ,당심 맞추려다 본선 망치는 딜레마…박영선도 도리 없었다,김효성,"YTN 의뢰 리얼미터 여론조사(4월 5~9일)에서 문재인 대통령 국정수행 긍정평가는 33.4%였다. 2017년 5월 취임 이후 최저치다. (자세한 사항은 중앙선거여론조사심의위 홈페이지 참조). 사진은 문 대통령이 3월 29일 청와대에서 열린 반부패정책협의회에 참석한 모습. 뉴스1 “대한민국은 문재인 보유국이다.” 4·7 서울시장 보궐선거에서 낙선한 박영선 더불어민주당 후보가 지난 1월 24일 페이스북에 올린 글이다. 박 후보는 문 대통령과 함께 차를 마시는 사진도 올리며 “벌써 대통령님과 국무회의에서 정책을 논하던 그 시간이 그립다”고 적었다. 같은 날 경선 경쟁자 우상호 민주당 의원은 “우리는 나라다운 나라, 든든한 대통령을 가질 수 있게 됐다”고 했다. 두 사람이 문심(文心) 경쟁을 벌인 이날은 문 대통령의 69번째 생일이었다. [갈라파고스에 갇힌 거여(下)] 당시 극성 친문 지지층의 극찬을 받았던 발언은 본선에서 족쇄가 됐다. 국민의힘은 선거 기간 내내 박 후보의 “문재인 보유국”발언을 언급하며 “듣기에 얼굴이 화끈해질 이야기”,“문재인 아바타는 박영선”,“박영선을 찍으면 문재인이 된다”는 역공세에 활용했다. 부동산 이슈에선 문 대통령 정책에 발목이 잡혔다. 박후보는 내부적으론 종합부동산세 인하 공약까지 검토했지만, 최종적으론‘공시가격 상승률 10% 제한’ 만 내걸었다.“정부 정책에 반기를 드냐”는 핵심 지지층 반발을 우려해 내린 절충안이었다고 한다. 하지만 이마저도 오세훈 서울시장이 ‘공시지가 동결’ 공약을 꺼내며 무용지물이 됐다. 박 후보 캠프 관계자는“선거 기간 내내 정책도 비전도 친문프레임에서 벗어나지 못했다”고 자평했다. 당심과 민심의 괴리 극성 친문 지지층, 즉 문파(文派)가 민주당의 주류로 떠오른 건 2015년 문 대통령이 당 대표 시절‘온라인 당원제’를 도입한 이후다. 당시 문 대통령에 대한 팬덤을 가진 유권자들이 대거 입당해 당의 주류가 됐다. 민주당 당직자는 “각종 사안에서 투표권을 가진 권리당원은 현재 80만명”이라며“대부분이 친문 성향이고, 그중 3000명~3만명이 소위 극렬 문파”라고 말했다. 민주당비례위성정당참여찬반. 그래픽=김경진 기자 capkim@joongang.co.kr 당원 숫자는 늘었으나, 이들의 판단은 민심과 멀었다.21대 총선을 앞둔 지난해 3월 비례위성정당 창당 의사를 묻는 민주당 권리당원 투표에서 찬성률은 74.1%였다. 4·7 보궐선거 후보 공천을 위한 ‘무공천 당헌’ 개정 투표에서도 86.64%가 찬성했다. 전국민 대상 여론조사 결과는 달랐다. 비례 정당 찬반 조사(지난해 3월 1~2일, 한국일보·한국리서치)에선 응답자 25.7%만이, 무공천 당헌 개정 조사(지난해 11월 1~2일, 아시아경제·윈지코리아컨설팅)에선 39.3%만이 찬성했다. 당심과 민심 간극이 점점 커졌다는 증거다. (자세한 사항은 중앙선거여론조사심의위 홈페이지 참조) 전대에서 드러난 문파의 힘 문파 권리당원의 힘은 당 지도부와 공천의 향배를 좌지우지할 정도로 커졌다. 당내 선거에서 권리당원의 투표 비율이 전당대회 40%, 지방선거·총선후보 경선 50%로 압도적이기 때문이다. 문파에 비토(veto·거부)를 당하면 생존 자체가 불가능한 구조에서, 과거 비주류 정치인까지 모두 강성·친문으로 변했다는 말도 나온다. 김부겸 전 의원(왼쪽)은 지난해 8월 전당대회에서 21.4%로 이낙연 전 대표(오른쪽)에 이은 2위였다. 후발주자로 권리당원 표심에 신경쓰며 17.9%를 얻은 박주민 의원(가운데)에 불과 3.5%p 차이였다. 당시 당내에선 ""친문 당원 공략에 나선 이 전 대표와 박 의원에 밀린 것""이란 분석이 나왔다. 뉴스1 대표적인 사례로 거론되는 게 김부겸 전 행정안전부 장관이다. 중도 성향이던 그는 지난해 8월 당 대표에 출마하면서 “정치개혁, 권력기관 개혁, 언론개혁을 하자는 게 ‘친문코드’라면 기꺼이 친문에 맞추겠다”며 강성 발언을 쏟아냈다. 그러나 대의원 투표에서 30% 가까운 득표를 얻은 반면 권리당원 득표율은 14.8%에 불과했다. 결국 전체 득표율 21.4%로 참패했다.3위 박주민 의원에도 겨우 3.5%포인트 앞섰을 뿐이다. 비문 성향의 한 다선 의원은 “소수 문파의 집단적인 의사표출로 합리적 당원들은 의견개진을 꺼리고, 문파의 의견이 '과다 대표'되는 악순환이 일어나고 있다”고 말했다. 급변침 가능할까…이재명·정세균의 딜레마 이재명 경기지사나 정세균 국무총리 등 차기 대선주자들도문파 권리당원들의 파워에서 자유롭지 않다. 대선 예비경선에선 권리당원 투표가 50% 비중(나머지 50%는 여론조사)을 차지한다. 국민경선제로 치러지는 본경선에서도 별도 신청이 필요한 일반 국민과는 달리 권리당원에겐 자동으로 투표권이 주어진다. 대선 경선 과정에서 현 정부의 잘못을 지적하면 문파의 타깃이 되면서 경선 통과를 장담할 수 없는 상황이 빚어질 수 있다. 그렇다고 현 정권과 선을 긋지 않을 경우 경선은 이기더라도 본선에서 고전할 가능성이 있다. 민주당 대선 후보들 모두 이런 딜레마적 상황에 직면하게 됐다는 평가다. 차기 대선주자로 꼽히는 정세균 국무총리(왼쪽)는 범친문으로 꼽히며 당내에 정세균계 기반도 갖고 있다. 이재명 경기지사는 비문성향이지만 이해찬 전 민주당 대표와 소통하며 친이해찬계 당원들의 지지를 얻는다. 그러나 두 주자 모두 친문 주류 당원의 지지는 아직 못 받고 있다는 게 대체적 분석이다. 중앙포토 재·보선 참패에도 불구하고 문파들은 기존 노선의 고수를 요구하고 있다. 당원 게시판엔 “19대 대선에서 문 대통령 지지율은 41.08%였고, 박영선 후보 득표율은 39.18%로 별 차이가 없다. 다른 60% 지지율에 눈 돌리지 말라”는 말이 나온다. 이런 상황을 두고는 ""보수 진영에서 과거 ‘태극기 부대’가 주도하던 시기와 닮아있다""는 분석도 있다. 국민의힘은 태극기 부대와 결별하지 못하던 2018년 지방선거, 2020년 총선에선 내리 패배했다. 반면 태극기 부대를 배제하고 중도우파인 오세훈·박형준 후보를 내세운 이번 선거에선중도 표심을 얻으며 승리했다. 안병진 경희대 교수(정치학)는“집토끼(극성 지지층)의 힘이 세지면 당심과 민심이 괴리되며 대선 승리에서 멀어진 게 지난 보수 정당의 과거”라며“경선에서 당원 맞춤 전략을 펴다간 본선 승리에서 멀어진다는 점을 대선 주자들이 고민해봐야 할 것”이라고 말했다. 김효성 기자 kim.hyoseong@joongang.co.kr 관련기사집값 남탓, 검수완박 강행…나만 옳다는 갈라파고스 민주당 ■ “민주당 주인은 당원”…문파 권한 확대 팔 걷어붙인 강경파「 12일 오전 서울 여의도의 한 호텔에서 열린 4·7 재·보선 참패 후 더불어민주당의 쇄신 진로를 위한 재선의원 간담회에 앞서 좌장 역할을 맡은 김철민 의원(왼쪽) 등 참석 의원들이 고(故) 김대중·노무현 대통령에 대한 묵념을 마친 뒤 자리에 앉고 있다. 오종택 기자 “전체 국민을 바라봐야 한다. 강성 당원에 너무 휩쓸리면 안 된다.” “무슨 말이냐. 공당이 당원 의견을 존중하는 건 당연하다.” 12일 오전 더불어민주당 재선 의원 모임에서 오간 토론이다. 민심(民心)이냐, 당심(黨心)이냐의 논쟁이 민주당 내부에서 증폭되는 모습이다. 민심과 당심의 불일치가 여당의 4·7 재·보궐선거 참패 이유로 지목되고 있어서다. 일단 승기를 잡은 건 ‘당심론’이다. 당초 중앙위원회에서 뽑기로 했던 최고위원들을 5·2 전당대회에서 당원들이 참여한 가운데 선출하기로 했다. 국민의 냉랭한 시선을 의식해 조용히 최고위원을 뽑겠다는 민주당 비상대책위원회 1호 결정은 “민주당 주인은 당원”이라는 외침에 가로막혀 사흘 만에 휴지조각이 됐다. 강성 권리당원들에 기댄 강경파 의원들은 ""내친김에 전당대회 규칙까지 바꾸자""고 목소리를 높였다. 이재정 의원은 지난 9일 “현재 (전당대회에서) 대의원과 권리당원 1인의 투표의 가치는 60대 1에 가깝다”고 문제를 제기했고, 박주민·황운하 의원도 “전당대회가 당원 의사에 좀 더 가까운 결론을 도출할 수 있게 하기 위해 대의원이 과다 대표되는 문제를 시정했으면 한다”며 이에 동참했다. 이들이 문제 삼은 것은 현행 전당대회 의결 구조다. 민주당 당헌엔 당 대표와 최고위원을 대의원(45%), 권리당원(40%), 국민(10%), 일반당원(5%) 투표 비율로 선출한다고 규정하고 있다. 강성 지지층이 다수인 권리당원 비중이 너무 낮으니, 이를 높이자는 이들의 주장이다. 당 대표와 최고위원 후보를 정하는 컷오프(예비경선)에 권리당원이 참여해야 한다는 주장도 나왔다. ‘검수완박(검찰 수사권 완전 박탈)’ 논의를 주도했던 김용민 의원은 지난 11일 “당 대표·최고위원 선출 시 예비경선을 중앙위원회로만 하지 말고 당원 의사를 반영해야 한다”고 했다. 친문 중진 정청래 의원도 “이참에 당 대표 선출방식도 바꾸자”며 같은 주장을 펼쳤다. 그동안 후보를 추려내는 예비경선엔 국회의원과 지역위원장, 시·도 지사 등으로 구성된 중앙위원들만 참여했다. 이 제도는 결과적으로 강성 지지층의 입김을 막아내는 안전판 역할도 했다. 지난해 최고위원 선거에선 문파 권리당원의 열성적인 지지를 받는 이재정 의원이 예비투표에서 탈락하는 이변도 발생했다. 강경파 의원의 주장에 대해 “권리당원 투표 비율을 높이자는 건 결국 당을 ‘대깨문(강성 문파 지지층)’ 놀이터로 만들겠다는 의도”(수도권 보좌관)라는 비판이 나온 이유다. 권리당원의 권한을 강화하자는 주장은 이날 오전 열린 민주당 전국대의원대회준비위원회(전준위) 회의에서도 나왔다고 한다. 강선우 민주당 대변인은 이날 전준위 회의 직후 “손대기에는 일정이 촉박하다는 의견도 있었다""며 “다음 회의에서 더 논의할 것”이라고 전했다. 이와 관련 민주당의 한 의원은 “대선 후보 경선은 국민경선으로 치러지기 때문에 이번 논의와는 큰 상관이 없다”면서도 “다만 전당대회를 앞두고 특정 그룹이 급작스레 권리당원 권한 확대를 일제히 외치는 게 예사롭진 않다”고 말했다. 오현석 기자 oh.hyunseok1@joongang.co.kr 」",중립
6,1033,2021.04.11 ,“부산시장 박영선 축하!”…해리스 前대사 “앗! 나의 실수”,홍주희,"해리 해리스 전 주한 미국 대사. 우상조 기자 “서울시장과 부산시장 선거 레이스에서 승리한 오세훈과 박영선에게 축하 인사를 보낸다” 해리 해리스 전 주한 미국대사가 4·7 재보궐 선거 당선인에게 축하인사를 하면서 이름을 잘못 표기하는 실수를 해 뒤늦게 수정하는 해프닝이 벌어졌다. 해리스 전 대사는 지난 9일 자신의 트위터를 통해 서울·부산시장 당선인에게 선거 승리를 축하한다는 글을 남겼다.그러나 그는 부산시장 당선인을 ‘박형준(Park Heong-joon)’이라 쓰지 않고, ‘박영선(Park Young-sun)’이라고 쓰는 실수를 했다. 해리 해리스 전 주한 미국 대사가 트위터에 올린 글. 트위터 캡처 해리스 전 대사는 하루만인 10일 실수를 인지하고 “내가 큰 실수를 저질렀다”며 이름을 수정했다. 그러면서 자신이 실수를 알려준 주한미국 대사관 직원 등에게 감사의 뜻을 전했다. 해리스 전 대사는 지난 2018년 7월부터 올해 1월까지 2년 6개월 동안 대사직을 수행했다. 홍주희 기자 honghong@joongang.co.kr",중립
7,1051,2021.04.11 ,"박영선 ""마음 아파…내년 목련 필때까지 당 단합해달라""",한영혜,"지난 4일 서울 중구 명동성당에서 열린 부활절미사에 참석해 기도를 하고 박영선 전 중소벤처기업부 장관. 사진 박영선 캠프 4·7 서울시장 보궐선거에 더불어민주당 후보로 출마했던 박영선 전 중소벤처기업부 장관은 선거 패배 후 내홍을 겪는 당과 당원을 향해 “우리가 나아가야 할 길은 오직 하나, 정권 재창출을 위해 매진하는 것”이라며 단합을 호소했다. 박 전 장관은 10일 자신의 페이스북에 기도문 형식으로 “제가 마음이 무척 아프다. 그래서 간절한 기도를 올린다”며 글을 올렸다. 그는 이어 “내년 목련이 필 때까지 지혜를 주시옵소서 사랑을 주시옵소서”며 “우리 모두 열심히 했다. 모든 것은 제가 부족했기 때문”이라과 했다. ‘목련이 필 때’는 다음 대통령 선거가 있는 3월을 가리킨 것으로 보인다. 그러면서 “패하고 나면 여러 이야기가 나올 수 있고, 의견이 서로 다를 수 있다”고 했다. 그러면서 “서로 비난하지 않게 해주시옵소서. 서로 다른 의견도 서로 품고서 품이 큰 민주당으로 거듭나도록 해주시옵소서”라고 했다. 박 전 장관은 또 “사랑하는 당원 동지 여러분! 잘못된 것이 있다면 박영선을 나무라시고 내년 목련이 필 때까지 단합해 주시옵소서. 서로 믿음과 신뢰를 잃지 않도록 해 주시옵소서”라고 덧붙였다. 박영선 전 중소벤처기업부 장관이 10일 자신의 페이스북에 올린 글. 페이스북 캡처 한영혜 기자 han.younghye@joongang.co.kr",중립
8,1122,2021.04.09 ,"오세훈 425개 동 중 5개 빼고 석권…박영선, 사는 동서도 져",한영익,"4·7 보궐선거에서 당선된 오세훈 서울시장은 압구정 등 재건축·종합부동산세 이슈가 있는 지역에서 표를 싹쓸이한 것으로 나타났다. 중앙일보가 서울시장 보선의 동별 개표 결과를 분석한 결과다. 서울 425개 행정동(洞) 가운데 오 시장에게 80% 이상의 압도적 몰표를 준 곳이 10곳이었는데, 재건축·종부세 이슈가 있는 지역이 절대다수였다. 오, 집 세금 여파 아파트지역 압승80% 이상 몰표 나온 곳도 10개 동강남뿐 아니라 흑석·옥수 등 2배차 국민의힘 소속 오 시장이 가장 높은 득표율을 거둔 곳은 강남구 압구정동으로 88.3%를 기록했다. 박 후보를 찍은 이는 10.5%에 불과했다. 이 밖에도 강남구 대치1동(85.1%)·도곡2동(84.8%)·청담동(80.3%)·신사동(80.0%), 서초구 반포2동(84.2%)·반포3동(81.3%)·서초4동(80.8%), 송파구 잠실7동(80.7%) 등에서 유권자들은 오 시장에게 80% 이상의 압도적 몰표를 안겼다. 오세훈 70% 이상 득표동. 그래픽=차준홍 기자 cha.junhong@joongang.co.kr 관련기사'이남자'는 민주당이 싫었고, '이여자'는 맘줄 곳 못 정했다40대 남성 51% 박영선 지지 “우리가 어떻게 보수 정당 뽑나” 이 지역들은 대부분 재건축 이슈를 안고 있고 종부세 사정권에 있는 곳들이다. 대치1동에는 우성·선경아파트, 잠실7동에서는 우성아파트 등이 재건축을 추진 중이고 반포3동(한신아파트 단지), 서초4동(삼풍아파트)에서도 재건축을 추진 중인 아파트 단지가 즐비하다. 오 시장이 득표율 70~80%를 기록한 28개 동 역시 보수 정당의 텃밭인 강남3구에 집중됐다. 강남구 개포1동(78.9%)·삼성1동(77.5%), 서초구 잠원동(78.2%)·반포본동(76.4%), 송파구 잠실3동(78.1%)·오륜동(77.3%) 등이다. 여론조사업체 에스티아이의 이준호 대표는 “실질적이든, 잠재적이든 간에 종부세 등 조세 정책으로 인한 집단적 피해자 의식이 작동한 게 아닐까 싶다”고 해석했다. 박동원 폴리컴 대표 역시 “종부세의 영향이 컸을 것”이라며 “특히 지난 총선 때 민주당이 종부세 완화를 언급했다 지키지도 않은 게 결정적”이라고 말했다. 박영선 승리 5개동. 그래픽=차준홍 기자 cha.junhong@joongang.co.kr 아파트 단지 밀집 지역의 ‘오세훈 몰표’ 현상은 강남3구 밖에서도 두드러졌다. 아파트 단지가 밀집한 성동구 옥수동(68.9%), 강동구 고덕2동(67.4%)·명일2동(66.0%), 양천구 목5동(69.1%)·신정6동(67.3%)·목1동(65.2%), 동작구 흑석동(65.3%), 용산구 이촌1동(78.8%)·서빙고동(75.3%) 등에서 오 후보는 박 후보를 더블스코어 이상 격차로 눌렀다. 용산구를 제외하고는 국민의힘이 지난해 총선에서 의석 확보에 실패한 지역들이다. 엄경영 시대정신연구소장은 “부동산 투표가 작용한 결과”라며 “집을 가진 사람 역시 대출이자 부담도 있는데 각종 세금 부담이 가중되는 데 대한 불만이 쌓였다”고 분석했다. 박영선 더불어민주당 후보는 민주당 아성인 서남권·동북권에서 대부분 패하며 5개 동에서만 승리를 거뒀다. 국회의원 시절 자신의 지역구가 있던 구로구에선 구로3동(52.2%)·항동(48.9%) 등 2곳 승리에 그쳤고 종로구 창신2동(49.5%), 강서구 화곡8동(49.5%), 마포구 성산1동(48.3%)에서만 간신히 이겼다. 반면에 오 시장은 박 후보가 거주하는 서대문구 연희동에서도 55.9%를 득표해 박 후보(39.2%)를 눌렀다. 과거 박 후보의 자택이 있던 신도림동(58.6%) 역시 오 후보에게 손을 들어줬다. ‘생태탕’ 논란의 무대가 됐던 서초구 내곡동에서도 오 시장(64.4%)은 박 후보(33.4%)보다 두 배 가까이 득표했다. 부산에서는 국민의힘 소속 박형준 부산시장이 김영춘 민주당 후보를 모든 동에서 눌렀다. 한영익 기자, 김보담 인턴기자hanyi@joongang.co.kr",중립
9,1155,2021.04.08 ,"박영선 ""울고 싶지만 울면 안돼, 중요한 건 내년 정권 재창출""",김은빈,"박영선 더불어민주당 서울시장 후보. 오종택 기자 박영선 더불어민주당 서울시장 후보가 8일 캠프 관계자들에게 ""많이 울고 싶지만 울어선 안 된다. 앞으로 해야 할 일이 많다""며 ""내년 3월 9일 광화문에서 다시 만나자""고 인사했다. 4·7 서울시장 보궐선거에서 패배한 박 후보는 이날 오후 서울 종로구 캠프 사무실에서 열린 해단식을 찾아 ""지금 이 순간 가장 중요한 것은 내년 정권 재창출이고, 그래야 대한민국 민주주의를 지킬 수 있다""며 이같이 말했다. 그는 ""대한민국 후손을 위해 내년에 2007년과 같은 일은 있어서는 안 된다고 생각한다""며 ""제가 부족하고 바꿀 점이 많다. 바꾸겠다. 민주당이 더 큰 품의 민주당이 돼 정권 재창출을 해야 한다""고 강조했다. 또 ""모든 것은 후보가 부족한 탓""이라며 선거 패배 책임을 자신에게 돌리기도 했다. 그는 ""선거 기간 여러가지 일이 있었지만 다 좋은 기억이고 끝까지 희망을 놓지 않아 감사하게 생각한다""며 ""이 자리에 계신 분들이 끝까지 최선을 다해줬다. 선거에서 저의 부족함을 많이 느꼈고 순간순간 반성했다""고 말했다. 박 후보는 ""많이 울고 싶지만 울어서도 안 된다. 앞으로 해야 할 일이 많다. 우리가 거짓에 무릎을 꿇을 수는 없지 않느냐""면서 ""저도 울지 않으려고 일주일간 마음을 다잡았다. 여러분들도 그렇게 해주시고 내년 3월 9일 광화문에서 다시 만나자""고 의지를 다졌다. 캠프 상임선대위원장을 맡았던 안규백 의원은 ""가슴이 먹먹하다. 처음부터 어려웠던 선거였다""며 ""이번 선거를 통해 박영선이라는 통합의 구심점을 발견했고, 여러분의 애당심과 헌신을 보았다""고 격려했다. 김은빈 기자kim.eunbin@joongang.co.kr",중립
10,1208,2021.04.08 ,"박영선, 지지자 껴안고 눈물 “시민의 회초리 받아들인다”",심새롬,"더불어민주당 박영선 서울시장 후보가 7일 오후 보궐선거 결과를 받아들인다고 밝혔다. [국회사진기자단] 선거가 지나간 자리에 서러운 눈물이 들어찼다. 박영선 더불어민주당 서울시장 후보는 7일 지상파 3사 출구조사 발표를 캠프·상황실 대신 집에서 시청했다. 오세훈 국민의힘 후보에 크게 뒤진다는 출구조사 발표가 나온 뒤인 오후 9시 15분쯤 캠프에 모습을 드러낸 박 후보의 눈가는 화장기 없이 젖어 있었다. 전날까지 서울 곳곳을 누빌 때 신었던 파란 운동화를 그대로 신고 왔다. 박 후보는 지지자들과 껴안고 울며 20여분간 비공개 해단식을 했다. 박, 오후 9시쯤 캠프 찾아 해단식김영춘 “민심의 큰 파도에 승복” 이후 지지자들과 헤어진 그는 서울 여의도 당사로 자리를 옮겨 “진심이 승리하길 바라면서 끝까지 응원해준 시민들에게 무한한 감사 말씀을 드리고, 회초리를 들어준 시민들에게는 겸허한 마음으로 모든 것을 받아들이면서 가야겠다고 생각한다”고 말했다. 향후 진로와 패배 원인 등에 대한 물음에는 답하지 않고 자리를 떴다. 이번 선거는 그의 세 번째 서울시장 도전이었다. 더불어민주당 김영춘 부산시장 후보가 7일 오후 보궐선거 결과를 받아들인다고 밝혔다. [연합뉴스] 부산은 서울보다 패색이 더 짙었다. 김영춘 민주당 후보는 출구조사 결과를 보고 충격에 휩싸인 듯 아무 말을 하지 못한 채 TV 중계화면만 지켜보다 20여분 만에 자리를 떴다. 오후 10시쯤 창백한 얼굴로 다시 나타난 그는 “민심의 큰 파도 앞에서 결과에 겸허하게 승복한다”며 “저와 민주당은 앞으로도 부산의 꿈을 결코 포기하지 않을 것”이라고 두 마디 소감을 냈다. 앞으로의 계획에 대한 질문에는 “여기까지 하겠다”고만 했다. 민주당 지도부 역시 무거운 참패 소식에 짓눌린 모습이었다. 굳은 얼굴로 한 곳에 모여 출구조사 결과를 시청했지만 9분 동안 아무도 한마디 말을 하지 않았다. 서울·부산 지지율 격차 공개 순간 한숨을 몰아쉰 김태년 당 대표 직무대행 겸 원내대표의 마스크는 한참을 거칠게 들썩였다. 한 선대위 관계자는 “져도 잘 져야 하는데, 예상보다 차이가 너무 커 다들 뭐라 할 말을 잃었다”고 전했다. 전날 “3%포인트 내외의 박빙 승부”를 주장했던 이낙연 당 상임선대위원장은 이날 부인이 음성 판정을 받긴 했지만 코로나19 밀접접촉자로 분류돼 오는 15일까지 함께 자가격리에 들어가기로 했다. 앞서 전국 단위 선거에서 네 차례 연속(2016년 총선·2017년 대선·2018년 지방선거·2020년 총선) 승리한 민주당에서는 이날 “5년 만의 패배가 더 낯설고 아프다”(재선 의원)는 말이 나왔다. 서울·부산의 민주당 상황실과 캠프 사무실은 무거운 적막감 속에 이날 오후 10시 무렵부터 집기와 현수막 철거 작업을 일찌감치 시작했다. 심새롬·송승환·남수현 기자, 김보담 인턴기자 saerom@joongang.co.kr",중립
11,1211,2021.04.08 ,"박영선 ""새로운 봄 준비했지만 졌다…깊은 성찰시간 갖겠다""",고석현,"박영선 더불어민주당 서울시장 후보가 7일 서울 여의도 중앙당사에서 입장발표 뒤 당사를 나서고 있다. 박 후보는 당사에서 지도부 면담을 마친 뒤 개표상황실에 들리지 않았다. 뉴스1 박영선 더불어민주당 서울시장 후보는 8일 ""천만시민의 새로운 봄을 정성껏 준비했지만,그 봄이 지고 말았다""고 밝혔다. 박 후보는 이날 자신의 페이스북에 ""사랑하는 서울시민 여러분 그리고 당원 동지 여러분,많은 강을 건넜고깊은 산을 넘었다""며 '목련이 지는 것을 슬퍼하지 말자 / 피었다 지는 것이 목련뿐이랴 / 기쁨으로 피어나 눈물로 지는 것이 / 어디 목련뿐이랴' 라고 박용주 시인의 시 '목련이 진들'을 옮겨 적었다. 그는 ""이른 새벽 하얀 목련이 피는 것을 보며집을 나섰다. 목련의 단아하고 눈부신 흰빛에 맺힌 간절함이 봄을 말하고 있었다""며 새로운 봄을 준비했지만 지고 말았다고 덧붙였다. 박 후보는 ""모두 감사하다,잊지 않겠다""며 ""진심이 승리하길 염원한 시민들께 끝없는 감사를 드리며 엎드려 큰 절을 올린다""고 했다. 또 ""회초리를 들어주신 시민들의 마음도 제가 모두 받겠다""며 ""이제 새로 피어나는 연초록 잎을 보며 깊은 성찰의 시간을 갖겠다. 성원에 깊이 깊이 감사드린다""고 글을 마쳤다. 고석현 기자 ko.sukhyun@joongang.co.kr",중립
12,1222,2021.04.07 ,박영선 “겸허한 마음으로 모든 것 받아들인다”,배재성,출구조사 결과 오세훈 국민의힘 서울시장 후보가 당선 가능성이 높을 것으로 밝혀진 7일 오후 서울 여의도 더불어민주당사를 찾은 박영선 후보가 개표상황실을 거치지 않고 건물을 나서고 있다. 오종택 기자 박영선 더불어민주당 서울시장 후보는 7일 개표 초반 큰 격차로 오세훈 국민의힘 후보에게 뒤지고 있는 데 대해 “회초리를 들어주신 시민 여러분들께는 겸허한 마음으로 제가 그 모든 것을 받아들이면서 가야 되겠다고 생각한다”고 말했다. 박 후보는 이날 여의도 당사에서 기자들과 만나 “진심이 승리하기를 바라면서 끝까지 응원해주셨던 시민 여러분께 무한한 감사의 말씀을 드린다”고 했다. 박 후보는 향후 진로와 패배 원인 등에 대한 질문에는 답하지 않고 자리를 떴다. 김영춘 후보도 부산 부산진구의 선거사무소에서 “민심의 큰 파도 앞에서 결과를 겸허하게 수용한다”는 입장을 냈다. 김 후보는 “저와 민주당은 앞으로도 부산의 꿈을 포기하지 않을 것”이라고 말했다.앞으로의 계획에 대한 물음에는 “여기까지 하겠다”고만 답변하고 자리를 떴다. 이날 오후 8시 15분 발표된 방송 3사(KBS·MBC·SBS) 출구조사에서 서울시장 보궐선거에 나선 국민의힘 오 후보의 예상 득표율은 59.0%로 민주당 박영선(37.7%) 후보보다 21.3%포인트 높게 나왔다. 부산시장 보궐선거의 경우 국민의힘 박 후보의 예상 득표율은 64.0%로 민주당 김영춘 후보(33.0%)보다 2배가량 높았다. 배재성 기자 hongdoya@joongang.co.kr,중립
13,1227,2021.04.07 ,"""수고하셨어요"" 출구조사 발표 1시간 뒤 캠프 찾은 박영선",고석현,"4·7 재보궐선거 더불어민주당 박영선 서울시장 후보가 7일 밤 서울 종로구 안국빌딩 선거캠프를 찾아 캠프 관계자들과 인사하고 있다. 오종택 기자 박영선 더불어민주당 서울시장 후보는 7일 오후 8시 15분 발표된 방송 3사 출구 조사에서 오세훈 국민의힘 후보에 크게 뒤진다는 결과가 발표된 지 1시간 뒤에서야 선거캠프에 모습을 드러냈다. 자택에서 출구조사를 지켜본 박 후보는 이날 오후 9시 15분쯤 서울 종로구 안국빌딩에 있는 캠프를 찾았다. 그는 담담한 표정으로 상황실에 들어서 ""수고들 많으셨습니다. 수고하셨어요""라고 말하며 실무자들과 일일이 주먹 인사를 나눴다. 캠프에서 선거를 도왔던 의원들과는 눈을 맞추며 씁쓸한 웃음을 지어 보였다. 캠프 관계자들은 박 후보를 향해 ""수고하셨다""며 일제히 박수를 보냈다. 하지만 침통한 분위기가 깔려있었다. 일부는 결국 눈물을 보이기도 했다. 약 5분간 인사를 나눈 그는 상황실에 있던 취재진을 물린 뒤 비공개로 관계자들과 대화를 나눴다. 박 후보는 20분 만에 캠프에서 나와 선거상황실이 마련된 여의도 민주당 당사로 향했다. 캠프 관계자는 ""지지하고 도와주셨던 분들을 먼저 격려하는 것이 도리라고 생각해 먼저 캠프를 찾은 것""이라고 밝혔다. 고석현 기자 ko.sukhyun@joongang.co.kr",중립
14,1234,2021.04.07 ,"박영선은 집에, 김영춘은 말없이 캠프 나섰다…침통한 민주당",고석현,"김태년 더불어민주당 대표 직무대행이 7일 오후 서울 여의도 당사에 마련된 상황실에서 4.7 재보궐 선거 출구조사 결과 발표를 확인 후 굳은 표정으로 자리에서 일어나고 있다. 오종택 기자 더불어민주당은 4·7 서울·부산시장 보궐선거에서 박영선·김영춘 후보가 '방송 3사 출구 조사' 결과 최대 30%포인트 가까운 참패예측이 나오자 망연자실한 표정을 감추지 못했다. 민주당 당사 2층 대강당에 마련된 개표 상황실에는 오후 7시 30분쯤부터 캠프 관계자와 당직자가 속속 모이기 시작했지만, 침통한 분위기가 감돌았다. 박영선 서울시장 후보는 상황실에 나오지 않고 자택에 머물렀다. 탄식조차 없어…말 그대로 초상집 분위기 출구조사 발표 10분 전인 오후 8시 5분쯤 김태년 당대표 직무대행과 박광온 사무총장, 최인호 수석대변인 등 선대위 지도부가 어두운 표정으로 상황실에 들어섰다.아내가 코로나19 확진자와 밀접접촉해 자가격리 권고 대상이 된 이낙연 상임선대위원장은 불참했다.박 후보와 단일화에서 맞붙었던 조정훈 시대전환 의원도 자리를 함께했다. 출구조사 결과가 오후 8시 15분에 발표되자, 말그대로 초상집 분위기였다. 탄식조차 없었다. 김 대표 대행은 미동없이 화면만 바라보다가 박형준 국민의힘 부산시장 후보의 소감 발표가 시작될 즈음, 묵묵부담하며 최고위원들과 함께 상황실을 떠났다. 종로구 안국동에 위치한 박영선 후보 캠프 사무실도 침묵만 감돌았다.기동민 서울시당위원장, 서영교 캠프 총괄유세본부장, 진성준 전략기획본부장 등 20여명의 민주당 의원들도 당혹스런 표정이 역력했다.출구조사 발표 5분가량 지나자 하나둘 자리를 떴다. 김영춘캠프 곳곳서 탄식, 金 말없이 자리 떠 7일 오후 김영춘 더불어민주당 부산시장 후보가 부산 부산진구 선거사무소에서 부산시장 보궐선거 방송3사 출구조사 결과를 지켜본 뒤 퇴장하고 있다. 연합뉴스 한편 김영춘 부산시장 후보 캠프도 마찬가지였다. 김 후보는출구 조사에서 상대 후보인 박형준 국민의힘 후보가 자신보다 크게 앞선다는 결과가 발표되자, 말없이 캠프를 나섰다. 김 후보는 투표 종료 1분 전인 오후 7시 59분 부산 부산진구 선거사무소 4층에 마련된 멀티미디어룸에 들어섰다.선대위 관계자들은 ""김영춘! 김영춘! 김영춘""을 연호했고, 김 후보는 웃으며 주먹 인사로 화답했다. 하지만 출구 조사 결과가 나오자 분위기가 반전됐다. 곳곳에서 탄식이 이어졌다.김 후보는 방송사 중계화면에서 눈을 떼지 못한 채 그대로 굳었고 20분 정도 뒤 자리에서 일어났다. 함께 자리했던 선대위 관계자들에게 일일이 악수를 청한 뒤 말없이 선거사무소를 나섰다. 고석현 기자 ko.sukhyun@joongang.co.kr",중립
15,1235,2021.04.07 ,서울 20대 55.6%가 오세훈 선택…박영선은 33.6% [출구조사],오원석,"오세훈 국민의힘 서울시장 후보와 김종인 비상대책위원장 등이 7일 서울 여의도 국민의힘 중앙당사 개표상황실에서 방송3사(KBS,MBC,SBS) 공동 출구 조사 결과발표에서 더불어민주당 박영선 서울시장 후보를 앞서는 걸로 예측되자 기뻐하고 있다. 연합뉴스 4·7 서울·부산 재보궐선거가 치러진 7일 방송3사(KBS, MBC, SBS)가 공동으로 발표한 서울시장 출구조사 예측결과 오세훈 국민의힘 후보와 박영선 더불어민주당 후보는 각각 59%, 37.7% 득표를 할 것으로 예측됐다. 방송 3사(KBS·MBC·SBS) 출구조사 결과 연령별로 보면 40대를 제외한 모든 세대에서 오 후보의 득표율이 높을 것으로 관측됐다. 20대의 경우 박 후보 33.6%, 오 후보 55.6%로 각각 조사됐다. 30대에서는 박 후보 38.7%, 오 후보 56.5%로 조사됐다. 60대에서는 오 후보 69.7%를 얻어 29.1%를 기록한 박 후보를 크게 앞서는 것으로 예측됐다. 40대의 경우 박 후보 49.3%, 오 후보 48.3%로 조사됐다. 오원석 기자 oh.wonseok@joongang.co.kr",중립
16,1248,2021.04.07 ,"""청년"" ""거짓말"" 입에 단 박영선···""재건축"" ""文"" 받아친 오세훈",남수현,"4·7 보궐선거를 하루 앞둔 지난 6일 박영선 더불어민주당 서울시장 후보(왼쪽)와 오세훈 국민의힘 서울시장 후보가 각각 서울 종로구 동화면세점 앞과 노원구 상계백병원 앞 사거리에서 유세를 하며 지지를 호소하고 있다. 뉴스1 “이렇게 거짓말이 거짓말을 낳는 후보가 시장이 된다면 과연 우리 아들, 딸들에게 무엇을 가르쳐 줄 것인가.”(박영선 더불어민주당 서울시장 후보, 6일 라디오 인터뷰) “이 정부는 무조건 재건축·재개발을 억제하는 쉬운 길을 택했다. 재개발·재건축 정상화로 18만 5천호를 공급하겠다.” (오세훈 국민의힘 서울시장 후보, 지난달 31일 관훈토론회) 박영선 민주당, 오세훈 국민의힘 서울시장 후보는 이번 보궐선거 공식 선거운동 기간(3월 25일~4월 6일) 동안 각각 ‘거짓말’과 ‘재건축·재개발’이라는 키워드를 집중적으로 언급한 것으로 나타났다. 13일 동안 두 후보가 세 번의 TV토론과 각자의 언론 인터뷰 등에서 쏟아낸 발언을 키워드별로 전수 분석했다. 두 후보는 발언 창구를 선택하는 전략에서부터 차이가 났다. 지난 6일 각 캠프에 문의한 결과, 두 후보가 토론회 이외에 진행한 주요 인터뷰 횟수는 총 28회로 동일했다. 그러나 박 후보가 TV 7회, 라디오 11회, 지면 및 온라인 언론 인터뷰 10회를 진행하는 동안, 오 후보는 TV(뉴스 외 프로그램 출연 포함) 8회, 라디오 1회, 지면 및 온라인 언론 인터뷰 19회를 소화했다. 라디오·지면 인터뷰에 응한 횟수에 두 후보가 뚜렷한 차이를 보였다. 앵커 출신인 박 후보는 확산력이 좋고 발언이 그대로 전달되는 라디오 인터뷰에 많은 시간을 할애한 반면, 오 후보는 사전에 메시지를 다듬어 논리적 전달이 용이한 방식을 선호한 것으로 분석된다. 박 후보는 특히 라디오 출연 11회 중 3회를 TBS ‘김어준의 뉴스공장’ 출연으로 채우며 민주당 지지층을 향해 메시지를 내는 데 집중했다. 2030 표 급한 朴‘청년’ 121회 언급…‘거짓말’ 85회 박영선 더불어민주당 서울시장 후보(왼쪽)와 오세훈 국민의힘 서울시장 후보가 5일 오후 서울 양천구 예총회관에서 열린 한국방송기자클럽 초청 서울시장 보궐선거 후보자 토론회에서 토론 준비를 하고 있다. 뉴스1 부지런히 인터뷰에 응한 박 후보가 가장 자주 언급한 단어는 ‘청년’이었다. 박 후보는 “창업하는 청년들에게 5000만원 청년출발자산을 지원하겠다”, “아날로그의 디지털화를 지원하는 청년 디지털정책관 일자리를 1만명으로 확대하겠다” 등 젊은 층을 대상으로 한 공약을 설명하며 ‘청년’을 총 121회 사용했다. 특히 선거운동 마지막 날(6일) 오전에 출연한 두 번의 라디오 인터뷰에서만 ‘청년’이란 단어를 25회 쏟아냈다. 박 후보는 이날 인터뷰에서 “청년에게 투자하는 것이 대한민국 미래에 투자하는 것이기 때문에 청년들에 대한 지원책을 아끼지 않고 해드리려고 한다”며 이번 선거에서 ‘캐스팅보트’로 떠오른 2030세대 표심에 호소했다. ‘거짓말’, ‘내곡동’ 등 오세훈 후보를 향한 공격용 키워드도 각각 85회, 47회 언급됐다. 공식 선거운동 첫날(지난달 25일) 출연한 라디오 인터뷰에서부터 오 후보의 내곡동 땅 투기 의혹 관련해 “(오 후보는) 거짓말 하는 후보”라고 규정한 박 후보는 지난 6일 라디오 인터뷰에서도 “마지막 토론회에서도 오 후보는 또 거짓말을 했다”며 파이시티 비리 연루 의혹을 꺼내들었다. 박 후보는 또 오 후보가 서울시장 재직 시설 무상급식에 반대하다 사퇴한 이력을 부각하며 ‘무상급식’ 키워드도 37회 언급했다. “오 후보는 10년 전 무상급식 문제로 서울시민으로부터 사실상 퇴출당한 시장이다”, “오 후보는 지금도 저의 유치원 무상급식 공약에 대해서 반대하고 있다”(26일 라디오 인터뷰) 등의 발언에서였다. 吳, 부동산 비판하며‘재건축·재개발’ 34번 언급 오세훈 국민의힘 서울시장 후보가 지난 5일 오후 서울 양천구 예총회관에서 열린 한국방송기자클럽 초청 서울시장 보궐선거 후보자 토론회에서 박영선 더불어민주당 후보를 바라보고 있다. 뉴스1 반면, 오세훈 후보가 가장 많이 언급한 키워드는 여당의 부동산 정책을 비판하는 과정에서 34회 등장한 ‘재개발·재건축’이었다. 오 후보는 “박원순 전 시장은 재개발·재건축을 부정적으로 생각했다. 그렇지만 재개발·재건축을 적극적으로 해야 서울시내에 주택을 많이 지을 수 있다”(29일 여성신문 인터뷰), “이 정부는 무조건 재건축·재개발을 억제하는 너무나 쉬운 길을 택했다”(31일 관훈토론회)와 같은 말을 자주했다. 현 정부의 실정을 겨누며 ‘문재인’·‘문 정권’·‘문 정부’ 등의 키워드도 20회 이상 언급했다. 박 후보의 내곡동 투기 관련 공격에 대응하면서 ‘거짓말’이라는 단어도 25회 사용했다. 오 후보는 “나를 거짓말쟁이로 몰고 싶은 것 같은데, 그건 이 사건의 본질이 아니다”(29일 라디오 인터뷰)라는 식으로 거짓말을 언급하다가, 지난 5일 마지막 TV토론에서는 “(민주당이 후보를 안 내기로 했다가 냈기 때문에) 박 후보의 존재 자체가 거짓말 아니냐”며 ‘거짓말 프레임’으로 역공을 시도하기도 했다. 이밖에도 오 후보는 문 정부를 비판하는 동시에 내곡동 의혹을 해명하면서 ‘LH’(13회)도 여러 차례 언급했다. 지난달 28일 연합뉴스와의 인터뷰에서는 “(정부의) 2·4 대책은 공공 주도로 소유권을 LH에 넘기면 5년 내 재건축한다는 것인데, 누가 LH를 믿고 소유권을 넘길까”라고 말했고, 29일 라디오 인터뷰에서는 “내곡동 땅은 LH 투기처럼 정보를 알고 매입한 땅이 아니라 상속 받은 땅”이라고 해명했다. 박 후보와 마찬가지로 2030 표가 중요한 오 후보도 ‘청년’을 14회 언급했다. 오 후보는 지난 5일 마지막 TV토론 마무리 발언에서 “요즘 청년들의 분노를 본다. 이들의 진심어린 절규, 뜨거운 눈물에서 막중한 책임감을 느낀다. 청년들에게 분열된 대한민국을 물려주지 않겠다”며 청년표를 향해 마지막 호소를 했다. 남수현 기자 nam.soohyoun@joongang.co.kr",중립
17,1266,2021.04.07 ,박영선 “거짓말 심판하겠다”…오세훈 “시험대 통과하겠다”,나운채,"지난 6일 박영선 더불어민주당 서울시장 후보(왼쪽)와 오세훈 국민의힘 서울시장 후보(오른쪽)가 각각 서울 종로구 동화면세점 앞과 노원구 상계백병원 앞 사거리에서 유세를 갖고 지지를 호소하고 있다. 뉴스1 7일 서울시장 보궐선거 투표가 진행되는 가운데 박영선 더불어민주당 후보와 오세훈 국민의힘 후보가 각각 소셜네트워크서비스(SNS)에서 지지를 호소했다. 박 후보는 SNS에 글을 올려 “기자와 앵커를 마치고 국회의원 16년, 그리고 중소벤처기업부 장관에 이르기까지 제 인생 고비 고비마다 함께 해준 소중한 분들이 떠올랐다”며 “한결같이 진실과 정의의 편에 함께 서주신 여러분들이 있었기에 저 박영선 여기까지 달려올 수 있었다”고 밝혔다. 이어 “검증된 능력과 실력으로, 거짓 없는 정직과 서울의 미래를 향한 진심으로, 하루라도 빨리 1000만 서울시민의 삶에 따스한 볕이 들고 봄이 올 수 있게 하겠다”고 강조했다. 그는 ‘거짓말을 심판하겠다’, ‘정직한 서울을 만들겠다’, ‘무능하고 무책임한 서울이 아닌 유능하고 신뢰할 수 있는 서울로 나아가겠다’, ‘공동체 한 사람 한 사람을 아끼는 서울이 되어야 한다’고 적은 뒤 “시민 여러분의 이런 진심이 모이고 있다”며 “마지막 순간까지 저 박영선, 여러분과 함께 승리를 향해 뚜벅뚜벅 가겠다”고 했다. 오 후보도 SNS에 지난 13일간의 선거운동을 마쳤다며 “대한민국의 미래, 서울의 미래, 우리 아들·딸의 미래를 포기하지 말아 달라”고 글을 올렸다. 오 후보는 “제가 잘나서 지지해 주시는 게 아니라는 것 잘 안다, ‘위기에 빠진 대한민국을 살려라, 기회를 주겠다, 잘하는지 지켜보겠다’는 국민 여러분의 그 마음, 잘 안다”며 “국민 여러분들의 시험대를 꼭 통과하겠다”고 강조했다. 그러면서 “아이들과 청년들에게 기성세대가 만든 빚, 물려주지 않겠다”며 “공정과 정의를 다시 세우고 상생의 서울, 반드시 만들겠다는 약속도 꼭 지키겠다”고 언급했다. 아울러 “서울시장으로서의 경륜과 경험, 제대로 다시 써서 시민 여러분들께 자부심으로 돌려드리겠다”며 “미래를 바꾸는 힘은 투표에서 나온다, 정치에 응어리진 마음은 투표를 통해 풀어 달라”고 호소했다. 박영선 더불어민주당 서울시장 후보(왼쪽)와 오세훈 국민의힘 서울시장 후보가 지난 5일 서울 양천구 목동 예총회관에서 열린 한국방송기자클럽 초청 서울시장 보궐선거 후보자 토론회에서 인사를 나눈 뒤 자리로 돌아가고 있다. 연합뉴스 나운채 기자 na.unchae@joongang.co.kr",중립
18,1287,2021.04.07 ,박영선 “투표하면 이긴다” 전통적 강세 서부권 공략,송승환,"박영선 민주당 후보가 6일 서울 광화문 인근에서 공사 관계자와 인사하고 있다. [국회사진기자단] “시민들이 거짓말을 심판하자는 쪽으로 바람이 바뀌고 있습니다.”(6일 기자회견) 마지막 날 전략은 지지층 결집김어준 진행 방송에 10번째 출연여의도 유세 땐 의원 30명 등장광화문광장선 “촛불정신 다시 생각” 박영선 더불어민주당 서울시장 후보의 선거운동 마지막 날 전략은 지지층 결집이었다. 6일 박 후보의 집중유세 지역도 동작·서대문·은평·영등포 등 민주당이 전통적으로 강세를 보인 서울 서부권이 중심이었다. 캠프 관계자는 “현장에서 사전투표 이후 분위기가 반전됐다는 게 느껴진다”며 “국민의힘을 찍지 않는 지지층이 투표장에 나오는 걸 포기하지 않도록 독려하고 있다”고 유세 전략을 설명했다. 박 후보는 첫 일정으로 ‘노회찬 버스’로 알려진 6411번 버스 첫차를 타고 노동자들과 출근길을 함께했다. 이번 선거에 후보를 안 낸 정의당을 포함한 범여권층의 지지를 모으려는 움직임이다. 정의당이 “박 후보는 정의당을 입에 올릴 자격이 없다”고 거절했지만, 박 후보의 러브콜은 계속됐다. 6일 기자회견에서도 박 후보는 “현장에선 정의당원이나 과거 속했던 분들이 상당수 도와주고 있다”고 강조했다. 관련기사오세훈 “청년 지지에 보답” 보수 열세 강북권에 집중김영춘 “부산 살릴 일꾼 뽑아야” 보수세 강한 해운대·기장 훑어박형준 “부산 미래 위해 한표를” 낙동강 벨트 북구·사하구 돌아 박 후보가 선택한 마지막 인터뷰 매체는 TBS ‘김어준의 뉴스공장’이었다. 박 후보는 당내 경선과 선거운동 기간에 방송인 김어준씨가 진행하는 방송에만 열 번(뉴스공장 6회, 다스뵈이다 4회) 출연했다. 박 후보는 이날 “제 마음속의 판세에선 반드시 저희가 승리한다”며 “꼭 도와달라”고 호소했다. 점심시간에 유튜브 생중계를 했다. 박 후보는 친여 성향 인터넷 커뮤니티인 ‘보배드림’에 올라온 선거 관련 댓글을 읽으며 이용자와 소통했다. 당내 경선에서 패배한 우상호 민주당 의원은 또 다른 친여 인터넷 커뮤니티 ‘클리앙’에 박 후보의 손편지를 대신 올렸다. 박 후보는 편지에 “여러분이 흔들림 없이 보여주는 격려와 지지가 저를 든든하게 지켜주고 있다”며 “여러분이 빠짐없이 투표하면 반드시 승리한다”고 적었다. 거리 유세에는 이낙연·우상호·김영호 의원 등 서울에 지역구가 있는 의원들이 총동원됐다. 연설의 핵심은 오세훈 국민의힘 서울시장 후보에 대한 네거티브였다. 박 후보는 광화문광장에서 “오 후보는 어제 토론회 내내 거짓말만 했다”며 “오 후보의 비서실장은 파이시티 인허가 문제로 돈 받아먹고 감옥에 다녀온 사람”이라고 공격했다. 서대문구로 자리를 옮겨서도 “어버이연합에 지원금을 주고, 무상급식을 안 하겠다고 신문에 광고 내던 그런 시장에게 서울시의 미래를 맡길 수 없다”고 비판했다. 특히 국회와 가까운 영등포구 여의도역 유세 때는 30명이 넘는 국회의원이 나와 손을 흔들며 분위기를 띄웠다. 영등포갑이 지역구인 김영주 의원은 “여론조사는 왜곡됐으니 믿지 말고 주변에 투표 안 한 지지자를 설득해 함께 투표하면 반드시 이긴다”고 말했다. 설훈 의원은 “습관적으로 거짓말하는 오 후보와 거리를 두고 중소벤처기업부 장관 일을 잘한 박영선을 뽑아달라”고 말했다. 당원과 지지자에다 퇴근하는 직장인과 구경하는 인파까지 몰리면서 여의도역 사거리 한쪽 길은 한때 걷다 서다를 반복해야 할 정도였다. 박 후보는 이날 저녁엔 서울 홍대와 연남동 경의선숲길 등에서 젊은 층을 공략했다. 그의 메시지는 민주당에 실망한 청년들에 대한 사과와 “정직한 후보를 뽑아달라”는 호소였다. 마지막 일정은 광화문광장에서 귀가하는 시민들과의 만남이었다. 박 후보는 이 의미를 “촛불 정신을 다시 생각해보고, 촛불 정신에 미흡했던 민주당이 반성한다는 의미”라고 했다. 송승환 기자, 김보담 인턴기자 song.seunghwan@joongang.co.kr",중립
19,1293,2021.04.06 ,"박영선 ""노회찬 도왔다""…류호정 ""급한 맘에 가져다 쓴 정신""",고석현,"류호정 정의당 의원. 오종택 기자 류호정 정의당 의원이 6일""'노회찬 정신'은 누구도 독점하여 계승할 수 없다""며 박영선 더불어민주당 서울시장 후보를 비판했다. 이날 오전 박 후보가 고(故) 노회찬 의원의 상징인 '6411번 버스'에 올라 ""노회찬과 정의당을 혼신을 다해 도왔다""고 발언한 사실을 언급하면서다. 류 후보는 이날 자신의 페이스북에 글을 올려 ""'노회찬 정신'은 누구도 독점하여 계승할 수 없다. 정의당만의 것일 리도 없다""며 ""사회적 약자와 서민을 위해 평생을 바쳤던 그를 기리는 모두의 것""이라고 했다. 이어 ""그러나 노회찬 정신으로는 비례위성정당을 만들 수 없다. 탄력근로제를 개악하거나 중대재해기업처벌법을 훼손할 수 없다""며 민주주당의 지난 행보를 비판했다. 그러면서 류 의원은 ""이번 선거를 40대는 '부동산 선거'로, 20대는 '젠더 선거'로 인식한다고 한다. 임대차 3법 통과 전 임대료를 올리는 위선을 '시세에 맞춰'로 해명하는 대신, 차별금지법이나 비동의강간죄를 공약하는 것이 노회찬 정신""이라고 지적했다. 지난 6일 오전 박영선 더불어민주당 서울시장 후보가 노량진 수산시장을 방문하기 위해 6411번 시내버스를 타고 이동하고 있다. [사진 박영선 캠프] 류 의원은 ""그래도 노회찬을 계승해 달라""며 ""선거가 끝나도, 6411번 버스는 계속 운행한다. 만약 민주당의 것만 멈춰 다시 진보적 개혁에 후퇴를 반복한다면, 오늘 민주당은 노회찬을 그저 선거에 이용한 것이 될 것""이라고 밝혔다. 이어 ""급한 마음에 가져다 쓴 그 정신으로 살아가는 수많은 노회찬의 외면을 감당해야 할 것""이라며 ""노회찬의 적은 '보수정당' 따위가 아니라 '부패한 기득권'이었다. 바쁘시겠지만, 꼭 기억해 주셨으면 좋겠다""고 글을 마쳤다. 앞서박 후보는 이날 '노회찬 버스'라 불리는 6411번 버스 유세에서 ""저는 (당시 야권 단일후보인) 노회찬 의원이 동작에 출마하셨을 때 혼신의 힘을 다해 도와드렸다""고 발언했다. 정의당은 ""당시 선거는 정당간 합의로 단일 후보를 결정하고 양당이 책임있게 선거 운동에 임했던 사안""이라며 ""정치적 도의 측면에서 적절치 않다""고 선을 그었다. 고석현 기자 ko.sukhyun@joongang.co.kr",중립
20,1297,2021.04.06 ,"용혜인 ""박영선측, 신지혜 선거운동 방해…서울시 전세냈나""",고석현,"기본소득당 신지혜 서울시장 후보(오른쪽)와 용혜인 의원. [사진 기본소득당] 기본소득당 상임선거대책위원장 용혜인 의원이 ""박영선 캠프의 선거운동방해를 좌시하지 않겠다""고 밝혔다. 4·7 보궐선거에 출마한 신지혜 기본소득당 서울시장 후보의 선거운동을 박영선 더불어민주당 후보 측이 방해했다는 취지다. 박영선캠프 측 ""불법주차 말라는 것"" 용 의원은 6일 자신의 페이스북에 ""홍대입구역 부근 상상마당에서 신 후보의 마지막 유세를 준비하고 있었는데, 갑자기 박영선 캠프 측에서 마포구청과 이야기가 됐다며 유세를 진행해야 하니 유세 차량을 빼라고 막무가내로 요구했다""고 주장했다. 이어 자신을 '선거 사무국장'이라고 소개한 마포구 시의원과 '상인회장 측'이라는 신원미상 인물들이 기본소득당 선거운동원들에게 협박성 발언을 했다고도 덧붙였다.해당 장소는 용 의원이 지난달 27일 오세훈 국민의힘 서울시장 후보로부터 '유세 방해'를 받았다고 주장한 곳 인근이다. 그는 ""(민주당 측이) 고성을 지르며, 신체를 툭툭 밀고, 욕설을 퍼붓는 장면이 저희 쪽 카메라에 그대로 찍혀있다""며 ""이게 과연 청년과 공정을 이야기하는 민주당의 현실이냐""고 반문했다. 용 의원은 ""소수정당 청년 후보에 대한 무례, 청년 선거운동원에 대한 거짓말과 협박을 좌시하지 않겠다""며""서울시 전체를 박영선 캠프가 전세 낸 것이 아니다. 아무리 시의원이 많다고 당당하게 시의원이 거짓말과 편법을 동원하는 것도 올바르지 않다""고 지적했다. 이어 ""기본소득당이 아무리 소수정당이지만, 법률에 근거한 정당한 선거운동을 방해할 권리가 민주당에게 있지 않다""며 ""추후 모든 방안을 강구해 법률적으로 대응하겠다. 경찰과 선관위도 권력에 좌우되지 않고 공정하게 선거 상황을 관리해달라""고 밝혔다. 한편 박영선 후보 캠프 관계자는 이에 대해 ""일정이 잡혀 있던 장소에 신 후보 측이 불법 주차를 하고 있어서 비켜 달라고 이야기를 한 것뿐""이라고 언론을 통해 해명했다. 고석현 기자 ko.sukhyun@joongang.co.kr",중립
21,1300,2021.04.06 ,"오세훈 ""언뜻 봐도 그 신발 브랜드 아냐…박영선 어이없다""",김은빈,"서울시장 보궐선거 투표일을 하루 앞둔 6일 오후 국민의힘 오세훈 후보가 서울 은평구 불광천변 유세에서 지지를 호소하고 있다. 2021.4.6 오종택 기자 오세훈 국민의힘 서울시장 후보는 6일 인터넷상에 확산한 사진에서 자신이 페라가모 신발을 신고 있다는 주장과 관련해 ""분명히 생긴 것도 다르고 국산 브랜드""라고 직접 반박했다. 오 후보는 이날 오후 은평구 불광천에서 유세를 마친 뒤 관련 질문에 ""제가 직접 입장을 밝힐 만한 사안인지 참 어처구니없다""며 이같이 말했다. 그는 ""그 사진은 언뜻 봐도 주장하는 그 브랜드가 아닌 걸 알 수 있다""며 ""어떻게 (박영선) 후보가 직접 그런 말을 할 수 있나""라고 했다. 앞서 박영선 민주당 후보는 이날 오전BBS 라디오에서 오 후보가 처가 내곡동 땅 측량 당시 신었다는 페라가모 신발 사진을 찾기 위해 네티즌이 총출동했다며 ""드디어 사진 한장을 어떤 분이 찾아서 올리셨다""고 말했다. 관련기사박영선 ""그 신발""이라던 페라가모…오세훈측 ""국산 브랜드"" 박 후보는 ""2006년 9월 21일 동대문서울패션센터 개관식에 참석한 오 후보가 그 페라가모 신발을 신고 있다""며 ""오죽하면 네티즌들이 이렇게까지 하겠나""라고 했다. 이와 관련해 오 후보 측 관계자는 ""페라가모와 비슷한 국산 브랜드""라며 ""(국산 브랜드 중에서도) 페라가모 비슷하게 따라 만든 것이 많다""고 일축했다. 김은빈 기자kim.eunbin@joongang.co.kr",중립
22,1301,2021.04.06 ,"박영선 마지막 호소 ""거짓말 후보에 서울 못 맡긴다""",송승환,"“시민들이 거짓말을 심판하자는 쪽으로 바람이 바뀌고 있습니다.” (박영선 후보, 6일 기자회견) 4.7 재·보궐선거를 하루 앞둔 6일 오전 박영선 더불어민주당 서울시장 후보가 서울 종로구 세종대로 동화면세점 앞에서 유세하고 있다. 박영선 더불어민주당 서울시장 후보의 선거 운동 마지막 날 전략은 지지층 결집이었다. 6일 박 후보의 집중유세 지역은 동작, 서대문, 은평, 영등포 등 민주당이 전통적으로 강세를 보인 서울 서부권이다. 박 후보 캠프 관계자는 “현장에서 사전투표 이후 분위기가 반전됐다는 게 느껴진다”면서 “국민의힘을 찍지 않는 지지층이 투표장에 나오는 걸 포기하지 않도록 독려할 계획”이라고 이날 유세 전략을 설명했다. 박 후보는 이날 첫 일정으로 ‘노회찬 버스’로 알려진 6411번 버스 첫차를 타고 노동자들과 출근길을 함께 했다. 서울시장 보궐선거에 후보를 안 낸 정의당을 포함한 범여권층의 지지율을 모으려는 움직임이다. 박 후보는 4일 기자간담회에서도 “제 마음 같아서는 심상정 의원 같은 분들이 도와주셨으면 좋겠다”고 말했다. 정의당이 “염치가 있어야 한다. 박 후보는 정의당을 입에 올릴 자격이 없다”고 거절했지만, 박 후보의 러브콜은 계속됐다. 6일 기자회견에서도 박 후보는 “현장에선 정의당 당원이나 과거 속했던 분들이 상당수 도와주고 있다”고 강조했다. 4.7 재·보궐선거를 하루 앞둔 6일 오전 박영선 더불어민주당 서울시장 후보가 구로동을 출발해 개포동으로 향하는 버스를 타고 새벽 출근하는 시민들에게 인사하고 있다. 박 후보가 선택한 마지막 라디오 인터뷰 매체는 TBS ‘김어준의 뉴스공장’이었다. 박 후보는 당내 경선과 선거 운동 기간에 방송인 김어준씨가 진행하는 방송에만 10번(뉴스공장 6회, 다스뵈이다 4회) 출연했다. 6일 박 후보는 “제 마음속의 판세에선 반드시 저희가 승리한다”면서 청취자에게 “꼭 도와달라”고 호소했다. 당내 경선에서 패배한 우상호 민주당 의원은 친여 성향 인터넷 커뮤니티 ‘클리앙’에 박 후보의 손편지를 대신 올렸다. 박 후보는 편지에 “여러분이 흔들림 없이 보여주는 격려와 지지가 저를 든든하게 지켜주고 있다”면서 “여러분이 빠짐없이 투표하면 반드시 승리한다”고 적었다. 이어 점심시간엔 유튜브 생중계를 통해 또 다른 친여 커뮤니티인 ‘보배드림’에 올라온 선거 관련 댓글을 읽으며 이용자와 소통했다. 박영선 더불어민주당 서울시장 후보가 인터넷 커뮤니티 클리앙 회원들에게 쓴 손편지. 거리 유세에는 이낙연, 우상호, 김영호 의원 등 서울에 지역구가 있는 의원들이 총동원됐다. 연설의 핵심은 오세훈 국민의힘 서울시장 후보에 대한 네거티브였다. 박 후보는 광화문광장에서 “오 후보는 어제 토론회 내내 거짓말만 했다”면서 “오 후보의 비서실장은 파이시티 인허가 문제로 돈 받아먹고 감옥에 다녀온 사람”이라고 공세를 높였다. 서대문구로 자리를 옮겨서도 “어버이연합에 지원금을 주고, 무상급식을 안 하겠다고 신문에 광고 내던 그런 시장에게 서울시의 미래를 맡길 수 없다”고 비판했다. 특히 국회와 가까운 서울 영등포구 여의도역 유세 때는 30명이 넘는 국회의원이 나와 손을 흔들며 분위기를 띄웠다. 영등포갑이 지역구인 김영주 민주당 의원은“여론조사는 왜곡됐으니 믿지 말고 주변에 투표 안 한 지지자를 설득해서 함께 투표하면 반드시 이긴다”고 말했다. 설훈 민주당 의원은“습관적으로 거짓말 하는 오 후보와 거리를 두고 중소벤처기업부 장관 일을 잘 한 박영선을 뽑아달라”고 말했다. 보좌진과 당원에,퇴근 하는 직장인들과 구경하는 인파까지 몰리면서 여의도역 사거리는 한때 걷다 서다를 반복해야 할 정도였다. 박 후보는 이날 저녁땐 서울 홍대와 연남동 경의선숲길 등에서 젊은층을 공략했다. 그의 메시지는 민주당에 실망한 청년들에 대한 사과와 ""정직한 후보를 뽑아 달라""는 호소였다. 마지막 일정은 광화문광장에서 귀가하는 시민들과의 만남이었는데, ""촛불 정신을 다시 생각해보고, 촛불 정신에 미흡했던 민주당이 반성한다는 의미""(박 후보)라고 한다. 송승환 기자, 김보담 인턴기자 song.seunghwan@joongang.co.kr",중립
23,1304,2021.04.06 ,"박영선, 친문 커뮤니티에 자필편지 ""구로박 반드시 승리한다""",홍주희,"박영선 더불어민주당 서울시장 후보가 6일 오후 서대문구 홍제역에서 열린 집중유세에서 지지를 호소하고 있다. 오종택 기자 더불어민주당 박영선 서울시장 후보가 친문(親文) 성향의 온라인커뮤니티 클리앙에 친필 편지를 보내 지지를 호소했다. 그는 “여러분을 믿고 여기까지 왔다”며 “함께 승리하고 싶다”고 밝혔다. 6일 오전 박영선 캠프의 우상호 공동선대위원장은 “절박한 심정으로 클리앙에 민주당 박영선 후보의 말씀을 전달하러 왔다”며 박 후보가 직접 작성한 친필 편지를 공개했다. 우 선대위원장은 “투표하면 이길 수 있다”며 “민주당과 박 후보에게 힘을 실어달라”고 요청했다. 더불어민주당 우상호 의원이 온라인 커뮤니티 클리앙에 공개한 박영선 서울시장 후보의 편지. 클리앙 캡처 박 후보는 편지에서 “여러분의 구로박, 박영선입니다”라고 인사를 건넸다. 구로을 지역구에서 국회의원 3선을 지낸 박 후보는 온라인에서는 ‘구로박’이라는 별칭으로 불리기도 한다. 그는 “클리앙이 얼리어답터들의 종합커뮤니티로 성장한 스토리는 새로운 서울이 가야 할 미래”라며 “변화를 두려워하지 않고 대전환을 선도하는 클리앙 회원들의 정신에서 서울시 대전환의 희망을 본다”고 밝혔다. 이어 “여러분이 흔들림 없이 보여주시는 격려와 지지는 저를 든든하게 지켜준다”면서 “우리와 사랑하는 사람들이 빠짐없이 투표하면 승리할 수 있다”고 했다. 그는 “한 사람이 열 사람을, 그 열 사람이 다시 열 사람을 투표하게 할 수 있다면 반드시 승리한다”고 거듭 강조했다. 박 후보는 “파란색 운동화 끈을 더욱 단단히 조여 묶고 달리겠다”며 “박영선의 추진력, 검증된 능력에 투표해달라”고 지지를 호소했다. 한편 이날 박 후보의 편지를 공개한 우 선대위원장은 당내 서울시장 후보 경선이 진행 중이던 지난 1, 2월에도 클리앙에 글과 영상을 남겼다. 당시 그는 “클리앙 유저들께서는 얼리어답터로 IT 분야에서 가장 앞선 분들로 안다”며 “문재인 대통령을 지키는 데 선봉에 서서 여러분들의 삶이 더 나아질 수 있도록 함께해 나가겠다”고 했다. 홍주희 기자 honghong@joongang.co.kr",중립
24,1306,2021.04.06 ,"박영선 ""그 신발""이라던 페라가모…오세훈측 ""국산 브랜드""",김은빈,"사진 인터넷 캡처. 6일 온라인상에서 확산한 오세훈 국민의힘 서울시장 후보의 '페라가모 로퍼' 사진을 두고 박영선 더불어민주당 후보는 ""드디어 어떤 분이 사진 한 장을 찾아 올렸다""며 ""2006년 9월 21일 동대문서울패션센터 개관식에 참석한 오 후보가 그 페라가모 신발을 신고 있다""고 말했다. 박 후보는 이날 오전 BBS라디오 '박경수의 아침저널'에서 ""오늘 아침에 오 후보가 신었다는 페라가모 로퍼 신발의 사진을 찾기 위해서 네티즌들이 총출동했다. 오죽하면 네티즌들이 이렇게까지 하겠느냐""면서 이 사진을 언급했다. 페라가모 신발은 최근 오 후보의 내곡동 의혹과 함께 화제가 된 키워드 중 하나다. 오 후보가 흰 바지와 페라가모 로퍼를 신고 처가의 내곡동 땅 측량 현장을 찾았다는 생태탕 집 아들 A씨의 주장 때문이다. 여권 지지자들은 이 사진이 A씨의 말을 뒷받침하는 것이라고 주장했다. 그러나 오 후보 측은 사진 속 신발에 대해 ""페라가모 브랜드가 아니다""라는 입장이다. 오 후보 측 관계자는 ""페라가모와 비슷한 국산 브랜드""라며 ""(국산 브랜드 중에서도) 페라가모 비슷하게 따라 만든 것이 많다""고 말했다. 이밖에도 오 후보가 사진에서 신은 신발이 A씨가 말한 것과 다른 신발이라는 반박도 있다. A씨가 말한 것은 '하얀 로퍼'였는데, 사진 속 신발은 검은 색으로 보이기 때문이다. ""하얀 로퍼"" A씨 인터뷰 보도한 한겨레 기사 ""기자가 잘못 들었다"" 정정 당초 이런 내용의 A씨 인터뷰를 보도했던 한겨레는 이날 기존 기사에 '바로잡았습니다'는 공지를 통해 기사 내용을 정정한 사실을 알렸다. 한겨레는 ""지난 4월 5일 최초 등록한 기사에서 A씨가 '하얀 로퍼 신발을 신고 내려오는 장면이 생각나서 '오세훈인가 보다' 했는데'라고 말했다고 전했다""며 ""하지만 이후 '하얀 로퍼'와 관련한 문의가 많아 다시 A씨에게 물어본 결과 '하얀 면바지에 로퍼 신발'이라고 설명한 것을 기자가 잘못 들은 것으로 확인돼 기사 내용을 정정했다""고 설명했다. 그러면서 ""독자 여러분과 A씨에게 사과 드린다""고 덧붙였다. 김은빈 기자kim.eunbin@joongang.co.kr",중립
25,1319,2021.04.06 ,"노회찬 버스탄 박영선, 정의당 ""아무리 급해도…반성부터 하라""",김은빈,"4.7 재·보궐선거를 하루 앞둔 6일 오전 더불어민주당 박영선 서울시장 후보가 노량진 수산시장을 방문하기 위해 6411번 시내버스를 타고 이동하고 있다. 연합뉴스 정의당은 6일 고(故) 노회찬 의원을 언급한 박영선 더불어민주당 서울시장 후보를 향해 ""아무리 선거가 급하다고 하더라도 고인을 선거판에 소환하는 것은 멈춰주기 바란다""고 촉구했다. 이동영 정의당 수석대변인은 이날 오전 국회에서 기자회견을 열고 ""박 후보는 '지난 동작 보궐선거에서 고 노회찬 의원을 헌신적으로 도왔다'고 말했다""며 이같이 말했다. 이 수석대변인은 ""당시 선거는 정당 간 정치적 합의를 통해 단일후보를 결정하고 양당이 책임 있게 선거를 치렀던 것""이라며 ""마치 개인적으로 헌신적 도움을 준 것처럼 말하는 것은 정치적 도의와 책임의 측면에서 적절치 않다""고 지적했다. 또 박 후보가 여영국 정의당 대표의 '염치없다'는 발언에 ""민주당에 섭섭한 부분이 많이 있어서 그랬을 것""이라고 한 데 대해선 ""민주당은 최소한 비판적 지지의 근거마저 상실했다는 것을 명심하기 바란다""고 했다. 앞서 박 후보는 이날 오전 선거운동 일정으로 서울 노량진 수산시장을 방문하기 위해 구로구 거리공원 정류장에서 이른바 '노회찬 버스'로 불리는 6411번 버스 탑승했다. 박 후보는 이후 기자들과 만나 ""노 전 의원이 동작구에 출마하셨을 때 혼신의 힘을 다해 도와드렸다""고 밝히기도 했다. 이에 대해 이 수석대변인은 ""박 후보는 6411번 버스에서 노 의원을 선거에 소환하기보다는 민주당 정부 4년에 대한 자문과 자성의 시간을 가졌어야 했다""며 ""공직자 부동산 투기에 시민들이 왜 그토록 절망하고 분노하고 있는지, 과거 보수 정부에 대한 도덕적 비판의 기준과 잣대를 스스로에게 엄격하게 적용했는지, 4년 동안의 정치에 대해 최소한의 설명 책임은 다해놓고 지지를 말하는 것이 상식 아니겠나""라고 반문했다. 그러면서 ""섭섭한 마음에 지지를 못 하는 것이 아니라 20% 기득권에 편입된 민주당 과거에 80% 동료 시민들의 미래를 맡길 수 없다는 입장임을 다시 한번 분명히 밝힌다""고 강조했다. 이준석 ""위성정당으로 뒤통수 쳐놓고 2차 가해"" 한편 이준석 국민의힘 선거대책위 뉴미디어본부장은 박 후보의 6411번 버스 탑승을 두고 ""예전에 위성정당으로 뒤통수 치고 헤어진 정의당에게 이러면 이건 2차 가해""라고 주장했다. 이 본부장은 페이스북에서 ""노회찬 의원이 선거 때 6411번 버스를 타셨는가""라며 ""원래 버스와 지하철 등의 대중교통 수단 내에서는 선거운동을 못 하게 돼 있다. 지지호소 등을 안 하셨기 바란다""고 했다. 또 ""(현장에) 사진 찍는 분까지 대동하신 것 같은데 선거 전날 한 후보의 6411번 체험기 사진을 찍기 위해서 노회찬 의원이 언급하셨던 청소나 경비업에 종사하는 노동자 두세분이 앉아서 가지 못하고 서서 가셔야 했을 것""이라고 꼬집었다. 김은빈 기자kim.eunbin@joongang.co.kr",중립
26,1330,2021.04.06 ,"김웅 ""이기고 있다는 박영선 말 사실일수도…성범죄 피해자 위해 투표해달라""",홍수민,"김웅 국민의힘 의원. 연합뉴스 김웅 국민의힘 의원이 ""국민의힘이 여론조사만 믿고 민주당의 조직력을 우습게 보고 있다""며 투표를 독려했다. 김 의원은 6일 페이스북에 ""진보 정당의 중진의원께서 '이번 선거 아직 모른다'고 말했다""며 ""민주당은 국회, 구청장, 시의회를 다 장악한 후 자신들의 조직을 만드는데 총력을 다했다. 그 조직들은 기존 단체와는 완전히 다르다""고 전했다. 김 의원은 ""박영선 민주당 후보가 선거법을 어겨가면서 사전투표에서 이겼다고 말하는 것이 거짓말이 아닐 수도 있다""며 ""박 후보 말에 의하면 지금은 (국민의힘이) 지고 있다. 절박한 상황이다. 꼭 투표해야 한다""고 말했다. 김 의원은 ""7일 투표에 참여하지 않으면 박 시장을 봐야 할지도 모른다. 청년들의 일자리와 집은 사라지고, 박원순 전 시장 세 글자가 용산공원에 새겨진다""고 했다. 그는 ""무엇보다 성범죄 피해자를 위해 꼭 투표해달라""며 ""그 한 사람을 지키는 것이 바로 민주주의""라고 덧붙였다. 홍수민 기자 sumin@joongang.co.kr",중립
27,1339,2021.04.06 ,"“박영선은 존재 자체가 거짓말…여당, 후보 안 낸다는 약속 어겨”",김기정,"오세훈 국민의힘 서울시장 후보가 5일 강서구 등촌역 인근 거리에서 유세하며 시민들과 인사하고 있다. [국회사진기자단] 4·7 서울시장 보궐선거를 이틀 앞둔 5일 유세에서 오세훈 국민의힘 서울시장 후보는 “우리 지지율이 조금 높아졌다고 해서 긴장을 풀지 말자”는 말을 자주 했다. 이른바 ‘방심 금물, 대세 굳히기’ 전략이다. 오세훈, 20대 지지자와 투표 독려“여론조사 앞서지만 숫자에 불과”오, 막판 변수 차단 ‘입조심’ 당부 국민의힘은 지난 2~3일 사전투표에서 서울 지역 투표율이 21.95%로 역대 재·보선 최고치를 기록하자 “정권 심판론의 바람이 불기 시작했다. 승기를 잡았다”며 고무된 분위기다. 김종인 당 비상대책위원장은 5일 오전 선거대책위 회의 뒤 기자들과 만나 “내가 보기에 남은 이틀간 특별한 변수가 있을 수 없다”며 “민주당은 네거티브 전략만 쓰는데 대한민국 유권자가 그런 것에 속을 정도로 바보가 아니다”고 말했다. 다만 오 후보는 선거 막판 악재를 차단하기 위해 당내 인사들의 ‘입조심’ ‘몸조심’을 당부했다. 오 후보는 이날 오후 서울 강서구 등촌역 유세에서 “요즘 청년들이 많이 우리 당 지지로 돌아섰다. 1년 전에 비하면 격세지감”이라며 “이런 큰 변화는 또 다른 경고의 메시지다. 젊은이들에게 희망을 줄 수 있는 국민의힘이 되어야 한다”고 말했다. 관련기사“정권 심판이 아닌 오세훈 심판, 거짓말 후보가 시장되면 안돼”박영선·오세훈은 사라지고 '생태탕'만 남았다 오 후보는 이날 서울 동작구 장승배기역 유세에서 투표 참여도 재차 독려했다. 그는 “아무리 여론조사에서 조금 앞서도 그건 지지율일 뿐이다. 우리가 받을 수 있는 표는 전혀 별개”라며 “한 장 한 장의 종이는 힘이 없는 종이에 불과하지만, 여러분 한 표 한 표는 뭉치면 엄청난 위력을 발휘하는 종이 돌멩이”라고 강조했다. 그러면서 오 후보는 “기울어진 운동장이 돼버린 서울시와 대한민국을 다시 평평한 운동장으로 만들어달라”고 호소했다. 그는 “민주주의의 기본 원리인 견제와 균형이 위력을 발휘할 수 있도록, 그래서 대통령과 180석 거대 여당이 야당을 더는 무시할 수 없도록 기준을 잡아달라”고 말했다. 장승배기역 유세에선 지지 연설을 자원한 20대 대학생들이 연단에 올랐다. 대학교 2학년에 재학 중이라고 자신을 소개한 스무 살 배재욱씨는 “서울시는 대통령 다음으로 제일 중요한 자리”라며 “민주당에 서울·부산시장을 맡겼던 지난날을 떠올려보자. 공공의료, 미세먼지, 민주주의가 모두 퇴보하지 않았느냐”고 말했다. 자신을 26세 대학원생이라고 소개한 조수현씨는 “제 친구들이 5평도 되지 않는 원룸에서 50만원, 60만원을 내고 살고 있다”며 “작년까지만 해도 전세로 쉽게 들어갈 수 있었는데 전셋값이 올라서 지금은 들어가지 못한다. 월세 내다보면 남는 돈이 없어 저축할 수도 없다”고 했다. 오 후보는 이날 오후 방송기자클럽 초청 토론회에선 더불어민주당이 당헌·당규를 바꿔 전임 시장 성추문으로 치르게 된 보궐선거에 후보를 공천한 점을 들어 “박영선 민주당 후보의 존재 자체가 거짓말 아닌가. 후보를 안 내기로 하지 않았느냐”고 공격했다. 박 후보는 “상대 후보에 대해 존재 자체가 거짓말이라는 것은 아주 몹쓸 이야기”라고 맞받았다. 안철수 국민의당 대표는 오 후보와 별개로 이날 오후 서울 은평갑 지원 유세에 나서 ‘정부 심판’을 강조했다. 안 대표는 유세에서 “이번은 지난 4년간의 문재인 정권에 대해 마지막으로 평가를 하는 중요한 선거”라며 “지난 4년 살림살이 어떠셨나. 좋아지셨나”라고 물었다. 이어 “이 정부가 일자리 정부 되겠다고 했다”며 “일자리 전광판 어디 있나. 아마 당근마켓(온라인 중고거래 사이트)에 판매한 게 아닌가”라고 목청을 높였다. 김기정·성지원 기자kim.kijeong@joongang.co.kr",중립
28,1340,2021.04.05 ,"김어준 또 찾은 박영선 ""文 간절한 눈빛···우리가 이기고 있다""",고석현,"박영선 더불어민주당 서울시장 후보 (오른쪽)와 방송인 김어준. [사진 SNS 캡처] ""저와 헤어질 때 문 대통령께서 보여주신 그 간절한 눈빛을 생각하면 지금도 가슴이 아립니다."" 박영선 더불어민주당 서울시장 후보는 5일자신이 출마를 결심했을 당시를 회상하며 ""이번 선거가 문 대통령 임기 중 마지막 선거""라고 강조했다. 박 후보는 이날 방송인 김어준이 진행하는 유튜브 '다스뵈이다'에 출연해""지역구 선거는 개인의 당락 문제인데 서울시장 선거는 진영 전체의 흥망성쇠가 달려있어서 마음이 굉장히 애절하다""며 ""이 선거에서 승리했을 경우와 그렇지 못할 경우의 여러가지 일을 생각하면 집에 가는 길에 혼자 눈물이 난다""고 말했다. 그는""집에 들어가는 길에 문재인 대통령, 또 내년에 치러야 할 대선 이런 것을 생각하면 막 눈물이 난다""고 거듭 강조했다. 박 후보는 ""더군다나 상대가 맨날 거짓말만 하는 상황""이라고 주장하면서 ""정권재창출을 하지 못하면 우리의 모든 가치가 다시 10년 전으로 후퇴할 수밖에 없다""며 ""그러한 대한민국을 우리 아이들에게 물려주기를 바라느냐""고 호소했다. 박 후보는 사전투표가 마지막 날인 지난 3일 녹화된 이 프로그램에서 사전투표 승리를 주장했다. 그는 ""사전투표율이 사상 최고로 높았다""며""이것이 무엇을 의미하느냐, 우리가 지금 이기고 있다. 투표해주시면 우리가 승리한다""고 말했다. 고석현 기자 ko.sukhyun@joongang.co.kr",중립
29,1342,2021.04.05 ,"""사전투표 승리"" 문자 돌린 박영선캠프, 선관위 조사 나선다",고석현,"박영선 더불어민주당 서울시장 후보가 지난 2일 오전 서울 종로구청에 마련된 사전투표소에서 투표를 위해 신분확인과 투표용지를 받고 있다. 뉴스1 지난 2~3일 치러진 4·7 재보궐선거 사전투표 이후박영선 더불어민주당 서울시장 후보 캠프가 ""사전투표에서 승리했다""는 내용의 문자메시지를 보낸 것으로 확인돼 선거관리위원회가 조사에 나섰다. 5일 선거관리위원회는 박 후보 캠프의 문자에 대해'여론조사 공표 금지' 위반 여부에 대해 구체적인 확인을 할 계획이라고 밝혔다. 공직선거법상 지난 1일부터 선거 투표가 끝나는 7일 오후 8시까지는 정당 지지도나 당선 가능성을 예상하게 하는 여론조사 결과를 공개하거나 보도할 수 없다. 4·7 재보궐선거 사전투표 기간(지난 2~3일) 이후 박영선 더불어민주당 서울시장 후보 캠프가 특보·위원장·본부장 등에게 발송한 문자. 선관위는 ""사전투표에서 이겼다""(빨간선)는 부분에 대해 여론조사 공표금지 위반 여부 조사에 나섰다. [온라인커뮤니티 캡처] 앞서 박 후보 선거대책위원회 조직총괄본부는 캠프 특보·위원장·본부장 등에게 ""여러분의 진심 어린 호소와 지원활동으로 서울시민의 마음이 하나로 움직여 사전투표에서 이겼다""는 내용의 문자메시지를 보냈다. 또 ""여러분의 진심이 하나로 모여 승리의 발판이 됐다""면서도 ""아직 숨 돌리고 쉴 때가 아니다""라며 오는 7일 본 투표 참여 독려를 호소했다. 선관위 관계자는 연합뉴스에 ""해당 문자가 선거법 위반 소지가 있다는 신고가 접수됐다""며 ""구체적 사실관계를 확인하고 있다""고 밝혔다. 한편 민주당은 ""사전투표 승리""를 주장하고 있다. 최인호 더불어민주당 중앙선대위 수석대변인도 5일 YTN라디오 '황보선의 출발 새아침'에 출연해 ""사전투표율이 높으면, 저희 당 후보에게 늘 유리했다. 크게 이겼다고 볼 수 있다""며 ""서울과 부산 모두 크게 이긴 것으로 분석된다""고 했다. 첫날인 지난 2일엔 박 후보가 진보유튜버들과 함께한 토론회에서 여론조사업체인 박시영 윈지코리아컨설팅 대표가 ""선거 참관인이 투표용지의 기표내용을 살펴보고 결과를 민주당 의원에게 알려줬는데, 민주당이 이긴것 같다""는 취지의 주장을 해 선거법 위반 논란이 일기도 했다. 野 ""공표금지 위반이나 허위사실 공표"" 야당은 선관위를 향해 박 후보 캠프의 문자메시지에 대해 조속한 수사를 촉구했다. 배준영 국민의힘 대변인은 구두논평에서 ""(해당 문자가) 여론조사 결과를 토대로 한 것이면 여론조사 공표 금지 위반이고, 여론조사 결과에 근거하지 않은 것이라면 허위사실 공표""라며 ""어느 경우든 공직선거법 위반을 피하긴 어렵다""고 지적했다. 그러면서 ""선관위는 촌각을 다퉈 조사 결과와 이에 대한 처분 결과를 밝혀야 한다""며 ""앞뒤 안 가리고 부정한 선거운동도 불사하는 민주당은 이성을 되찾기 바란다""고 촉구했다. 고석현 기자 ko.sukhyun@joongang.co.kr",중립
30,1352,2021.04.05 ,"박영선 ""정권심판이 아니라 오세훈 심판 분노 높아지고 있다""",한영익,"박영선 민주당 서울시장 후보가 5일 오후 강서구 발산역 앞에서 집중유세를 하기 전 시민들과 인사를 하고 있다. 오종택 기자 “정권심판이 아니라 오세훈을 심판해야 한다는 시민들의 분노가 점점점점 높아지고 있다.”(박영선 더불어민주당 서울시장 후보) 5일 박영선 후보의 입은 시종일관 오세훈 국민의힘 후보를 겨눴다. 박 후보는 이날 오후 첫 집중유세 현장인 서울 강서구 발산역에서 연단에 올라 “서울시장 선거에서 거짓말하는 후보에 대한 시민 분노가 높아지고 있다. 거짓말하는 후보가 시장되는 세상은 막아야 하지 않겠냐는 게 일반적인 시민들의 생각”이라고 주장했다. 연단에 선 박 후보는 오 후보를 “소상공인의 피눈물을 모르는 후보”라고 몰아세웠다. 이어 “생태탕집 아들이 내곡동 땅 대질심문을 하자고 했는데 답을 못한다. 선거 끝나고 하자고 한다. 거짓말이 거짓말을 낳는 서울을 원하냐”며 “이명박(MB) 전 대통령의 BBK가 바로 그랬다. 이권 세력이 모여들어 대한민국이 ‘잃어버린 10년’이 됐다”고 공격했다. 한 지지자가 유세차 앞에서 ‘오세훈, 거짓말하는 그 입이 밉다’는 팻말을 들었을 땐 “맞습니다”라며 고개를 끄덕여 호응했다. 박 후보의 이날 동선은 강서구를 시작으로 금천·관악·동작·영등포구 등 서울 서남권의 민주당 텃밭에 집중됐다. 모두 2018년 지방선거 대비 사전투표율이 서울 평균상승률(2.9%포인트)에 미치지 못한 곳들이다. 금천(0.6%포인트)·관악(1.2%포인트)·동작구(1.5%포인트)는 사전투표율 상승률이 서울에서 가장 낮은 축에 들었고, 강서(2.2%포인트)·영등포구(2.7%포인트) 역시 평균상승률에 못미쳤다. 선거 막판 아직 투표하지 않은 ‘샤이진보’ 결집을 노린 동선이다. 박 후보는 강서구에 이어 진행된 금천구 유세 현장에서 “금천구 사전투표율이 평균에 조금 못미쳤다. 4월 7일에 두 배로 높여주실 거죠. 투표하면 반드시 승리한다”고 지지층의 투표를 적극 독려했다. 박 후보는 전날(4일) 기자간담회에서도 “샤이진보는 분명히 있다”고 강조했다. 4.7 재보선이 이틀 앞으로 다가온 5일 박영선 더불어민주당 시장 후보가 서울 강서구 내발산동 발산역 사거리 일대에서 유세를 하고 있다. 오종택 기자 박 후보는 금천구 유세에서도 오 후보 비판에 주력했다. 그는 “서울시 의회와 싸우고 정부와 싸우고 이래서 무슨 일이 되겠느냐. 오 후보는 자신이 필요한 것은 기억하고 자신에게 불리한 것은 무조건 ‘모른다, 생각이 나지 않는다’고 하는 선택적 기억력의 소유자”라고 말했다. 유세를 마친 뒤 기자들과 만난 박 후보는 민주당이 내곡동 땅 의혹과 관련해 허위사실 공표로 오 후보를 검찰에 고발한 것과 관련해 “끝까지 파헤쳐야 한다”고 강조했다. “다섯명의 증인 이외에 (더 이상) 결정적인 물증이 뭐가 있겠느냐. 경작인, 측량팀장, 생태탕집 부모 등 모든 과정에 증인이 있는데 더 이상의 증거가 어디있겠느냐”고 했다. 이어 언론을 향해서도 “세세하게 보도하지 않은 것도 문제가 있다”고 주장했다. 한편 민주당의 서울 이외 지역구 국회의원들도 박 후보 지원을 위해 서울로 집결했다. 당권 주자인 송영길(인천 계양을)·홍영표(인천 부평을) 의원은 관악·강동·영등포구 일대 유세에 출동했고, 서영석 의원(부천정)은 은평·영등포·관악구 일대를 돌았다. 박상혁 의원(김포을)은 박 후보가 강서구 유세장을 찾았을 때 연단에서 박 후보 지지를 호소했다. 지역구(익산을)에서 유세를 위해 상경한 한병도 의원은 이날 자신의 페이스북에 “시도의원들과 함께 서울 강북갑으로 지원 유세를 간다. 민주당에 기회를 달라”고 호소했다. 한영익 기자, 김보담 인턴기자 hanyi@joongang.co.kr",중립
31,1363,2021.04.05 ,"박영선 지지 시민, 유인물 시장 배포…국민의힘 “경찰 고발”",이가영,"박영선 더불어민주당 서울시장 후보를 지지하는 것으로 추정되는 시민이 시장에 박 후보 홍보 유인물을 배포해 고발했다고 5일 국민의힘은 밝혔다. 사진 국민의힘 박영선 더불어민주당 서울시장 후보를 지지하는 것으로 추정되는 시민이 시장에 박 후보 홍보 유인물을 배포해 국민의힘이 고발에 나섰다. 김예령 국민의힘 대변인은 5일 논평을 내고 “전날 송파 석촌시장에서 박 후보 지지자로 보이는 여성이 시장을 돌며 박 후보의 공약을 프린트해 불법적으로 배부한 행위를 적발했다”고 밝혔다. 지인에게 한두장을 나눠주는 게 아닌 가방에 ‘소상공인 임대료 30% 지원, 5000만원 무이자 융자’라고 쓰인 홍보물을 가득 담아 시장 상인과 식당 등 소상공인을 상대로 배포했다고 한다. 공직선거법은 도화‧인쇄물을 배부‧첨부‧살포‧상영 또는 게시할 수 없도록 규정한다. 김 대변인은 “이런 인쇄물의 배포는 명백한 불법 선거운동”이라며 “신고받은 송파구 의원이 송파선거관리위원회에 신고를 접수했으며 CCTV 등을 확보해 경찰 고발로 완료했다”고 알렸다. 그러면서 “불법행위는 외려 후보에게 도움이 되지 않는다는 것을 민주당 지지자들은 알아야 한다”고 덧붙였다. 배현진 국민의힘 의원 역시 “전날 석촌시장 선거유세 과정에서 박 후보 공약이 담긴 불법 유인물을 확보했다”며 “민주당의 조직적 움직임인지 아닌지, 반드시 확인하겠다”고 밝혔다. 한편 더불어민주당은 이날 허위사실 공표 혐의로 오세훈 국민의힘 서울시장 후보를 검찰에 추가 고발하고, 박형준 부산시장 후보는 수사 의뢰했다. 민주당은 오 후보가 2005년 6월 내곡동 땅 측량 현장에 가지 않았다는 취지의 주장을 이어가는 건 허위사실 공표 행위에 해당한다는 입장이다. 이가영 기자 lee.gayoung1@joongang.co.kr",중립
32,1365,2021.04.05 ,"박영선·오세훈 묻히고 '생태탕' 남았다…""한편의 블랙코미디""",손국희,"“오리발탕 드신 것은 아닌가” (강선우 민주당 의원) “생떼탕 끓이려 안간힘 쓴다” (조수진 국민의힘 의원) “생태탕 집 사장들이 들고일어날 일”(정청래 민주당 의원) 서울시장 선거를 코 앞에 둔 지난 2~4일 여야 의원들 사이에 오간 설전이다. 요즘 서울시장 선거판에는 때아닌 ‘생태탕 싸움’이 한창이다. 오세훈 국민의힘 서울시장 후보가 2005년 서울 내곡동 처가 땅 측량 현장에 동행하고, 인근 생태탕 집에 갔느냐를 놓고 벌어진 싸움이다. 민주당 측은 “거짓말 후보는 사퇴하라”고 몰아붙이고, 국민의힘은 “저급한 네거티브”라고 맞서고 있다. 급기야 5일에는 오 후보를 목격했다는 생태탕집 주인 아들 김모씨와 측량 현장 목격자가 기자회견을 예고했다가 취소하는 해프닝도 벌어졌다. 기자회견을 주관한 안진걸 민생경제연구소장은 “오 후보 지지자 등으로부터 테러 당할까 봐 잠정 취소했다”고 밝혔다. 김씨와 그의 어머니 황모씨는 앞서 TBS 라디오 ‘김어준의 뉴스 공장’에 출연해 오 후보를 목격했고 구두 브랜드가 ‘페라가모’였다고 주장했다. 하지만 이후 황씨가 다른 언론매체에는 “오 후보가 기억나지 않는다”는 취지로 말한 사실이 알려져 진위 논란이 불거졌다. 황씨는 이에 대해 이날 “기자들 전화가 너무 와서 ‘모른다’고 한 것”이라고 설명했다. 5일 오후 4.7일 서울시장 재보궐선거를 앞두고 더불어민주당 박영선 후보와 국민의힘 오세훈 후보가 방송기자클럽 초정 마지막 토론회에 앞서 기념촬영을 마치고 각자 자리로 가고 있다. 두 후보 측은 2005년 오 후보의 서울 내곡동 측량 입회 의혹을 놓고 이날도 맞붙었다. 오종택 기자 박영선 후보 측의 공격 포인트는 ‘거짓말 프레임’이다. 앞서 “내곡동 땅의 존재를 몰랐다”는 오 후보 해명을 문제 삼으며 “거짓말했으니 사퇴하라”고 공세를 펴는 전략이다. 하지만 정치권 일각에선 “정작 의혹의 본질인 ‘오세훈 특혜 압력’을 입증할 결정적인 증거를 내놓지 못하고 있다”는 평가도 나온다. 야권 일각에선 “오 후보가 의혹 초기 ‘몰랐다’ 등 발언으로 불필요한 논란을 자초했다”는 지적도 있다. 국민의힘 관계자는 “오 후보가 시장 당선 전인 2005년 처가 땅 측량 현장에 갔다고 해도 문제될 게 없는 사안”이라며 “처음부터 상속받은 땅이고, 압력이 없었다는 점만 명확히 했으면 됐을 일”이라고 말했다. 생태탕 싸움을 두고 일각에선 “부동산, 코로나19 사태 등 시급한 민생 현안을 생태탕이 묻어 버렸다”는 우려도 나온다. 신율 명지대 정치외교학과 교수는 “이번 선거는 이념을 떠나 서울시 최대 현안인 부동산 사태나 코로나 극복 방안 등을 진지하게 논쟁할 기회였다”며 “의혹의 본질을 벗어난 생태탕 싸움이 이런 기회를 내팽개치고 선거 수준을 하락시킨 것은 문제”라고 지적했다. 구글트렌드 한때 ‘생태탕’이 ‘박영선’ 추월 5일 구글트렌드 분석에 따르면 검색어 '생태탕'은 이날 오전 한때 검색어 '박영선'을 추월했다. [구글트렌드 캡쳐] 생태탕 논쟁이 아예 후보들의 존재감을 덮어버린다는 데이터도 나왔다. 구글트렌드 분석에 따르면 검색어 ‘생태탕’은 5일 오전 한때(오전 8시~12시) ‘박영선’을 처음으로 추월했다. 구글트렌드는 이용자들의 검색 빈도를 바탕으로 특정 검색어의 검색 수치를 산정한다. 민주당의 한 의원보좌관은 “박 후보가 선거 준비를 열심히 했는데, 생태탕 논란이 박 후보의 장점을 가린 점은 조금 아쉽다”고 말했고, 국민의힘 3선 의원도 “정치가 생태탕에 묻힌 블랙코미디”라고 꼬집었다. 민주당 오세훈 추가 고발, 박형준 수사 의뢰 더불어민주당 박광온 사무총장(왼쪽부터), 김회재 의원, 최인호 수석대변인이 5일 오후 서울 여의도 국회 소통관에서 열린 국민의힘 오세훈 서울시장 후보 허위사실 공표죄 추가고발 기자회견을 하고 있다. 오종택 기자 부산시장 선거 역시 엘시티 특혜 분양 논란으로 진흙탕 양상이다. 김영춘 민주당 부산시장 후보 캠프는 이날 “공익제보자에 따르면 박형준 국민의힘 후보 일가가 매입한 엘시티 17, 18층 매물은 (엘시티의 실질적 운영자인) 이영복 회장이 로비를 위해 따로 빼놓은 것”이라며 “우연히 샀다는 박 후보 해명은 거짓말”이라고 공세를 폈다. 박형준 후보 측은 이에 대해 “전혀 사실이 아니다. 황당무계한 내용이라 대응할 가치조차 느끼지 못한다”고 일축했다. 이날 민주당은 “오 후보의 측량 입회 목격이 다수 나왔다”며 서울중앙지검에 오 후보를 허위사실 공표 혐의로 추가 고발했다. 엘시티 의혹에 대해선 “박형준 후보가 해명 요구에 응하지 않았다”며 수사 의뢰했다. 손국희ㆍ송승환 기자 9key@joongang.co.kr",중립
33,1376,2021.04.05 ,"나경원의 훈수 ""박영선 심정 잘 안다…장렬히 패배하라""",이가영,"나경원 국민의힘 전 의원이 1일 서울 노원구 경춘선숲길을 찾아 오세훈 서울시장 후보 지지를 호소하고 있다. 오종택 기자 국민의힘 서울시장 선거대책위원회 공동선대위원장을 맡은 나경원 전 의원이 박영선 더불어민주당 후보를 향해 “질 때 지더라도 의연한 모습으로 장렬히 패배하라”고 조언했다. 나 전 의원은 4일 페이스북에 홍준표 무소속 의원으로부터 “2011년 그렇게 당이 어려울 때는 등 떠밀려서 나가더니, 이제는 아무도 안 찾네요?”라는 말을 들었다며 “함께 한바탕 웃었다”고 말했다. 2011년 나 전 의원은 오세훈 현 국민의힘 서울시장 후보가 전면 무상급식에 반대했다가 서울시장직을 중도 사퇴하면서 치르게 된 보궐선거에 출마해 박원순 전 서울시장과 맞붙어 고배를 마셨다. 안철수 국민의당 대표가 당시 박 전 시장에게 후보 자리를 양보하면서 야권 지지율은 크게 올랐고, 나 전 의원은 고전해야 했다. 나 전 의원은 이번 서울시장 보궐선거 당내 경선에서 탈락한 것에 아쉬움을 드러내기도 했다. 그는 “민주당 지지층이 사실상 우리 당 후보를 정하는 황당한 경선 룰이 왜 쓰리지 않겠느냐”라고 했다. 나 전 의원은 이번 서울시장 보궐선거 당내 경선에서 여론조사 방식이 민주당 지지자의 ‘역선택’을 차단하지 못했다는 취지의 주장을 해왔다. 나 전 의원은 그러면서 “박영선 후보의 심정을 아마 누구보다도 내가 잘 알 것 같다”며 “뭘 해도 안 되는 좌절과 외로움을 말이다”라고 언급했다. 이어 “그럴수록 당당하길 바란다. 네거티브는 먹히지 않는다”며 “질 때 지더라도, 의연한 모습으로 장렬히 패배하는 모습이 바로 ‘정치인 박영선’의 상당한 자산이 될 것”이라고 조언했다. 나 전 의원은 또 “오직 이기는 것 말고는 생각할 겨를이 없다”며 “이번 선거는 문재인 정권에 대한 ‘묻지 마 심판’ 선거다. 문재인 정권이 패하는 선거고, 그래서 국민이 이기는 선거여야 한다”고 밝혔다. 이가영 기자 lee.gayoung1@joongang.co.kr",중립
34,1380,2021.04.05 ,"심상정에 SOS 요청한 박영선에…정의당 ""염치가 있어야지""",한영혜,"여영국 정의당 대표가 5일 오전 서울 여의도 국회에서 열린 당 대표단회의에서 발언하고 있다. 뉴스1 여영국 정의당 대표가 5일 박영선 더불어민주당 서울시장 후보를 향해 “염치가 있어야 한다”고 말했다. 박 후보가 정의당 대표를 지낸 심상정 의원에게 지원을 요청한 것에 대한 당 차원의 답변이다. 여 대표는 이날 국회에서 열린 대표단회의에서 “어제 박영선 민주당 서울시장 후보께서 인터넷 언론과의 인터뷰를 통해 ‘심상정 의원 같은 분이 도와주면 좋겠다’고 하셨다”며 “박 후보는 정의당을 입에 올릴 자격도 없다. 염치를 알라”라고 했다. 전날 박 후보는 인터넷언론 기자간담회에서 “제 마음 같아서는 심 의원 같은 분들이 도와주셨으면 좋겠다 생각해 전화를 한번 드리긴 했다”며 “‘좀 도와주면 어떻겠나’라고 얘기했는데, ‘나중에 전화를 다시 한번 하겠다’라고만 (대답을) 들었다”고 밝힌 바 있다. 여 대표는 “박 후보는 중대재해기업처벌법 제정을 위한 국회 논의과정에서 기업 입장을 대변해 법의 실효성을 무력화시킨 당사자”라며 “김미숙, 이용관 두 분과 함께 노동자들의 죽음의 행렬을 멈추기 위해 단식까지 불사했던 정의당을 입에 올릴 자격조차 없다”고 비판했다. 여 대표는 또 “게다가 박 후보가 몸담고 있는 민주당은 1년 전 총선 당시에는 기만적인 위성 정당을 통해 시민들의 정치개혁 열망을 가로막았다”며 “정치개혁을 이루고자 했던 정의당에게는 가히 정치테러였다”고 강조했다. 그는 이어 “국민의힘과 기득권 정치 동맹을 공고히 했던 민주당이 그 어떤 반성도 사과도 없이 지금에서야 도와달라니 이게 무슨 염치없는 것인가”라며 “무엇보다 정의당에 도움을 청하기 전에 촛불정부라 자칭하면서도 개혁은커녕 기득권 이익동맹에만 치중한 나머지 신뢰를 잃어버린 시민들에게 진심으로 사죄하고 도움을 청하는 것이 마땅한 도리”라고 지적했다. 강민진 청년정의당 대표도 “보궐선거에서는 민주당과 국민의힘을 제외한 나머지 후보들에 주목해주시면 좋겠다”라며 선을 그었다. 그는 “4·7 보궐선거는 거대양당의 거대 실망과 거대 절망이 경쟁하는 형국”이라며 “우리 사회 미래에 하등 도움될 것 없는 쟁점들만 난무한 선거가 된 판국에 정의당에게 도와 달라는 손짓을 하는 건 도를 넘는 행위”라고 했다. 그러면서 “대안을 만들 수 있는 힘은 오직 시민 여러분에게 있다”며 “다가오는 7일, 차악에 투표하는 대신 투표용지 속 가장 최선에 투표해달라”고 덧붙였다. 한영혜 기자 han.younghye@joongang.co.kr",중립
35,1392,2021.04.05 ,"박영선·오세훈, 오늘 오후 2시 마지막 TV토론 격돌",한영혜,"4일 서울 서초구 사랑의교회에서 열린 ‘2021 한국교회 부활절 연합예배’에 참석한 국민의힘 오세훈 서울시장 후보(왼쪽)와 더불어민주당 박영선 서울시장 후보가 인사하고 있다. 오종택 기자 4·7 서울시장 보궐선거에 출마한 박영선 더불어민주당 후보와 오세훈 국민의힘 후보가 5일 TV토론에서 맞붙는다. 박 후보와 오 후보는 이날 오후 2시부터 서울 양천구 목동 한국예술문화단체총연합회 건물에서 열리는 방송기자클럽 주최 ‘후보자 초청 토론회’에서 한시간 반 동안 토론한다. 세번째이자, 4·7 보궐선거 이전에 실시되는 마지막 토론이다. 두 후보는 이날 토론회 전까지 다른 외부 일정은 일절 잡지 않은 채 준비에 매진한다. 박 후보는 전날 서울 도봉구 유세를 마친 뒤 취재진과 만나 “토론회가 끝나자마자 최대한 시민을 만나려고 하고 있다”며 “시민이 가장 많이 이야기하는 부분이 (오 후보의) 거짓말과 용산참사 (발언) 부분”이라고 날을 세웠다. 오 후보는 전날 유세를 마친 뒤 ‘내곡동 땅’ 의혹 등과 관련해 “박 후보도 이제는 좀 이성을 되찾고 비전과 정책 위주의 토론을 하는 게 유권자에 대한 도리 아닌가”라며 ‘비전 공약’으로 승부하자고 주장했다. 토론회가 끝난 뒤 박 후보는 전통적으로 당 지지세가 강한 서남권 집중 유세에 나선다. 강서구에서 출발해 금천, 관악, 동작, 영등포를 가로지르며 지지층 결집을 호소한다. 오 후보는 ‘스마일 이모티콘’을 연상시키는 동선으로 막바지 유세를 이어간다. 강서구 등촌역·양천구 목동역·영등포구 대림역 등을 짚고 송파구 잠실주공 5단지 앞, 강동구 천호역에서 마무리 유세를 한다. 한영혜 기자 han.younghye@joongang.co.kr",중립
36,1394,2021.04.05 ,"내곡동 외칠수록 박영선 사라졌다…사라진 인물론, 與 딜레마",심새롬,"더불어민주당 박영선 서울시장 후보(왼쪽)과 김영춘 부산시장 후보. 연합뉴스 “상황에 따라 중대 결심을 배제할 수 없단 말씀을 분명히 드린다.”(2일, 진성준 박영선 캠프 전략기획본부장) “진성준 의원과 의원단이 결정할 일이다.” (4일, 박영선 민주당 서울시장 후보) 오세훈 국민의힘 서울시장 후보를 향한 민주당의‘내곡동 땅 투기 의혹’ 공세에 4일 작은 균열이 드러났다. 이날도 박 후보는 오 후보를“거짓말 후보”라고 몰아붙였으나,진 본부장이 언급한 ‘중대 결심’의 구체적인 내용은사흘째 밝히지 않았다. 박 후보는 외려 “저와 사전 교감이 있었던 건 아니다”라며 ‘중대 결심’발언과 거리를 뒀다. 다만“오 후보가 생태탕 주인·아들의 증언, 처남 사진이 나온 이후 관련한 이야기를 안 하고 있다.그렇기 때문에 답을 기다리고 있다는 게 진 본부장의 얘기”라고 설명했다. 민주당이 멈칫거리는 사이, 국민의힘은 “‘생태탕집 주인’ 황모씨의 증언이 거짓으로 드러났다”며 역공을 펼쳤다. 근거는 황 씨가 다른 언론과의 인터뷰에서“오래전 일이라 기억이 안 난다”고 말한 음성녹취였다. 네거티브 공세가 진실 게임 양상으로 치달으면서,이날 민주당 내부에서는“선거에 인물을 내세워야 했는데 당 주도 정치공세만 남아 아쉽다”(수도권 중진)는 비판도 고개를 들기 시작했다. 사라진‘인물론’ 박 후보는 최근 민주당 지도부를 상대로 불리한 선거 판세에 대한 우려를 몇 차례 표출했다고 한다. 공식 선거운동 시작일(지난달 25일)에 “매일 2%씩 따박따박 지지율을 올리겠다”고 공언했지만, 지지율 상승세가 역전승을 장담할 정도로 높진 않다는 게 여권 관계자들의 전언이다. 더불어민주당 박영선 서울시장 후보가 4일 국회에서 열린 인터넷언론과의 간담회에서 발언하고 있다. 연합뉴스 당내에선 “후보의 장점을 당이 100% 살리지 못하고 있다”는 지적도 나온다.4일 익명을 요구한 민주당 재선 의원은“박영선이 크게 뒤지게 된 데 후보 본인이 무슨 잘못이 있겠냐”며 “당 주도전략에 박 후보가 희생된 측면이 없지 않다”고 말했다. 당 지도부부터 의원들까지 내곡동 땅 투기 의혹에 총공세를 집중하는 사이, 정작 박영선이란 인물을 부각하는 데 상대적으로 소홀했다는 의미다. 이와 관련해 수도권 중진 의원은“여당이라면 인물과 공약을 선거 전면에 내세워 비전을 제시해야 했는데, 되레 우리가 네거티브 선거를 주도하게 됐다”고 꼬집었다. 한 최고위원은 “박 후보가 장관직을 던지고 나올 때만 해도 판세가 이렇게 나쁘지 않았다”면서“후보 본인으로서는 이러지도 저러지도 못하고 답답한 상황일 것”이라고 말했다. 朴·金장점 사라져 지난 1월 26일 출마선언 때만 해도 여권에는‘박영선 효과’에 대한 기대가 적잖았다. 4선 의원, 중소벤처기업부 장관직을 수행한 경력이 장점이었다. 특히 첫 여성 서울시장에 도전하는 후보로서, 고(故) 박원순 전 시장의 유고 사태을 돌파할 “유일한 필승 카드”로도 불렸다. 박 후보는 지난 3월 초까진 여론조사에서 야권 예비후보들에 앞서는 경우도 있었지만, 지난달 23일 야권 단일화 이후 지난 1일까지 공표된 여론조사에선 고전을 거듭하고 있다. 김영춘 더불어민주당 부산시장 후보가 4일 오후 부산 북구 포도원교회 드림센터에서 열린 '2021 부산 부활절 연합예배'에 참석해 기도를 하고 있다. 뉴스1 인물론에서 소외되기는 김영춘 민주당 부산시장 후보 역시 마찬가지다. 4일 한 여권 인사는“김영춘은 PK(부산·경남) 지역 내 중도 확장성을 가장 탄탄하게 확보한 민주당 자원”이라면서“선거가 심판론으로 가다 보니 김영춘이란 인물의 강점을 부각하지 못했다”는 의견을 냈다. 김 후보는 지난달 27일“저는 패전처리 투수가 아니다”라면서“부산은 어차피 안 될 거라는 낙담을 그만두자”는 글을 페이스북에 직접 썼다. 정권 심판론 ‘바람’ 문재인 대통령의 지지율에 민주당 후보들이 갇혔다는 분석도 나온다. 배종찬 인사이트케이 연구소장은“현재 대통령의 서울지역 긍정 평가가 박영선 지지율, 대통령의 서울지역 부정 평가가 오세훈 지지율과 일치하고 있다”면서“이번 선거는 후보 대결이 아닌, 문 대통령에 대한 평가 양상으로 흘러가고 있다”고 밝혔다. 문 대통령의 지지율은 선거 초반만 해도 민주당 입장에선 ‘믿는 구석’이었다. 진성준 위원장은 지난 24일 “대통령 지지율이 여전히 과반에 육박하고 있기 때문에 유권자 정치 지형에는 큰 변화가 없다”며 4·7 재·보선 승리를 전망했다. 하지만 이후 상황이 뒤바뀌었다. 한국갤럽 조사 결과에서 문 대통령 직무수행 긍정 평가는 37%(3월 16~18일)→34%(3월 23·25일)→ 32%(3월 30일~4월 1일)로 매주 최저치를 경신했다.(※자세한 내용은 중앙선거여론조사심의위원회 홈페이지 참조) 심새롬 기자 saerom@joongang.co.kr 관련기사역대 최고 사전투표율 20.5%, 누가 유리? 증가율 1위는 송파박주민, 논란 일자 월세 낮춰 재계약…野 ""병 주고 약 주나""이번에도 文이름 지워졌다, 예외없는 5년차 '고난의 행군'",중립
37,1398,2021.04.05 ,"“박영선 네거티브 공세, 부디 이성 찾았으면”",손국희,"박영선 더불어민주당(오른쪽)·오세훈 국민의힘 서울시장 후보가 4일 오후 서초동 사랑의교회에서 열린 ‘2021 한국교회 부활절 연합예배’에서 만나 인사하고 있다. 오는 7일 재·보궐 선거일에는 오후 8시까지 투표할 수 있다. 오종택 기자 오세훈 국민의힘 서울시장 후보는 4일 중앙일보와의 인터뷰에서 “만약 시장에 당선된다면 국무회의에서 시민들의 민심을 문재인 대통령에게 적극적으로 전달하겠다”고 밝혔다. 서울시장은 국무회의에 참석할 수 있다. 그는 박영선 민주당 후보 측의 네거티브 총공세에 대해 “박 후보와 TV토론을 하면서 전파 낭비가 걱정될 정도였다. 부디 이성을 찾았으면 한다”고 말했다. 선거 막바지에 빡빡한 일정을 소화 중인 오 후보 인터뷰는 오후 서울 서초구의 한 카페에서 20여분간 이뤄졌다. 오세훈 강남 돌고 운수업계 만남내곡동 땅 의혹에 대한 입장 묻자“흑색선전, TV토론 때 전파낭비” 본선거가 이제 3일 남았다. ＂제 지지율은 유지될 것이라고 보지만, 지지율은 득표로 이어져야 의미가 있다. 저를 지지하시는 것과 투표를 실제로 하느냐는 다른 문제라 불안감이 늘 있다. 시민들을 뵐 때마다 있는 힘껏 투표를 독려하고 있다.” 20대 지지율이 상당히 높게 나오는데. ＂문재인 정부의 자업자득이다. 문 대통령 취임 초 20대 지지율이 높았는데 기대가 실망으로 바뀌면서 분노로 바뀐 것 아닌가. 정당한 분노다. 한때는 현명한 청년이라고 극찬하던 여권이 이제는 ‘경험치가 낮다’고 몰아세운다. 왜 20대가 돌아섰는지, 박 후보 선거 캠프만 이유를 못 깨닫고 있다.” 관련기사“오세훈은 실패한 시장, 서울 빚더미 올려놔”사전투표 20.5%, 역대 재보선 최고…여야 서로 “우리가 유리” 이날 오 후보는 자신이 시장 재임 시절 조성한 서울 서초구 세빛섬을 찾아 안철수 국민의당 대표와 한강변을 걸으며 유세했다. 안 대표는 단일화 패배 직후 오 후보와 연일 합동 유세에 나서고 있다. 안철수 대표와는 자주 소통하나. ＂그렇다. 안 대표의 적극적인 지원이 고맙다. 단일화 경선 기간에 맥주도 하고 차도 마시다 보니 신뢰가 쌓였다.” 선거 막바지에 이르자 민주당과 박 후보 측은 선거 판세를 뒤집기 위해 총력 대응에 나서고 있다. 이낙연 민주당 전 대표(지난달 31일), 김태년 원내대표(1일)가 잇따라 대국민 사과를 했다. 특히 박 후보 측은 오 후보의 내곡동 처가 땅 의혹을 놓고 연일 공세 중이다. 민주당 지도부가 대국민 사과를 했다. ＂사과가 의미 있으려면 진정성과 구체성이 있어야 한다. 그런데 평소엔 안 그러다가 갑자기 선거를 앞두고 고개를 숙인다. 누가 봐도 선거용 사과다.” 내곡동 땅 의혹에 대한 입장은. ＂선거 기간 내내 끊임없는 흑색선전으로 유권자의 판단을 흐린다. 박 후보와 TV토론을 하는데 모두발언부터 마지막까지 그 이야기만 하더라. 토론 중에 ‘이거 전파 낭비가 아닐까’라는 생각이 들 정도였다. 본질은 상속받은 땅이고, 시세에 비해 낮은 가격에 강제 수용됐다는 것이다. 내곡동에 의존하는 박 후보께 부디 이성을 되찾으라는 당부를 드린다.” 이날 오 후보는 국민의힘 지지세가 비교적 견고하다고 평가받는 서울 강남 지역을 돌며 유세를 벌였다. 오 후보는 오전 택시·버스 업계 관계자들과 잇따라 만나 “전임 시장이 해결했어야 할 문제가 숙제처럼 산적해 있다”며 “버스와 지하철에 이어 택시까지 환승할 수 있다면 단추가 끼워질 것”이라고 말했다. 세빛섬 유세에서는 “박원순 전 시장이 취임 후 (세빛섬을) 2년간 문 닫았다. 시민 이용을 제한하고 적자가 많이 누적됐다”며 “민간 투자자들에겐 상당히 가혹한 일”이라고 말했다. 오 후보는 이후 서울 서초구 사랑의교회에서 열린 ‘한국교회 부활절 연합예배’에도 참석했는데, 이 자리에는 박 후보도 함께했다. 두 사람은 행사 초반 악수했지만 이후 별다른 대화를 나누진 않았다. 손국희 기자 9key@joongang.co.kr",중립
38,1409,2021.04.04 ,"박영선 ""중대결심, 사전교감 없었다…사퇴 전문가는 오세훈""",송승환,"박영선 더불어민주당 서울시장 후보가 4일 서울 명동성당 대성전에서 열린 부활절 미사에 참석해 기도하고 있다. 4·7 재·보선을 사흘 앞둔 4일 박영선 더불어민주당 서울시장 후보는 부활절을 맞아 천주교·기독교계 유권자 표심 잡기에 나섰다. 오전엔 서울 구로구 베다니교회의 예배와 명동성당 미사에 참석했고, 오후엔 서울 서초구 사랑의교회에서 열린 기독교 연합 예배에 참석했다. 박 후보는 천주교 신자다. 이날 박 후보는 “명동성당에서 미사 순서를 기다리면서 많은 교우들이 ‘사전투표를 했고 민주당을 찍었다’고 응원해줬다”고 말했다. 오후엔 서울 노원구와 도봉구에서 집중 유세를 했다. 노원구와 도봉구는 전통적으로 민주당 지지세가 강한 지역이다. 박영선 후보 캠프에선 “본선거까지 지지층 결집과 투표 독려에 집중하려는 일정”이라고 설명했다. 朴 “오세훈 자격 없다” 네거티브 총력전 박 후보는 이날 오후 2시 국회 의원회관에서 열린 인터넷 언론사 기자간담회에 참석했다. 박 후보는 이날 발언의 상당 부분을 오 후보에 대한 네거티브에 할애했다. 그는 “이번 선거는 서울을 위해 몰입하고 일 잘하는 시장 후보와 실패한 과거의 정치 시장의 대결 구도”라면서 “거짓말을 하고도 서울시장에 당선될 수 있다는 것을 아이들에게 가르칠 수는 없다”고 말했다. 박영선 더불어민주당 서울시장 후보가 4일 서울 여의도 국회에서 인터넷언론 출입기자들과 간담회를 갖고 인사말을 하고 있다. 오 후보의 내곡동 땅 문제에 대해선 “오 후보가 2005년 6월 내곡동 측량 때 온 걸 봤다는 생태탕집 주인과 아들의 증언, 오 후보의 처남이 그날 다른 현장에 있었다는 사진이 나왔다”면서 “이에 대해 오 후보의 입장이 안 나온다는 것은 인정한 것 아니냐”고 말했다. 오 후보가 “TBS라디오는 편향적”이라고 비판한 것에 대해선 “오 후보가 서울시장 할 때 TBS는 이명박 대통령의 주례 연설을 3년간 틀었다”면서 “오 후보가 이런 말을 할 자격이 없다”고 말했다. 또 “오 후보가 시장을 할 때 용산 참사, 우면산 산사태, 강남역 물난리가 있었고, 세빛섬 등으로 서울을 빚더미에 올려놓은 실패한 시장”이라고 강조했다. ‘중대 결심론’에 대해 朴 “사전 교감 없었다” 이날 간담회에선 박영선 후보 캠프에서 전략기획본부장을 맡고 있는 진성준 민주당 의원이 2일 “상황에 따라 중대 결심을 배제할 수 없다”고 말한 것에 대한 질문도 나왔다. 이에대해 박 후보는 “중대 결심은 진 의원이 말한 건데 사전에 교감이 있었던 게 아니다”라며 “보도가 나오고 나서 물어봤더니 의원단 회의에서 무언가 하기로 결정을 했다고 들었다”고 말했다. 중대 결심이 박 후보의 사퇴라는 일각의 주장에 대해선 “그건 농담이다. 그런 얘기를 할 가치가 있나. 제가 왜 답 해야 하나”라며 “오 후보야말로 사퇴 전문가다. 10년 전에도 사퇴했고, 이번에도 내곡동 땅 관련 증인이 나오면 사퇴하겠다고 했다”고 말했다. “민주당 의원들 열심히 돕고 있어” 선거 기간중 논란을 일으킨 당 관계자들의 언행에 대한 언급도 있었다. 임종석 전 청와대 비서실장이 페이스북에서 박원순 전 서울시장의 행적을 긍정적으로 평가하거나, 고민정 민주당 의원이 캠프 대변인을 사퇴한 뒤 페이스북에 올린 선거운동 사진 등은 중도층에서 “반성이 없다”는 비판을 받았다. -당 내에서 박 후보를 돕지 않는다는 말까지 나온다. 자의든 타의든 선거 운동을 어렵게 하는 움직임에 대해 어떻게 생각하나 “그건 약간 작위적인 판단이다. 많은 의원들이 열심히 해주고 계시다. 시의원, 국회의원 모두 다 열심히 해주시는데 그런 가운데 이런저런 일들이 불거질 수 있는 게 사실이다. 하지만 선거를 안 도와준다고 생각하고 있지는 않다.” -이해찬 전 민주당 대표가 1일 TBS라디오 ‘김어준의 뉴스공장’에 출연해 “내곡동 측량에 오 후보가 참석했다고 해도 이해상충이 아니다”라고 말했는데 동의하나 “내곡동 땅 문제를 처음에 투기 문제로 본 것은 각도가 잘못 됐다고 생각한다. 이해상충이 아니라는 이 전 대표의 말은 와전된 것이다. 그 당시에 공직자 이해충돌 관련 규정에 처벌 조항이 없었다는 뜻일 것이다.” 4일 서울 서초구 사랑의교회에서 열린 '2021 한국교회 부활절 연합예배'에 참석한 국민의힘 오세훈 서울시장 후보(왼쪽)와 더불어민주당 박영선 서울시장 후보(오른쪽)가 인사하고 있다. 오종택 기자 민주당이 기대하고 있는 숨어 있는 여당 지지자 ‘샤이 진보’에 대해선 “샤이 진보가 얼마나 있는지까지는 모르겠지만 있는 것은 분명하다”며 “유세를 하다보면 사전투표에서 1번을 찍었다고 아주 작은 목소리로 말해주는 사람들이 많다”고 말했다. 20, 30대의 민심 이반을 아느냐고 묻는 질문엔 “코로나19로 일자리 구하는 게 불투명해져서 좌절하는 2030세대에 공감한다”면서도 “거짓말 하는 후보를 뽑을 수 없다는 분들도 많다고 들었다”고 말했다. 송승환 기자 song.seunghwan@joongang.co.kr",중립
39,1410,2021.04.04 ,"박영선 ""중대결심? 사전교감 없었다…제가 왜 사퇴 합니까""",고석현,"박영선 더불어민주당 서울시장 후보가 4일 국회에서 열린 인터넷언론과의 간담회에서 발언하고 있다. 연합뉴스 박영선 더불어민주당 서울시장 후보는 4일 캠프 측의 '중대결심' 발언과 관련해 사전교감이 없었다고 말했다.사퇴 가능성도 일축했다. 박 후보는 이날 인터넷 언론 간담회에서 ""사전투표율이 높은 것은 깨어있는 시민이 많이 계시기 때문이라고 생각한다""며 ""민주당 여러 가지 많이 부족했지만 올바른 길로 나아가기 위해 기호 1번을 찍어야 하는 것 아닌가는 결집력이 시작됐다. 샤이진보가 있는 것은 분명하다""고 밝혔다. 그러면서 ""민주당에 걸었던 기대에 비해 부족함이 있지만 그 부족함보다 거짓말하고 당선되는 역사의 오점을 남기는 선거가 되는 것은 아니지 않나""라며 ""(오 후보 처가 땅 의혹에 대한 공세가) 네거티브라는 지적에 동의할 수 없다""고 덧붙였다. ""중대결심? 보도 후에 뭔지 물어봤다"" 그는 진성준 선대위 전략기획본부장의 '중대결심' 언급에 대해 ""저하고 사전 교감이나 교류가 있었던 것은 아니다""라며 ""보도가 난 이후 제가 물어봤다""고 했다.지난 2일 진 본부장은 오 후보의 사퇴를 촉구하며 ""상황에 따라 중대 결심을 배제할 수 없다""고 공세한 바 있다. 박 후보는 ""의원단 회의에서 논의를 거쳐 뭔가 하기로 한 것을 결정했는데, 이에 대한 오세훈 국민의힘 후보의 답변이 있어야 하겠다는 것""이라며 ""오 후보가 생태탕 주인 아들, 처남 사진이 나온 이후 관련해 이야기를 안 하고 있다. 그렇기 때문에 답을 기다리고 있다는 것이 진 본부장의 얘기""라고 덧붙였다. 박 후보의 사퇴가 '중대 결심'의 하나로 거론되는 것에 대해선 ""그것은 농담 아닌가. 제가 왜 사퇴를 합니까""라고 웃어넘겼다. 이어 ""본인(오세훈 후보)이 사퇴전문가""라고 받아쳤다. ""吳 기사 포털서 사라져…언론통제·왜곡"" 박 후보는 또""현장 분위기는 여론조사와 다르다는 경제지 기사가 포털에 올라온 지 1시간 만에 삭제됐고, 오 후보의 거짓말 기사들이 포털에서 사라지고 있다""며 ""과거 군사정권 시절 일어났던 언론 통제나 왜곡 현상이 지속되고 있어 마음이 아프다""고 포털사이트 뉴스 편집에 대한 의혹을 새롭게 제기했다. 한편 김상조 전 청와대 정책실장과 박주민 민주당 의원 등 여권 내에서 부동산 잡음이 계속 일어나는 것과 관련해 ""이런 저런 일들이 불거진 상황이 있었으나 저는 그런 것들이 저를 도와주지 않는다고 생각하지는 않는다""고 했다. 고석현 기자 ko.sukhyun@joongang.co.kr",중립
40,1435,2021.04.03 ,"사전투표 중 박영선TV서 “얼핏 도장 나와, 이긴 듯”…野 “그 의원들 누구냐”",김은빈,"더불어민주당 박영선 서울시장 후보. 연합뉴스 국민의힘은 3일 박영선 더불어민주당 서울시장 후보 유튜브 방송에서 ‘사전투표 참관인이 보기에 민주당 표가 많았다더라’는 취지의 발언이 나와 논란이 된 데 대해 중앙선거관리위원회의 조사를 촉구했다. 배준영 국민의힘 중앙선대위 대변인은 “선거 참관인이 투표용지의 기표 내용을 살펴보고 결과를 민주당 의원에게 알려줬다는 취지의 주장”이라며 “선관위의 철저한 조사를 촉구한다”고 밝혔다. 전주혜 의원도 페이스북에 “민주당이 많이 급한가 보다”라면서 “이 말이 사실이면 부정선거를 자인하는 셈이고 거짓이면 허위사실 공표죄”라고 지적했다. 이어 “떳떳하다면 들었다는 민주당 의원들이 누구인지 밝히라”고 촉구했다. 앞서 박 후보는 지난 2일 자신의 유튜브 채널 ‘박영선 TV’에서 진보 성향 유튜버들과 함께 긴급 토론회를 진행했다. 이날 생중계된 토론회에서 논란이 된 발언은 여론조사기관 윈지코리아 박시영 대표로부터 나왔다. 유튜브 박영선TV 캡처 박 대표는 “몇몇 민주당 강북 쪽 의원들과 통화해 보니 우리가 이긴 것 같다는 얘기를 다수가 전했다”고 말했다. 그는 “투표 참관인들이 (기표한 투표용지를) 봉투에 넣을 때 대충 본다”며 “얼핏 도장이 (어디에 찍혔는지) 나온다”고 설명했다. 관련기사""참관인이 기표내용 알려줬다"" '박영선TV' 유튜버 발언 논란 박 대표는 이어 “알 수는 없지만 느낌에는 55대 45 정도로 이겼을 것 같다”며 “내일(3일)은 7대3 정도로 확실히 벌려야 한다”고 덧붙였다. 중앙선관위 관계자는 박 대표 발언에 대해 “전체적인 과정과 구체적인 사실관계를 특정할 수 없어 현재는 법 위반 여부를 판단하기 어렵다”고 밝혔다. 김은빈 기자 kim.eunbin@joongang.co.kr",중립
41,1445,2021.04.03 ,"""참관인 보니 민주당표 많더라"" '박영선TV' 유투버 발언 논란",고석현,"지난 2일 박영선 더불어민주당 서울시장 후보 유튜브 채널 '박영선TV' 생중계에서 ""선거 참관인이 투표용지의 기표내용을 살펴보고, 결과를 민주당 의원에게 알려줬다""는 취지의 주장이 나왔다.[유튜브 박영선TV 캡처] 4·7 보궐선거 첫날인 지난 2일, 박영선 더불어민주당 서울시장 후보 유튜브 채널 '박영선TV' 생중계에서 ""선거 참관인이 투표용지의 기표내용을 살펴보고 결과를 민주당 의원에게 알려줬다""는 취지의 주장이 나와 논란이 일고 있다. '비밀선거'는 선거의 4대 원칙 중 하나다. 유권자가 어느 후보에게 투표했는지 다른 사람이 알지 못하도록 비밀이 보장돼야 하고, 투표자가 기표지를 공개하면 무효표가 된다. 투표참관인은 각 정당이나 후보가 모집해 선정하며, 투표장에서 투표용지의 교부상황과 투표상황에 부정이 없는지 감시하는 역할을 한다.공직선거법 제161조는 참관인이 투표에 간섭하거나 어떠한 방법으로든 선거에 영향을 미치는 행위를 해서는 안된다고 규정하고 있다. 때문에 만일 '참관인이 기표지를 보고 투표결과를 전달했다'는 주장이 사실이라면 부정선거 의혹으로까지 비화할 가능성이 있는 것이다. 박 후보는 이날 자신의 유튜브에서 진보 유튜버 6명과 '박영선 후보와 진보 유튜버 긴급 토론회-서울을 구하자' 생방송을 진행했다. 여기엔 유튜버 이상호(고발뉴스TV), 김용민(김용민TV), 푸른나무(새날), 박지희(이동형TV), 박시영(박시영TV), 이종원(시사타파TV) 등이 공동 중계 형식으로 참여해 박 후보에 힘을 실었다. 문제는 노무현 정부에서 청와대 여론조사행정관을 지냈던 박시영 윈지코리아컨설팅 대표의 발언이었다.윈지코리아는 정치 컨설팅과 여론조사를 시행하는 업체다. 4·7보궐선거 관련 여론조사도 수차례 진행했다. 박시영 윈지코리아컨설팅 대표는 ""투표참관인들이 (기표가 된 투표용지를) 봉투에 넣을 때 대충 본다. 얼핏 도장이 (어디에 찍혔는지) 나온다""며 ""민주당 강북 의원들과 통화해보니까 '우리(민주당)가 이긴 것 같다'고 다수가 전했다""고 주장했다. [유튜브 박영선TV 캡처] 박 대표는 '지금까지 여론조사 결과를 믿을 수 있느냐'는 질문에 ""몇몇 의원들과 통화했다. 투표참관인들이 (기표가 된 투표용지를) 봉투에 넣을 때 대충 본다. 얼핏 도장이 (어디에 찍혔는지) 나온다""며 ""민주당 강북 의원들과 통화해보니까 '우리(민주당)가 이긴 것 같다'고 다수가 전했다""고 주장했다. 그러면서 ""알 수는 없지만 느낌에는 55대 45 정도로 오늘은 이겼을 거 같다""며 ""내일은 7대 3 정도로 확실히 벌려야 한다""고 덧붙였다. 박 후보는 이를 경청하던 중, 다른 출연자가 ""지지층이 결집하고 있는 게 맞느냐""고 묻자 ""그런 게 있다""며 청량리 유세 현장 이야기를 꺼냈다. 박 대표의 발언에 대해 중앙선거관리위원회 관계자는 ""(참관인이 기표 내용을 전달했다는) 전체적 과정과 구체적인 사실관계를 특정할 수 없어서 (현재는) 법 위반 여부를 판단하기 어렵다""고 밝혔다. 박원순 성추행 '2차가해' 논란 빚었던 유튜버들 한편 이날 생중계에 참여했던 유튜버 일부는 고(故) 박원순 전 서울시장의 성추행 사건과 관련해 박 전 시장을 두둔하고 피해자를 향한 '2차 가해'로 논란을 일으켰던 인물들이다. 유튜버 이상호는 피해자의 법률대리인 김재련 변호사를 향해 ""성(性)의 국정원장이나 다름 없었다""고 했고, 유튜버 김용민은 ""판사와 국가인권위가 직접적인 증거도 없이 박원순을 성추행범·성희롱범으로 만들려고 애를 쓴다""는 취지의 발언을 했다. 유튜버 박지희는 지난해 7월 고정출연하던 TBS '뉴스공장 외전-더 룸'에서 피해자를 향해 ""4년 동안 그러면 대체 뭐를 하다가 이제 와서 갑자기 김재련 변호사와 함께 세상에 나서게 된 건지도 너무 궁금하다""고 말해 결국 하차한 전력이 있다. 고석현 기자 ko.sukhyun@joongang.co.kr",중립
42,1446,2021.04.03 ,"""대학가에 청년주택 짓겠다"" 박영선, 안암서 20대 표심 공략",고석현,"박영선 더불어민주당 서울시장 후보가 3일 서울 성북구 안암로 청년주택 '안암생활'을 방문해 시설을 살펴보고 있다. [사진 박영선 캠프] 박영선 더불어민주당 서울시장 후보가4·7 재보선 전 마지막 주말이자 사전투표 이틀째인 3일,서울 성북구 안암동의 직주일체형 공공 청년주택을 방문해 '청년 표심' 공략에 주력했다.한국토지주택공사(LH) 사태로 돌아선 부동산 민심과 공정성 문제에 민감한 청년층의 표심 달래기에 나선 것이다. 박 후보는 ""공공에서 운영하니 보증금 100만원에 월세 30만원이라 청년들이 굉장히 선호할 것 같다""고 밝혔다. 그러면서 ""청년 커뮤니티가 형성돼, 창업과 취직하는 청년들이 공동체 생활을 하며 미래의 자산을 얻어갈 수 있다는 점에서 굉장히 바람직한 형태""라며""서대문·성북·마포구 등 대학가 밀집지역에 이런 직주일체형 청년주택을 지으면 청년에게 도움이 많이 될 것 같다""고 덧붙였다. 자신이 지방에서 서울로 올라와 공부하고 있다고 소개한 한 청년은 ""공기업의 지역 할당제 확대가 역차별이 아니냐""고 물었고, 박 후보는 ""상당히 일리 있는 이야기라고 생각한다. (당에) 건의를 하겠다""고 답했다. 동석했던 김영배 민주당 의원도 ""이낙연 상임선대위원장이 발표했을 때 당에서 논란이 있었다""며 ""오늘 후보님이 말씀하셨으니 당에서 공식적으로 검토하겠다""고 부연했다. 박 후보는 ""기성세대와 청년들의 인식 차이가 있다는 것을 청년들을 만나며 많이 느꼈다""며 ""정책을 펼 때 해당하는 사람들과 사전 간담회 등 소통을 한 뒤 완성하는 것이 중요하다는 것을 많이 느꼈다""고 말했다. 그는 사전투표율이 높은 것에 대해 ""긍정적으로 보고 있다""고 했다. 박 후보는 이날 페이스북에서도 ""오늘 여러분이 투표소를 찾는다면 승리할 수 있다. 당신이 열 사람을 투표소로 안내하면 승리할 수 있다""며 사전투표 참여를 독려하기도 했다. 고석현 기자 ko.sukhyun@joongang.co.kr",중립
