,Unnamed: 0,Unnamed: 0.1,날짜,title,언론사,기자,content,분석결과
0,10,10,2021.05.03 16:00,"“윤석열 32% 이재명 23.8%, 이낙연 9%”···대선 지지율 1~2위 격차 한자릿수로",경향신문,박홍두 기자 phd@kyunghyang.com,"내년 차기 대선 주자별 지지율 격차가 좁혀지고 있다는 여론조사 결과가 3일 나왔다. 윤석열 전 검찰총장이 1위를 지키고 있지만 이재명 경기지사가 한자릿수대로 격차를 좁히면서다. 이낙연 전 대표 등 다른 주자들도 뒤를 이었다.리얼미터가 오마이뉴스 의뢰로 지난달 26~30일 2578명을 대상으로 차기 대권주자 선호도를 조사한 결과 윤 전 총장은 32%, 이재명 경기지사는 23.8%로 나타났다고 이날 밝혔다.지난달 같은 조사 결과와 비교하면 윤 전 총장은 2.4%포인트 하락하고 이 지사는 2.4%포인트 올랐다. 두 사람의 지지율 격차는 13.0%포인트에서 8.2%포인트로 줄었다.윤 전 총장은 서울(4.2%포인트), 60대(6.1%포인트), 보수층(4.1%포인트), 진보층(3.3%포인트) 등에서 주로 하락한 반면, 이 지사는 충청(8.1%포인트)과 서울(6.7%포인트), 30대(7.6%포인트)와 50대(4.4%포인트), 진보층·중도층(각 2.8%포인트) 등에서 올랐다.이낙연 전 대표는 지난달보다 2.9%포인트 내린 9.0%로, 2개월 연속 하락했다. 홍준표 무소속 의원은 0.5%포인트 올라 5.0%로 4위를 유지했다.이어 오세훈 서울시장 4.5%, 안철수 국민의당 대표 4.1%, 정세균 전 국무총리 4.0%, 추미애 전 법무부 장관 2.2%, 유승민 전 의원 2.1% 등 순이었다.이번 조사의 표본오차는 95% 신뢰수준에 ±1.9%포인트다. 자세한 내용은 리얼미터나 중앙선거여론조사심의위원회 홈페이지를 참조하면 된다.",긍정
1,93,93,2021.04.28 20:57,“당내 세력 모으자” 움직이는 친이재명계 의원들,경향신문,윤승민 기자 mean@kyunghyang.com,"전당대회 후 ‘성공포럼’ 출범…취약한 국회 지지 기반 보강이낙연 측 내달 정책 세미나…정세균계도 본격 세확장 계획더불어민주당의 대권 주자들이 대선 행보를 본격화하면서 당 소속 의원들도 세력화할 움직임이 나타나고 있다. 여권 유력 주자인 이재명 경기지사를 지지하는 ‘친이재명계’ 의원들이 세력화를 시작하면서 물밑 움직임이 뚜렷해질 기미가 보인다. 5·2 전당대회 이후 당 지도부가 갖춰지고 경선 국면이 시작되면 대선 캠프별 모임이 더욱 활발해질 것으로 전망된다.‘친이재명계’ 의원들은 다음달 초 이 지사를 지지하는 의원 연구모임인 ‘대한민국 성장과 공정 포럼’ 출범을 공식화할 계획이다. 이 지사가 그간 강조해왔던 ‘공정’이라는 키워드에 ‘성장’을 더해 자신의 의제로 삼으려는 의지가 읽힌다. 포럼에는 좌장격인 4선의 정성호 의원과 김영진·김병욱 의원 등이 참여하고 5선 조정식 의원도 합류할 것으로 전해졌다. 친이재명계 한 의원은 28일 기자와 통화하면서 “전당대회 직후 의원들에게 포럼 가입 신청을 받고 다음달 안으로 세미나를 개최할 것”이라고 말했다.이 지사의 약점 중 하나는 국회 지지 기반이 약하다는 점이다. 포럼은 이를 극복하기 위한 친이재명계의 세력 확장 전초기지인 셈이다. 그간 이 지사가 여의도에서 각종 토론회·행사를 열 때 경기도 지역구 의원들 중심으로 많게는 30여명에 이르렀는데, 이들 중 몇몇이 ‘친이재명계’를 자처하며 공식 지지를 표할 수 있을지가 관심사다.다른 대권 주자들을 지지하는 의원들의 움직임도 수면 위로 드러날 것으로 보인다.이낙연 전 대표 측은 “대표 측 싱크탱크인 ‘연대와 공생’이 다음달 초부터 연속적으로 정책 발표 세미나를 열 때쯤 지지 의원들이 공식적으로 드러날 것”이라고 말했다. 이낙연계 의원들은 조만간 회동해 향후 활동 계획을 논의할 예정이다.정세균계로 불리는 의원들도 지난해 10월 공식 출범한 ‘광화문포럼’을 중심으로 다음달 전당대회 이후 본격적으로 세 확장에 나설 계획이다.",긍정
2,101,101,2021.04.28 18:20,이재명 “국민이 포퓰리스트에 놀아나면 공중부양 하시는 그 분이…”,경향신문,윤승민 기자 mean@kyunghyang.com,"여권 유력 대권주자인 이재명 경기지사가 28일 “국민이 포퓰리스트에 놀아날 정도라면 공중부양 하시는 그 분(허경영 국가혁명당 명예대표)이 옛날에 대통령이 됐었어야 한다”고 말했다.이 지사는 이날 경기 고양시 킨텍스에서 열린 ‘2021 대한민국 기본소득 박람회’ 개막식에 참석한 뒤 기자들과 만나 “우리 국민들께서 불합리한 것을 바라고 불합리한 일을 추진하는 정치인을 맹목적으로 따르실만큼 수준이 낮지 않다”며 이 같이 말했다. 이 지사는 자신의 정책이 ‘포퓰리즘 정책’이라는 당내 경쟁주자들의 비판에 대해 “국가가 아무런 지원도 없이 마스크를 쓰라고 하면 새벽에 줄서서 돈 내고 마스크 쓰고, 분리수거하라면 상표 뜯고 수돗물 헹궈가면서 하는 국민들은 위대하다”며 “이런 국민들은 불가능한 일을 하겠다고 선동하면 거기에 넘어갈 것이라고 보고, (그들이 지지하는) 정치인을 포퓰리스트라고 주장하는 것이 국민을 무시하는 처사”라고 말했다.자신을 비판하는 여권 대선주자들에 대해서는 “권투경기는 상대를 때려야 하는 것이고, 경쟁에서 자신이 더 낫다는 점을 설득하고 제시하는 일은 당연하다”고 말했다. 최근 정세균 전 국무총리가 이 지사를 가리켜 “중앙재난안전대책본부 회의에 잘 안나왔다”고 지적한 데 대해서는 “단체장들 입장에서 말할 기회도 별로 없는 회의를 매일 들어가면 행정에 장애가 생긴다”며 “저로서는 1380만 도민의 삶을 개선하기 위해 도민들이 맡기신 일을 하는 데, 좀 더 효율적이고 급한 곳에 시간을 썼다고 이해해주시면 좋겠다”고 말했다.이 지사는 자신을 향한 대선 경선 조기 등판론에 대해 “저에게 주어진 일을 마지막까지 열심히 하고 국민들의 판단을 기다리겠다”고 말했다. 일각에서 제기되는 민주당 내 대선 경선 연기론에 대한 질문이 나오자 “당이 정하면 우리가 따라야한다”면서도 “제가 (대선에) 출마한다는 얘기는 한 적이 없다. 상황은 유동적이고 도지사 재선도 선택지에서 빠진 것은 아니다”라고 말했다.야권의 유력 대권주자인 윤석열 전 검찰총장에 대해서는 “그분이 나름의 뚜렷한 원칙을 갖고 국가의 형사사법, 그중 과거 행위의 처벌은 원칙에 따라 잘 하셨고 그 점 때문에 국민들께서 높이 평가한다고 생각한다”며 “훌륭한 도구로 학습을 하시고 역량을 발굴하셔서 국민이 선택할 수 있는 훌륭한 도구가 되면 좋겠다”고 말했다.",긍정
3,160,160,2021.04.26 09:34,"정세균, 이재명에 “그 분, 중대본에 잘 안 나와서”, 윤석열에는 “강적은 아냐”",경향신문,박홍두 기자 phd@kyunghyang.com,"정세균 전 국무총리가 26일 이재명 경기도지사가 러시아의 코로나19 백신 ‘스푸트니크V’ 도입을 주장하는 데 대해 “그 분이 중대본 회의에 잘 안 나오셨던 것 같다”고 비판했다. 윤석열 전 검찰총장에 대해선 “강적은 아니다”라고 말했다. 대선 출마를 준비 중인 정 전 총리가 연일 여야의 주요 대선 주자를 직격하고 나서며 차별화를 꾀하는 모습이다.정 전 총리는 이날 MBC 라디오 <김종배의 시선집중> 인터뷰에서 이 지사의 러시아 백신 도입 주장에 대해 “중대본에 참석하면 정부가 어떤 노력을 하고 있고 백신상황이 어떤지, 접종계획은 뭔지 다 알게 된다. 그 내용을 잘 알게 되면 그런 말씀을 하기 어려울 것”이라고 반박했다.정 전 총리는 ‘이 지사가 결석을 여러 번 했나’라는 질문에는 “예, 지적을 할 내용인지 모르겠지만 이 문제가 자꾸 나오니까 말씀드린다”면서 “정부의 노력이나 현재 우리 상황을 정확히 알면 그런 말씀을 할 필요가 없다”고 했다.앞서 이 지사의 주장과 관련해 정 전 총리는 “러시아 백신은 필요 없다. 오히려 방역에 혼란을 초래할 수 있다”고 반박한 바 있다.정 전 총리는 정부가 화이자 백신 2000만명분을 추가 확보한 만큼 스푸트니크V 도입 논란은 끝내도 된다고 주장했다. 그는 “(종결짓는 게)당연하다. 사실은 후반기에 너무 과도하게 들어오면 어떻게 하나, 그런 걱정까지 하고 있다”고 말했다.그러면서 “국내 3, 4개 제약회사에서 백신개발을 열심히 하고 있다. 지금 임상시험에 들어가 있다”면서 “내년 초쯤에는 아마 개발이 끝나지 않을까 기대하고 있다”고 했다.여야의 다른 대선 주자인 이낙연 전 더불어민주당 대표, 윤석열 전 총장에 대해서도 견제하는 발언을 했다.정 전 총리는 같은 호남 출신인 이 전 대표와의 차이점을 묻는 질문에 “저는 경제인 출신이고, 이 대표는 언론인 출신”이라면서 “전환기적 위기를 빨리 극복하는 일이 가장 중요하다. 그래서 회복이 중요하다”고 말했다. 이어 정 전 총리는 “일상의 회복, 또 경제회복, 공동체 회복, 국격의 회복, 이런 회복이 아마 다음 대선에 핵심키워드가 될 것”이라고 했다.이 지사와의 차이점을 묻는 말에는 “많이 다르다. 얘기 안 해도 다들 잘 아시잖나”라고 답했다.윤 전 총장의 대선 출마 여부에 관해서는 “본인한테 물어보셔야죠”라면서도 “지금 행보는 그렇게 보이지 않나. (대선에 나온다면) 그렇게 강적은 아니라고 본다”고 말했다.",긍정
4,184,184,2021.04.23 18:16,"이재명·박용진, 연일 설전···“실거주 2주택 보호해야”“별장도 생필품이냐”",경향신문,김상범 기자 ksb1231@kyunghyang.com,"이재명 경기지사와 박용진 더불어민주당 의원이 부동산 정책 방향성을 놓고 연일 설전을 벌이고 있다. ‘실거주 기준’을 둘러싼 입장차가 핵심이다. “2주택자도 실거주라면 보호해야 한다”라는 이 지사의 발언에 박 의원이 “실거주 기준이 모호하다. 국민을 투기꾼으로 모느냐”라고 지적하면서 반박과 재반박이 이어지고 있다. 여권 1위 주자인 이 지사와, 마찬가지로 대권 의사를 밝힌 ‘도전자’ 역할의 박 의원이 4·7 재보궐선거 이후 여권의 부동산 정책 방향타를 두고 맞붙은 양상이다.박 의원은 23일 오후 페이스북에 “이 지사가 생각하는 실거주의 기준은 도대체 무엇이냐”라며 “서울 사는 사람이 지방에 집 하나를 더 사는 것은 실거주이고 ‘생필품’이라면서, 지방 사는 사람이 서울에 집을 사는 것은 투기라니 무슨 말씀인가”라고 썼다. 그러면서 “그럼 지방 발령을 받아서 서울 집을 부득이하게 전세 놓고 지방에서 전세로 사는 사람, 아이가 학교에 진학할 때에 맞춰서 이사 갈 집을 전세를 끼고 미리 사 둔 사람은 투기꾼인가”라고 반문했다. 박 의원은 “모호한 실거주의 개념으로 국민을 투기꾼으로 몰아가서는 안 된다”라고 덧붙였다.이는 이 지사가 종합부동산세 등 부동산 규제·세제에 대해 앞서 밝힌 입장에 대한 반박이다. 지난 20일 이 지사는 서울 여의도에서 열린 한 토론회에서 기자들이 종부세 완화에 대한 의견을 묻자 “주택 정책의 핵심은 (주택이) 실거주용이냐, 투기 수단이냐에 따라 구분하는 것”이라며 “실거주용 1주택 또는 2주택에 대해선 생필품에 준하는 보호를 해야 한다”고 말했다. 그러면서 ‘실거주 기준’을 구체적으로 언급했다. 그는 “거주 여부에 상관없이 1가구 1주택을 보호하다 보니 지방에 사는 사람들조차도 전세를 끼고 강남에 갭 투자를 하는데 이것은 옳지 않다”며 “수도권 사는 사람이 별장을 만들어서 주말에 이용한다면 이건 2주택이라고 해서 제재할 필요는 없는 것”이라고 사례를 들었다.박 의원은 즉각 ‘정책 일관성’이 없다고 비판했다. 박 의원은 지난 22일 KBS 라디오 인터뷰에서 “지금 계속해서 (정부가) 종합부동산세를 강화시켜 왔고 또 다주택자들에 대한 세 부담을 더 강화하는 방식으로 하는데 갑자기 생필품이라니”라며 “이 지사는 경기도에서 부동산 투기로 돈 버는 일이 없도록 하겠다고 강력하게 이야기하면서 경기도 공무원 중 다주택자인 4급 이상은 인사 불이익 조치까지 이야기하고 강행했다”고 꼬집었다. 그러면서 “더 강력하게 이야기 해놓고, 이제 와서 이게(2주택이) ‘생필품’이라고 이야기를 하면 국민들은 대통령 후보가 되시려는 분이 정책의 일관성이 없어서 어떻게 하냐 걱정을 할 것”이라고 비판했다.이 지사는 곧장 반박했다. 이 지사는 23일 오전 페이스북에서 “강남 아파트를 갭투자로 보유하고 지방에서 전세로 사는 경우처럼 1주택이라도 비거주 임대용이라면 불로소득이 어렵도록 부담을 강화해야 집값이 안정된다. 내가 사는 도심의 집과 노부모가 사는 시골집 두 채를 가졌더라도 임대가 아닌 거주 목적이니 과중한 제재를 할 필요는 없다”라고 밝혔다. 그러면서 “이처럼 상반된 사례를 언급한 이유는 ‘실거주 기준’의 중요성을 강조하기 위함”이라며 “그런데 일부 언론에서는 저의 이런 발언을 두고 비거주 임대용 1주택 부담강화는 생략한 채 후자의 사례만 떼어 인용하거나, 제가 2주택자 보호와 종부세 완화에 동의했다는 식의 잘못된 보도를 하고 있다”라고 말했다. 박 의원 지적을 의식한 것으로 보인다.박 의원은 이 지사의 게시글을 ‘재반박’하는 글을 썼다. 박 의원은 이날 오후 페이스북에서 “이 지사 식의 부동산 문제 접근은 결과적으로 부자감세를 의미하기 때문에 정의롭지 못하고, 1주택 국민들도 투기꾼으로 규정하기 때문에 부적절하다”라며 “이 지사 발언은 약자를 보호하자는 민주당의 가치, 우리가 지키려 노력해왔던 원칙을 훼손하는 발언”이라고 비판했다. 그러면서 “각자의 인생 계획 아래 미래를 대비하고, 더 잘 살고자 노력하는 사람들을 투기꾼으로 낙인찍어서는 안 된다”라고 말했다.",긍정
5,220,220,2021.04.22 20:49,‘차별화’를 ‘차별화’라 말 못하는 이재명,경향신문,곽희양 기자 huiyang@kyunghyang.com,"백신 등 정부와 다른 행보그럼에도 “차별화는 없다”친문 의식·중도 잡기 포석여권 유력 대선주자인 이재명 경기지사(사진)가 문재인 정부와 ‘어정쩡한 차별화’ 전략을 펼치고 있다. ‘자체 백신 도입’과 ‘부동산’ 등 정책을 고리로 목소리를 내면서도 문 정부와 정면으로 대립각을 세우진 않고 있다. 이 지사 스스로도 “차별화는 없다”고 말했다. 대선 후보가 되기 위해서 아직까지 30%대 지지율을 유지하고 있는 문 대통령과 친문재인계의 지지가 필요하다는 판단 때문으로 해석된다.이 지사 측 한 인사는 최근 러시아를 방문해 ‘스푸트니크V’ 백신 계약을 따내려 애쓰고 있는 것으로 알려졌다. 이 지사가 지난 15일 발표한 독자 백신 확보 계획 일환이다.더불어민주당 내부에선 이를 ‘이 지사의 승부수’라고 평가한다. 정부의 백신 수급·접종 계획이 일정 부분 실패했다는 전제를 삼고 있기 때문이다. 한 민주당 의원은 “이 지사가 백신 도입에 성공할 경우 대선주자로서 확고한 입지를 굳힐 수 있다”고 평가했다.부동산에서도 차별화되는 정책을 내놓고 있다. 이 지사는 문 대통령의 ‘부동산으로 돈을 벌 수 없게 하겠다’는 발언과 ‘평생 임대주택 공급’ 등을 거론하며 “만약 지난해부터 철저히 부정 거래를 제재했다면 오히려 기회가 됐을 것”이라고 했다. 실거주용과 비거주 투기용 주택을 구분해 접근하자고도 했다.이를 두고 이 지사가 정책에서부터 문 정부와 차별화를 시작하고 있다는 평가가 나오지만 정작 당사자는 손사래를 쳤다. 이 지사는 22일 자신의 사회관계망서비스(SNS)에서 “일부 다름은 있겠지만 의도에 의한 차별화는 있을 수 없다”면서 “누가 뭐래도 민주당은 저의 요람이며 뿌리”라고 말했다. 이 지사와 가까운 복수의 민주당 의원들도 확대 해석을 경계했다. 한 의원은 “이 지사가 문 정부와 대립한다는 프레임은 이 지사를 골탕 먹이려는 시도”라고 반박했다.차별화를 차별화라고 말할 수 없는 이유는 대선으로 가는 길에 결국 문 대통령의 지지가 절대적으로 필요하기 때문으로 풀이된다. 이 지사 입장에선 친문의 지지가 필요하고, 문 대통령의 강한 지지가 있어야만 친문을 껴안을 수 있다. 이 지사와 가까운 또 다른 민주당 의원은 “지금 차별화를 시도했다가, 나중에 되돌릴 순 없다”며 “문재인 정부가 실패하면 이 지사도 실패한다는 마음”이라고 말했다. 이 때문에 이 지사는 당분간 친문을 최대한 자극하지 않으면서 ‘민생’ 의제로 중도층을 포섭하는 데에 집중할 것이란 전망이 나온다.",긍정
6,224,224,2021.04.22 17:36,"이재명 ""다름은 있더라도 차별화는 없습니다""",경향신문,경태영 기자 kyeong@kyunghyang.com,"이재명 경기도지사가 22일 “민주주의에서 가장 위험한 신호는 의견이 갈리는 것이 아니라, 아무도 이견을 말하지 않는 상태”라고 밝혔다.이 지사는 이날 페이스북에 ‘다름은 있더라도 차별화는 없습니다’라는 제목의 글을 올리고 “일각에서 최근 제 발언을 두고 정부와 차별화에 나서는 것 아니냐고 갈라치기를 시도하는데, 저는 민주당의 노선을 계승, 발전시키려는 것뿐”이라고 말했다.최근 이 지사가 러시아 백신 도입 검증을 요구하고, 실거주용과 비거주 투기용 주택을 명확히 구분하는 부동산 정책 등의 입장을 잇달아 밝히자 일각에서는 이 지사가 정부 여당과 차별화를 시도하는 것 아니냐는 해석을 내놓은 바 있다.그러나 이 지사는 “정치 입문 이래 한 번도 당을 떠난 적이 없고, 앞으로도 그럴 생각이 없다”며 “촛불 항쟁의 정신 위에 3기 민주 정부를 이끌고 계신 문재인 대통령님께서 앞장서 끌어 오신 수레를 민주당원들과 함께 저 역시 힘껏 밀어갈 것”이라고 밝혔다.이어 “그간의 성과 위에 부족한 것은 채우고 필요한 것은 더해 일부 다름은 있겠지만 의도에 의한 차별화는 있을 수 없다”며 “이전의 색채를 지우고 새로운 색채를 추구하는 것이 아니라 청출어람을 위한 노력에 집중해야 한다”고 했다.이 지사는 “때로는 목소리 큰 소수가 전체 목소리인 것처럼 과잉대표되기도 하지만 이 역시도 민주주의 특성상 감수해야 할 부분이고 그렇기에 더더욱 민주적 원리에 반하는 경향을 경계해야 한다”며 “노무현 대통령님께서 당선자 시절부터 퇴임 후까지 토론 공화국을 꿈꾸셨던 것도, 결국 ‘동일함’이 아닌 ‘다양함’에 기반하는 민주주의 원리 때문일 것”이라고도 했다.",긍정
7,264,264,2021.04.21 06:00,[논설위원의 단도직입]“친문 주류 당심도 결국 민심으로 수렴…이재명 지사 선택하게 될 것”,경향신문,윤호우 논설위원 hou@kyunghyang.com,"정성호 국회 예결위원장서울·부산 시장 등을 뽑는 4·7 재·보궐 선거가 끝나면서 정치권에서 차기 대권주자 경쟁이 본격적으로 시작되고 있다. 일단 이재명 경기도지사와 윤석열 전 검찰총장 양강 구도로 출발하는 양상이다. 그런데 여권에서 다른 주자들에 비해 높은 지지율을 보이는 이 지사의 목소리가 별반 들리지 않는다. 참패로 끝난 선거 결과에 대한 분석에서도, 그 패배에 책임이 있다는 강성 친문재인 지지자들에 대한 비판에서도 그는 침묵을 지키고 있다.이 지사는 무슨 생각을 하는 걸까. 이 지사와 가장 가까운 정성호 국회 예결위원장(민주당)을 16일 국회 의원회관에서 만났다. 정 위원장은 대권주자 구도에 대해 “재·보선 패배 이후 이 지사 외에 대안이 없다는 목소리가 많아졌다”며 “정권 재창출을 위해서 결국 이 지사를 선택하게 될 것”이라고 말했다.이재명계 의원들 많지 않은데…이 지사, 계보 정치에 강한 거부감지지 의원 숫자는 아무 의미 없어민주당 내 초·재선 의원들 대부분그의 노선·가치·시대정신에 공감- 당내 다른 대권주자에 비해 이재명계 의원들이 많지 않다.“이 지사나 나는 소위 계보 정치에 거부감을 갖고 있다. 구태 정치의 잔재라고 생각한다. 계보나 계보 의원의 숫자는 의미가 없다. 이 지사의 정책과 노선과 가치, 시대정신에 공감하면 된다. 이런 분들이 민주당에서 압도적으로 많다고 본다.”- 대개 어떤 사람들인가.“이 지사의 가치나 정책이 정권을 재창출하는 데 필요하다고 생각하는 의원이 많다. 이런 분들이 다른 계냐, 그렇지는 않다. 특히 초·재선 의원은 대부분 이런 계보에 따르지 않는다. 민주당은 가치 지향의 정당이다. 이들 의원이 이 지사 지지를 적극적으로 표방하고 깃발을 들고 오는 것이 아닐 뿐이다. 시간을 달라고 한다. 이번 재·보선 패배 이후 이 지사 외에 대안이 없는 것 아니냐는 이야기가 많다.”친문 주류들의 제3후보론조직 통한 바람 일으키기 불가능민주당 온건한 당원들 훨씬 많아지금은 민심 앞에 몸 낮추고회초리 든 국민 뜻 겸허히 새겨야- 지금 친문 주류 사이에서는 여전히 제3후보론이 제기된다.“제3후보는 가능하지 않다고 본다. 바람을 일으키려고 하면 후보 자체가 국민에게 다가가는 매력과 카리스마, 시대정신 구현 메시지가 있어야 한다. 그런 후보가 없다. 코로나19 사태로 조직을 통한 바람 일으키기가 불가능하다. 비대면으로 연결하거나, 만나도 세 명밖에 보지 못한다. 조직을 통해 민심을 바꾼다는 것은 계란으로 바위 치기다. 이 지사가 조직이 있어서 지지율이 올라간 게 아니다. 이 지사의 정책 실행 능력을 보고 지지한다.”- 재·보선 참패 이후 이재명계가 몸을 낮추고 있다는 이야기가 나온다. 친문 주류와 갈등이 불거질까봐 조심스러워한다는 평가다.“재·보선에서 패배한 만큼 몸을 낮춰야 한다. 지금은 선거에서 회초리를 든 국민들의 뜻을 새기고 겸허하게 반성하는 것이 중요하다.”- 정 위원장이 이 지사와 가깝기 때문에 정치적 행위가 이 지사의 뜻처럼 비치기도 한다. 최근 5명의 초선 의원이 당의 쇄신을 촉구하는 성명서를 낸 후 이를 지지하는 4선, 5선 비주류 의원의 성명서가 나왔다. 여기에 정 위원장도 이름을 올렸다.“(목소리를 높이며) 그것이 가장 내가 억울해하는 것이다. 정치인 정성호와 정치인 이 지사는 별개다. 어떻게 보면 여의도 정치 경험은 내가 이 지사보다 더 많다. 내가 한마디만 하면 꼭 이 지사와 연관시킨다. 나를 비난하기도 하지만 이 지사에게 비난을 퍼붓는다. 조심하게 된다. 어쩔 수 없이 나 스스로 검열을 하게 된다. 나만 생각해서 이 지사한테 피해 주는 거 아니냐는 생각이 든다. 나는 이 지사를 적극적으로 지지하고 이 지사의 노선과 가치를 잘 이해하고 있다. 판단 기준이 비슷하다. 하지만 내가 이 지사와 조율해서 (정치적 행동을) 하지는 않는다.”- 정 위원장은 비주류로서 친문 주류와는 다른 목소리를 내기도 했다. 강성 당원의 비난이 없지 않았나.“일부 강성 권리당원은 2000명 정도라고 하는데, 권리당원은 80만명에 육박한다. 당내 선거에서는 강성 당원들의 힘이 크긴 크다. 다양한 온라인 커뮤니티에서 이분들이 주도해 정보를 주고받는다. 이분들이 과대 대표되는 것이다(20일 이 지사도 국회에서 기자들에게 비슷한 말을 했다). 재·보선 패배 이후 강성 지지당원의 행태에 대해 언론의 비판이 있었다. 다수의 합리적이고 온건한 지지자들이 모두 강성 당원의 주장에 동조하는 것은 아니다. 당내에서 누가 문재인 정부의 정책에 대해 반대하나. 그런 분들은 민주당에 없다. 강경한 당원보다 온건한 당원이 훨씬 더 많다. 이런 이야길 하면 또 이 지사에게 도움이 안 된다고 하겠다(웃음).”- 친문 주류와 이재명계 사이의 갈등이 향후 어떻게 될 것으로 보나.“앞으로는 큰 문제가 안 될 것이다. 당심도 민심으로 수렴된다. 지금은 강성 당원의 목소리가 당심으로 포장되고 있을 뿐이다. 이 지사를 지지하는 분이나 친문 주류분이나 모두 민주당이 정권을 재창출하기 바란다. 정권 재창출을 위해 누가 후보가 되어야 하나. 나는 선택의 여지가 없다고 본다.”문 정부와 차별화한다는 의심누구보다 문재인 정책 앞서 구현LH 투기 폭로 배후는 황당한 소설자체 백신 도입 주장도 진의 와전윤석열·이재명은 금수저와 흙수저- 이 지사가 문재인 정부와 차별화하려고 하는 것이 아니냐는 의심이 있다.“말도 안 되는 이야기다. 이 지사는 자기 원칙이나 가치를 배신한 적이 없다. 삶의 전 과정을 통해 일관적으로 살아왔다. 민주당 광역단체장 중 어느 누구보다도 문재인 정책을 가장 잘 구현하고 있다. 문재인 정부의 가치인 공정·정의·과정 평등을 누가 실천하고 있나, 이 지사가 하고 있다. 그리고 실제로 보여줬다. 차기 정권은 당연히 김대중·노무현·문재인 정부를 계승한다고 본다. 다만 거기에서 머무르면 안 된다. 차별화가 아니라 업그레이드나 혁신을 해야 한다. 주장에만 그쳐온 것을 실천해서 우리는 진짜 실력이 있구나 하는 유능함을 보여줘야 한다. 그것을 보여주지 못하니까, 무능하고 내로남불이라고 비판을 받은 것 아니냐.”- 한국토지주택공사(LH) 부동산 비리 의혹을 폭로한 시민단체 관계자들의 뒤에 이 지사가 있다는 소문이 있는데.“요즘 세상에 비밀이 어디 있나. 가능한 일이냐, 황당한 소설이다. 참여연대와 민변 변호사들은 노무현 정부와 문재인 정부의 인사들과 훨씬 인연이 더 깊다. 나와 이 지사는 민변에서 주류가 아니었다. 음모론이 나도는 자체가 불행한 일이다.”- 이전에는 당내에서 이 지사 탈당설까지 흘러나왔다.“이 지사는 민주당에서 커 온 사람이다. 그리고 원칙을 지켜온 사람이다. 어떻게 탈당하냐. 정치를 안 하면 안 하지, 탈당이란 있을 수 없다. 나도 탈당 이야기를 듣지만 탈당 안 한다. 말이 안 되는 황당한 상상이다. 앞으로 이런 이야기가 당내에서 안 나왔으면 좋겠다. 이 지사를 지지하든 지지하지 않든 이 지사는 당내 자산이다. 당 밖에서보다 당내에서 비방이 많고 가짜뉴스가 많다는 것은 문제이다. 아무 근거 없이 음모론이 나돈다. 당내 전파가 용납되어서는 안 된다.”- 경기도에서 자체 백신 도입을 주장하면서 논란이 일었는데, 어떻게 된 건가.“도의회의 질의 과정에 이 지사의 답변에서 나왔다. 질의·답변 자체가 시간의 제약이 있다. (지사의) 표현이 적절치 못했다. 오해의 소지가 있고 진의가 와전됐다. 백신을 도입하기 위해서 중앙정부만 아니라 전 국가적으로 힘을 합쳐야 한다. 여야 외교통이 다 나서고 지자체도 나서야 한다. 경기도 내의 기업들이 여러 외국 기업과 관계를 맺고 있다. 경기도의 네트워크를 동원한다면 백신 구입에 도움이 되지 않을까 해서, 그런 기회를 달라는 이야기였다.”- 대선 후보 선출 일정을 늦추자는 주장이 일부에서 나왔는데.“대선 후보를 먼저 뽑으면 상처를 입는다는 주장이 있었다. 일찍 뽑아놔서 상처를 입는다면 입을 상처는 빨리 털고 가야 한다. 이 지사는 집안 문제로 구설이 있지만 그 외에 입을 상처가 없다. 개인사는 너무 오랫동안 검증받아왔다. 이 지사는 자기 자신에게 엄격하다. 공적인 생활에 있어서 자기 관리에 철저하기 때문에 부정적인 평가가 없다. 그리고 9월이 지나면 문재인 정부의 마지막 정기국회가 열린다. 야당이 국정감사로 정부를 몰아세울 것인데 여당은 전당대회만 준비해서는 안 된다. 야당이 뒤늦게 경선하는 동안 민주당은 선출된 당 후보의 정책을 반영해 예산 확보와 입법 활동을 보여줘야 한다.”- 이 지사의 기본소득 주장에 대해 어떻게 생각하나.“전면적으로 기본소득을 하자는 것이 아니다. 세금을 절약해 1년에 얼마씩 주는 것이다. 단계적이고 초기적이다. 보편적 재난지원금 지급이 대표적인 예다.”- 최근 이 지사가 당권 후보들인 홍영표·우원식 의원과 만났는데.“대표에 출마한 세 분 다 성격이 원만하다. 이 지사 쪽에서 봤을 때는 누가 되든 큰 문제가 없을 것으로 본다. 누가 당 대표가 되더라도 합의점을 잘 만들어낼 것이다. 그런 능력이 탁월하다.”- 윤석열 전 검찰총장을 어떻게 평가하나. 정 위원장은 법사위에서 활동한 적이 있어 윤 전 총장에 대해 잘 알 것 같다.“윤 전 총장은 평생 검사로 살아온 사람이다. 적폐청산, 그것 하나밖에 없다. 하지만 국가 경영은 복잡하다. 문재인 정부에 실망한 사람들이 윤 전 총장을 지지한다. 반사이익이다. 대선 후보로서 검증단계에 들어가면 거품이 빠지게 된다. 이 지사와 윤 전 총장은 같은 법조인이지만 무수저와 금수저로 대비되는 사람이다. 국민들이 판단할 것이다. 이 지사와 윤 전 총장 사이의 친분은 없다. 두 사람은 경험의 폭이 다르다. 이 지사가 훨씬 폭이 넓다.”- 곁에서 오래 지켜본 사람으로서 이 지사의 매력은 무엇이라고 생각하나.“실행력이다. 업무 추진력이 핵심이다. 기득권의 위력에 굴복하지 않는 용기가 있다. 거기에서 추진력이 생긴다. 이 지사는 철저한 법치주의자이다. 확실한 법적 근거를 따진다. 세 번째로 매우 현실적이다. 현실 상황을 정확히 판단해 강약의 완급을 조절한다. 반대가 있을 때에는 대안을 제시하고 그 사람들이 수용할 수 있게 다른 활로를 만들어준다. 경기도의 계곡 정비가 대표적이다. 수십년 해묵은 계곡 불법 점유 문제를 해결했다. 점유인들도 서민이고 계곡에 놀러 오는 사람들도 서민이다. 어느 지자체장도 해결하지 못했던 일을 매끄럽게 처리했다. 그런 능력이 탁월하다.”정성호와 이재명의 ‘인연’1987년 사법연수원 동기로 첫 만남호형호제하는 34년 정치적 동지",중립
8,277,277,2021.04.20 15:40,"이재명, 강성 당원 논란에 “1000명 차단하면 된다”···‘민생’ 강조하며 공식 행보 재가동",경향신문,곽희양 기자 huiyang@kyunghyang.com,"이재명 경기지사가 더불어민주당의 친문재인계 강성 당원 논란에 대해 “과잉 대표된 측면이 있다. (전화번호)1000개를 차단하면 된다”고 20일 밝혔다. ‘친문’ 강성 당원을 껴안는 것보다 민주당 대표 대권주자로서 존재감을 앞세우는 게 유리하다고 판단한 것으로 풀이된다. 이 지사는 이날 “작은 민생 개혁”을 강조하며 4·7 재보궐 선거 이후 첫 공식행보에 나섰다.이 지사는 이날 서울 여의도 글래드 호텔에서 열린 ‘청소·경비 등 취약노동자 휴게시설 개선 정책토론회’ 참석한 후 기자들과 만나 민주당 강성 당원 논란에 대해 “과잉 대표된 측면이 있고, 과잉 반응하는 측면도 있다”고 말했다. 강성 당원들은 앞서 ‘쇄신’을 주장하는 초선 의원들에게 ‘문자폭탄’을 보내 당내 논란의 중심에 서 있다.이 지사는 “민주당 당원이 80만명, 일반당원이 300만명에 달한다고 하는데, (강성 당원이) 그 중 몇명이나 되겠는가”라고 말했다. 그는 이어 “들은 바로는 (전화번호) 1000개를 차단하면 된다고 한다”고 말했다.이 지사는 민주당 재·보선 참패에 대해 “정말 면목이 없다”며 “민주당 정권의 일원으로 선거 결과에 통감한다”고 말했다. 경기지사여서 선거운동에 참여하지는 못했으나, 여권의 대표 대권주자로서의 존재감을 부각하려는 발언으로 풀이된다.그는 당 쇄신 방향에 대해 ‘민생 개혁’을 강조했다. 이 지사는 “거대한 개혁 담론도 중요하지만, 국민의 일상 삶을 개선하는 작은 민생 개혁이 정말 중요하다”고 말했다. 또 “거대한 개혁과제는 저항과 반발, 갈등을 수반할 수 밖에 없고 성과를 내기도 쉽지 않다”며 “국민의 삶이 티끌만큼이라도 나아질 수 있도록 작은 개혁 성과를 끊임없이 만들어야 한다”고 밝혔다.이 지사는 부동산 정책에 대해 실거주자를 보호하되, 투기꾼을 제재해야한다고 밝혔다. 그는 “실제 거주한다면 (주택은) 생필품에 해당한다”며 “실주거용이 아닌 돈을 벌기 위한 수단은 투자 혹은 투기 수단이기 때문에 사회적 부작용에 상응하는 제재를 가하는 게 맞다”고 말했다. 그는 다만 “수도권 사는 사람이 경치 좋은 곳에 별장을 만들어서 주말에 실제 이용한다면 2주택이라고 해서 규제할 수 없는 것”이라고 말했다.이 지사는 지난 15일 밝힌 ‘경기도 독자 백신’ 계획에 대해서는 “진영을 떠나서 더 효율적이고 부작용이 적고 구하기 쉬운 백신을 위해 노력해야 한다”고 밝혔다. 그는 “불행하게도 진영논리에 매몰된 일부 정치세력이 정부의 방역 대책을 지나치게 공격하니까 백신 선택의 다양성 논의가 봉쇄된 측면이 있다”고 말했다. 그러면서도 이 지사는 “방역 정책은 당연히 정부 중심이 맞다”며 정부와 협력할 것이라고 강조했다.이 지사는 사회관계망서비스(SNS)에도 “민생에 도움이 되는 개혁을 실천해야 한다”고 강조했다. 그는 그 예로 자신이 펼친 여성 청소년 생리용품 보편지급, 플랫폼 노동자 산업재해 보험료 지원 등을 거론했다. 재·보선 패배 이후 이 지사가 여의도를 찾은 건 이날이 처음이며, SNS에 글을 남긴 것도 지난 8일 이후 12일만이다.",중립
9,458,458,2021.04.11 08:32,내년 대선은 결국 이재명 대 윤석열?,경향신문,정용인 기자 inqbus@kyunghyang.com,"서울시장 보궐 뒤 주요대선주자 손익계산표… 이낙연 ‘아웃’ 위기“이번 서울시장 재보궐선거에서 기득권 대 국민이라는 ‘포퓰리즘적 균열’이 눈에 띄진 않았다. 그러나 내년 대선은 다를 것이다.”정치사회학자 김호기 교수가 선거 당일 새벽 SNS에 남긴 글이다.“유력 대선후보 두 사람이 미국 샌더스와 같은 진보적 포퓰리즘을, 프랑스 마크롱과 같은 중도적 포퓰리즘을 앞세울 가능성을 배제할 수 없다. 특히 코로나19가 촉발하고 구조화하는 사회경제적 양극화는 우리 사회에서도 ‘포퓰리즘적 모멘트’에 불을 댕길 가능성이 높다.”김 교수가 진보포퓰리스트와 중도포퓰리스트를 누구라고 찍어 언급하진 않았다.그러나 능히 추측 가능하다. 이재명과 윤석열이다. 결국 내년 대선은 이재명 대 윤석열의 구도일까.■ 코로나 격리, SNS 글로 사과한 이낙연“국민 여러분의 결정을 무겁게 받아들입니다. 4·7 재보선으로 표현된 민심을 겸허하게 수용합니다. (…) 성찰의 시간을 갖겠습니다. 대한민국과 민주당의 미래를 차분히 생각하며, 낮은 곳에서 국민을 뵙겠습니다.”이낙연 더불어민주당 상임선대위원장이 개표가 마감된 후 4월 8일 아침에 페이스북에 올린 글이다. 전날 그는 출구조사가 중계되는 당사에 모습을 드러내지 않았다. 코로나19 확진자 접촉으로 자가격리에 들어갔기 때문으로 알려졌다.총괄하는 입장에서 선거결과가 뚜렷해지는 시점에 입장을 표명해야 했지만 타이밍이 늦었다. 사즉생(死卽生)이 필요했지만 사는 길을 택했다. 기자가 접촉한 정치전문가들은 선거참패의 책임으로 유력 대권주자에서 탈락하게 될 것이라 전망하는 사람들이 다수였다.“이낙연이 지금의 지지율을 유지하기는 어렵다. 여기에 정세균이 나와 대번에 10% 정도로 뛰어오르면 확 기울게 된다. 그러면 여권에서는 이재명 독주체제가 되는데 지난 여론조사 공표금지 기간에 한가지 특이점을 발견했다.”이강윤 한국사회여론조사연구소(KSOI) 소장의 말이다. 공표 금지 기간에 윤석열 전 검찰총장의 사퇴(3월 4일) 직후 단독 1위로 올라선 지지율이 3.5% 정도 빠진 반면, 이재명 경기도지사의 지지율이 2.7% 올랐다는 것이다.“윤석열이 치고 올라가면 제일 타격이 큰 쪽이 이재명이다. 우리뿐 아니라 다른 여론조사에서도 공통적으로 발견되는 현상이다. 둘의 관계가 대체재나 보완재라는 것이다. 진실 여부를 떠나 사람들은 ‘윤석열은 개혁적인데 (이 정권에서) 억울하게 탄압받았다, 추미애이고 대통령이고 다 나서서 윤석열을 못살게 굴었다’라고 생각하는 것이다. 선거가 끝나고 윤석열의 고공행진이 계속되면 이재명의 전략적 가치는 떨어진다. 민주당 내에서는 1위일지 모르지만.”앞서 이낙연과 정세균의 관계도 대체재나 보완재로 인식되고 있다. 문재인 정부 총리 출신이며 지역적 기반도 비슷하다.“정세균계에서는 이낙연 쪽을 흡수하겠다는 생각을 하고 있다. 여권 내에서 이합집산이 일어날 것이다. 이재명이 유력주자가 되면서 이재명계 쪽에서 행사나 콘퍼런스를 하면 그동안 나타나지 않았던 의원들도 얼굴을 비친다. 정 총리가 물러나면 개각이 있을 것이고, 그동안 불만이 누적돼온 경제부총리 교체 요구도 나올 것이다. 그동안 몸 풀던 군소후보들도 목소리를 내기 시작할 것이다.” 신철우 시사평론가의 말이다.당을 깨는 수순까지는 안 가겠지만 선거 후 당·청 인적 쇄신이 진행되면서 새로운 얼굴들이 나타난다는 것이다. 신 평론가가 주목하는 것은 이광재 의원의 움직임이다. “원래 이광재는 정세균을 돕기로 약속돼 있었는데, 이번 선거에서 부산에 상주하면서 김영춘 선거를 도왔다. 노무현 대통령을 보좌하던 시절의 PK 인연을 동원했다. 현지에서는 ‘김영춘 선거가 아니라 이광재 선거’라는 말이 나왔을 정도다.” 양정철발로 알려진 이른바 ‘13룡 등판론’도 힘을 받을 기세다. ‘포스트 이낙연 체제’에서 전국 각 지역을 대표하는 잠룡 정치인들을 차기 리더십으로 키우자는 것이다. 그러나 문제는 대선까지 남은 시간이다.■ 김종인, 윤석열 킹메이커로?“결국 이번 서울시장 선거 이후는 상당 기간 윤석열의 시간이 될 것이다.”정치평론가 유승찬 스토리닷 대표의 말이다.“이번 서울시장 선거는 정치적 의미가 큰 사건이다. 촛불과 탄핵으로 하나의 분기점이 됐던 정치적 변곡점이 민주당의 거듭된 실패와 불공정·기득권화로 다시 원점에 돌아온 것이다. 그런 의미에서 제3지대의 공간이 넓어진 상태의 원점이라고 볼 수 있다.”그리고 거기서 힘이 실리는 것은 아직 뚜렷하게 정치적 향방을 밝히지 않고 있는 윤석열이 될 것이라는 예측이다.“윤석열이 어떤 정치적 행보를 하냐에 따라 나머지는 변수가 될 것이다.”당장 주목되는 것은 선거 이튿날인 4월 8일 비상대책위원장직을 내려놓은 김종인의 행보다.국민의힘 외곽에서 윤석열의 대권행보에 모종의 역할을 할 것이라는 것이다. 이날 열린 기자회견에서 김 전 비대위원장은 윤석열과 만날 것이냐는 질문에 “이제 자연인으로서 마음대로 활동할 수 있다”라고 말했다.정가에는 벌써부터 여러 이야기가 나오고 있다. 당장 국민의힘 바깥에서 윤석열과 함께 전 정권관련자나 비리전력자, 김종인 비대위에 반기를 들었던 당 중진들을 내치고 보수개혁신당을 만들 것이라는 추측이 돌고 있다. 서울시장 경선과정에서 갈등을 빚었던 안철수나 김무성, 이재오 등 구정권 실세들을 제외하고 흡수한다는 시나리오다.윤여준 전 환경부 장관의 역할론도 끊임없이 나온다. 과거 안철수나 현 여권의 전신인 민주통합당 등에서 뜻을 맞춘 적이 있는 김종인·윤여준이 이번에는 윤석열 대권을 위해 손을 잡았다는 관측이다.윤여준 전 장관 측 인사는 “사실 윤 전 장관은 지난해 이재명 전 지사 측의 요청으로 두어 번 만난 것으로 알고 있고 마지막으로 만난 것은 지난해 12월”이라며 “여론조사에서 이재명이 단독 1위로 올라선 뒤 이재명 측에서 발길을 끊은 것”이라고 말했다. 윤 전 장관이 이재명 측 ‘제안’을 기다리고 있는데 연락이 안 왔고, 그 사이에 윤석열이 뜨게 되자 두 사람 모두에게 메시지를 낸 것이라는 것이다.“사실 두 사람이 종친(파평 윤씨)이라 뒷말도 나올 수 있고, 김종인이 나서게 되면 윤 장관은 자연스럽게 뒤로 빠질 것”이라는 것이 이 인사의 관측이다.야권에서는 유승민, 원희룡, 홍준표 등 다른 잠재적 대권주자도 있지만 향후 행보가 가장 주목되는 것은 안철수 국민의당 대표다.오세훈 서울시장과 공동유세 과정에서 공언한 공동운영을 넘어선 합당은 윤석열의 움직임과 함께 서울시장 선거 후 진행될 야권발 정계개편의 신호탄이 될 것으로 전망되고 있다.박신용철 더체인지플랜 선임연구위원은 “단일화 결과를 깔끔히 수용하고 선거에서 열심히 뛰면서 보수 쪽으로부터 믿을 만하다는 이미지와 신망을 받았다”고 평가하며 “정치결과를 예단할 수 없지만, 여전히 안철수에게는 가능성이 열려 있다고 본다”고 평가했다.",중립
10,490,490,2021.04.08 17:52,내상 입은 이낙연 가라앉고…당분간 이재명 독주 가능성,경향신문,김상범 기자 ksb1231@kyunghyang.com,"여권 내 대선 구도 변화‘선거 지휘’ 이 위원장 입지 축소이 지사, 본격적인 시험대에 올라일각선 일시적 ‘반짝효과’ 전망도4·7 재·보선 패배로 여권 내에서는 이재명 경기지사(사진)의 ‘독주’ 구도가 한동안 이어질 것으로 예상된다. 선거를 진두지휘했던 이낙연 상임선거대책위원장이 상처를 입으면서 그 반사이익을 누리게 되는 셈이다. 이 지사 앞에 놓인 과제도 한층 복잡해졌다. 대선 주자로서의 리더십 및 중도층 확장성 검증 등 본격적인 시험대 위에 서게 된 것이다. 이 같은 상승 효과가 ‘반짝 효과’에 그칠 거라는 전망도 있다.민주당 내에서는 이번 선거 결과로 기존 대권 지형에서 이 지사가 가장 큰 수혜를 입을 것이라는 분석이 우세하다. 선거 패배로 이낙연 위원장의 입지가 더욱 추락하면서 이 지사의 1강 구도가 한층 선명해졌다.이 지사에 대한 주목도가 높아지는 것이지만, 동시에 그에 대한 여권 내 검증도 까다로워질 것으로 관측된다. 민주당 내에서는 조직 기반이 취약한 이 지사의 리더십에 대한 의문부호가 따라붙는다. 중도층 확장성도 도마에 오를 수 있다. 이번 재·보선을 통해 대선의 풍향계나 다름없는 중도층이 민주당식 개혁 기조에 강한 반감을 품고 있다는 사실이 확인되면서, 다소 급진적인 ‘기본정책 시리즈’로 입지를 다져온 이 지사가 얼마만큼 본선 경쟁력을 보일지에 대한 지적이 나올 수 있다.친문(재인) 주류와의 제휴도 관건이다. 2017년 대선 경선 과정에서 친문과 벌인 감정싸움의 앙금이 남아 있는 이 지사에게는 이들과의 화해 내지는 암묵적 승인이 필수적이다. 김경수 경남지사나 이광재·김두관 의원 등도 친문의 ‘유효 카드’로 분류된다. 반면 친문에게 이제 선택지가 얼마 남지 않았다는 반론도 있다. 문재인 대통령이 이번 재·보선 패배 등 ‘임기 말 현상’에 시달리고 있는 상황에서 대통령 지지율에 연동되지 않고 홀로 상승가도를 달리는 이 지사 외에는 정권 재창출의 방도가 없다는 ‘대안부재론’이 나오는 것이다.이 지사는 일단 ‘정중동’ 기조다. 이 지사는 8일 사회관계망서비스(SNS)에 “준엄한 (선거) 결과를 마음 깊이 새기겠다”며 “당의 일원으로서 무거운 책임감을 느낀다. 국민께 더 가까이 다가가고, 더 절박하게 아픔을 나누고, 문제 해결을 위해 더 치열하게 성찰하겠다”고 썼다. 패배 이후 지도부 총사퇴 등 숨가쁘게 돌아가는 당내 상황과 거리를 두면서도 승기를 잡기 위한 시점과 전략을 저울질하고 있는 것으로 보인다. 지금의 반사이익이 일시적 현상에 그칠 수 있다는 신중론도 깔려 있다. 이 지사와 가까운 여권 인사는 통화에서 “이낙연 위원장이 주저앉았다고 이 지사에게 좋을 것은 거의 없다”며 “당분간 방역·민생 등 도지사로서의 기본기에 전력을 기울이는 게 유리할 수 있다”고 말했다.",중립
11,722,722,2021.03.30 18:06,이재명 “오늘날 청년은 민주화·산업화 이분법 거부”···‘성장’과 ‘공정’ 강조,경향신문,박광연 기자 lightyear@kyunghyang.com,"더불어민주당의 유력 대권주자인 이재명 경기지사가 30일 “오늘날의 청년은 민주화와 산업화라는 이분법을 거부한다”며 “불공정을 바로잡고 양극화를 해소해 지속가능한 성장이 가능하도록 할 때 비로소 책임있는 정치세력으로서 청년들 앞에 설 수 있을 것”이라고 말했다. 최근 20·30대가 민주당 지지층에서 이탈하는 상황에서 청년층의 지지를 회복하려면 ‘이념과 세대’의 틀보다는 ‘실용적 성과’의 관점으로 접근해야 한다는 뜻으로 해석된다.이 지사는 이날 사회관계망서비스(SNS)에 올린 글에서 “모든 국민들이 그렇듯 청년들 역시 각자의 판단에 따라 합리적으로 사고하는 주권자”라며 “최근 여론조사와 지난 몇년간 여론조사 양상이 다르다며 갖가지 해석이 나오지만, 저는 지금 이 순간에도 청년들이 특정 진영에 속해있다고 생각하지 않는다”고 말했다. 그러면서 “단지 그때그때 민심의 흐름 안에서 기민하게 반응할 뿐”이라고 말했다.이 지사는 “오늘날의 청년은 민주화와 산업화라는 이분법을 거부한다”고 강조했다. 이 지사는 “(청년들은) 민주화 세력이 피 흘려 이룩한 민주주의를 긍정하면서도 산업화 세력이 땀 흘려 쌓아온 경제성장의 공 또한 인정한다”며 “독재와 기득권을 옹호하는 주장을 단호히 거부하지만 그렇다고 민주화 세력의 모든 것을 절대 선으로 간주하지도 않는다”고 설명했다.이 지사는 그러면서 청년층을 대하는 정치권의 태도를 지적했다. 이 지사는 “청년들을 두고 ‘선택적 분노’를 보인다며 나무라는 분들도 있다. 부디 그러지 않았으면 좋겠다”며 “소위 ‘선택적 분노’라 불리는 현상은 역으로 양 진영에 대한 청년들의 기대치가 다르다는 뜻이기도 하다. 불과 4년 전 무능하고 부패한 박근혜 정부를 송두리째 무너뜨린 촛불의 선두에 우리 청년들이 있었다”고 말했다.이 지사는 “청년들을 설득할 수 있는 방법은 오직 언행일치의 자세로 실력과 성과로 증명하는 길밖에 없다”고 말했다. 이 지사는 “존중하고 경청하는 것은 최소한의 출발에 불과하다”며 “불공정을 바로잡고 양극화를 해소하여 지속가능한 성장이 가능하도록 할 때 비로소 책임있는 정치세력으로서 청년들 앞에 설 수 있을 것”이라고 말했다. ‘성장’과 ‘공정’은 이 지사가 가장 중요하게 여기는 가치다.이 지사는 “저는 우리 청년들도 여타 세대와 마찬가지로 간절하게 열망하고 있다고 믿는다”며 “민주화와 산업화의 이분법을 넘어 ‘내 삶’을 바꾸는, 오늘보다 나은 내일을 꿈꿀 수 있는 변화의 정치를 말이다”라고 말했다.",중립
12,763,763,2021.03.29 09:27,"‘수직상승’ 윤석열, ‘동반하락’ 이재명·이낙연···재보선 결과에 ‘흐름’ 바뀔까?",경향신문,박홍두 기자 phd@kyunghyang.com,"‘수직상승’ 윤석열, ‘동반하락’ 이재명·이낙연.윤석열 전 검찰총장의 대선 주자 선호도 지지율이 지난달 총장직 퇴임 이후 10%에서 30%대로 급상승하며 최고치를 경신했다. 여권 주자인 이재명 경기지사와 이낙연 더불어민주당 상임선거대책위원장은 하락했다. 이들의 격차는 더 벌어졌지만 정치권 안팎에서는 4·7 재·보궐 선거 결과에 따라 상승·하락세의 기류가 더 강화되거나 바뀔 수 있다는 전망이 나온다.29일 리얼미터가 오마이뉴스 의뢰로 지난 22~26일 2547명을 대상으로 조사한 결과, 윤 전 총장은 34.4%를 기록했다. 이는 지난달 총장직 사퇴 전 10%대에서 수직상승한 것이다. 윤 전 총장의 선호도는 모든 계층에서 올랐지만, 지역별로는 대구·경북(TK) 지역과 충청권 및 서울, 연령층에서는 50대와 60대, 70대 이상에서 큰 폭으로 올랐다.반면 이 지사는 전월 대비 2.2%포인트 하락한 21.4%로 2위로 내려갔다. 이 위원장은 4개월째 10%대에 머무르고 있다.여권 지지세가 강한 광주·전라 지역에서는 이 지사가 31.1%, 이 전 대표가 26.9%를 차지했다.이들의 격차는 가깝게는 4·7 재·보선 결과에 따라 다시 한 차례 변화를 겪을 것으로 보인다. 격전지인 서울시장과 부산시장 선거 결과가 대선판까지 가를 수 있다는 분석이다. 민주당이 ‘2승’을 할 경우 이 지사와 이 위원장 등 여권 후보들의 역공이 시작될 수 있다. 다만 민주당이 2패를 한다면 현재의 격차가 더 벌어질 가능성과 함께 여권 진영의 대선 후보 지지 ‘재편’ 현상이 있을 수도 있다는 얘기가 나온다.이들 외에는 오세훈 전 서울시장이 1.3%포인트 상승한 4.5%로 지난달 6위에서 공동 4위로 올라섰다. 홍준표 무소속 의원은 2.1%포인트 하락해 4.5%를 기록했다. 안철수 국민의당 대표은 3.8%, 추미애 전 장관 2.5%, 유승민 전 의원 2.0%, 정세균 국무총리 1.7%, 심상정 전 정의당 대표 1.5%, 임종석 전 비서실장 1.5%, 원희룡 제주도지사 1.4%, 나경원 전 의원 1.1%, 박용진 민주당 의원은 0.7% 순이었다.이번 조사의 표본오차는 95% 신뢰수준에서 ±1.9%포인트다. 자세한 사항은 중앙선거여론조사심의위원회 홈페이지를 참조하면 된다.",중립
13,902,902,2021.03.22 11:10,윤석열 지지율 40% 육박···이재명·이낙연 2~3위 추격,경향신문,박홍두 기자 phd@kyunghyang.com,"윤석열 전 검찰총장이 차기 대선 후보 적합도 조사에서 40%에 육박하는 지지율을 기록했다는 여론조사 결과가 22일 나왔다. 더불어민주당 소속 이재명 경기지사와 이낙연 중앙선거대책위원장이 2~3위로 추격하고 있는 것으로 나타났다.한국사회여론연구소(KSOI)가 TBS 의뢰로 지난 19~20일 1007명 대상 대선 후보 적합도를 조사한 결과, 윤 전 총장이 39.1%로 1위를 기록했다.이는 지난 15일자 KSOI 조사(37.2%)보다 1.9%포인트 오른 것이다. 10% 중반에 머물던 윤 전 총장 지지율은 총장직 사퇴 이후 30%대로 수직 상승했다.이재명 경기지사는 2.5%포인트 내린 21.7%, 이낙연 민주당 선대위원장은 1.4%포인트 하락한 11.9%였다.이 밖에 홍준표 무소속 의원은 5.9%, 추미애 전 법무부 장관 2.7%, 유승민 전 의원 2.7%, 정세균 국무총리 1.9% 등이 뒤를 이었다.이번 여론조사의 표본오차는 95% 신뢰수준에 ±3.1%포인트다. 자세한 내용은 KSOI나 중앙선거여론조사심의위원회 홈페이지를 참조하면 된다.",중립
