,Unnamed: 0,date,title,reporter,content,press,분석결과
0,44,2021.03.24,이재명 “얼마 전 ‘大선배' 이해찬 만나 밥 먹었다”,노석조 기자,"이재명 경기도지사가 24일 “더불어민주당 이해찬 전 대표를 만나 식사를 하면서 이런 저런 대화를 나눴다”고 말했다.
이 지사는 이날 오전 11시 서울 여의도 한 센터에서 열린 토론회에서 ‘최근 한 달 사이 이해찬 전 대표를 만난 적이 있느냐'는 기자 질문에 이렇게 밝혔다.
이 지사는 ‘이해찬 전 대표가 최근 언론 인터뷰에서 이재명 지사 관련 질문을 여러 차례 받았는데 최근 식사라도 했느냐‘고 기자가 묻자 “허허, 이 전 대표님은 저의 민주당 대선배이시고 해서 최근 편하게 만나 이야기를 나눈 적이 있다”고 했다.
이 지사는 서울시장 선거 야권 단일화, 박원순 전 서울시장 성추행 문제 등과 관련한 질문도 받았지만 “도정을 책임지는 공직자로서 서울시장 선거와 관련해 말씀드리는 것은 또다시 법적 문제를 겪을 수 있기 때문에 언급하지 않겠다”고 했다.
최근 정치권에선 이해찬 전 대표가 내년 대선 주자로 이재명 지사를 측면 지원하는 것 아니냐는 말이 나왔다. 이 전 대표는 2018년 이 지사가 선거법 위반 혐의 등으로 재판에 넘겨져 일부 당원의 출당 요구가 이어질 때도 징계 결정을 유보했다. 이 지사 측과 이 전 대표 측은 모두 “특별한 교류가 있는 것은 아니다”라는 입장이다.
하지만 대선 경선이 본격화하면 여권의 ‘킹메이커’로 꼽히는 이 전 대표가 이 지사를 위해 역할을 할 수 있다는 관측도 나온다. 한 여권 관계자는 “이 전 대표는 정권 재창출을 위해서는 계파 차원의 호오(好惡)를 떠나 경쟁력 있는 인사를 키우고 보호해야 한다는 생각이 강하다”며 “이 지사에 대해서도 그런 차원에서 지켜보고 있을 것”이라고 했다.
이 전 대표는 최근 한 매체 인터뷰에서 “대선에서도 당 내 경선에선 나서지 않겠지만 당 후보가 결정되고 본선이 시작되면 역할을 할 것”이라고 말했다.
",조선일보,긍정
1,83,2021.04.28,정세균측 ‘이재명 형수욕설 공개說'에… “명백한 허위사실”,안준용 기자,"정세균 전 국무총리 측은 28일 정치권 일각에서 ‘정 총리 측이 이재명 경기지사를 공격하기 위해 이 지사의 욕설이 담긴 음성 파일 공개를 고려하고 있다’는 설(說)이 제기된 것과 관련, “명백한 허위사실”이라고 반박했다.
앞서 장성철 공감과논쟁 정책센터 소장은 지난 26일 라디오에서 “정세균 후보 측에선 ‘이번에 제대로 한 번 이재명과 각을 세우자’ ‘옛날에 형수한테 욕했던 거 육성으로 다 틀어버려서 그냥 흠집 내겠다’ 이런 식의 생각도 하고 있다고 건너건너 전해들었다”고 했다.
이에 정 전 총리 측은 이날 입장문을 내고 “장 소장의 발언 내용은 모두 허위사실이며, 장 소장과 정 전 총리 측 관계자가 어떤 방식으로도 소통한 사실이 없다”고 했다. 이어 “이 지사의 욕설에 대한 사실과 관련해 흠집을 내거나 공격할 어떠한 계획이나 준비가 없음을 명백하게 밝힌다”고 했다.
그러면서 “(라디오) 진행자 표창원과 제작진의 공식적인 사과와 정정보도를 요구하며, 허위사실을 유포한 장 소장은 진심 어린 사과와 반성, 프로그램 하차를 요구한다”고 했다.
이런 가운데 최근 대권 행보를 본격화한 정 전 총리는 28~29일 이틀간 호남을 찾는다. 28일 광주를 방문해 국립 5·18 묘역 참배 후 광주·전남을 두루 돌며 민생 현장을 방문할 예정이다.
29일엔 전남 화순에 있는 항암면역치료제 개발기업 박셀바이오를 방문하고 광주대에서 ‘포스트 코로나시대, 정치의 새로운 역할’이란 주제로 강연도 한다.",조선일보,긍정
2,98,2021.04.12,"윤석열 36.3%, 이재명 23.5%, 이낙연 12.3%… 차기 대선주자 선호도",김동하 기자,"차기 대선주자 여론조사에서 윤석열 전 검찰총장이 36.3%의 선호도로 이재명 경기지사(23.5%)에 오차 범위 밖에서 앞서는 것으로 12일 나타났다.
리얼미터가 JTBC 의뢰로 지난 10~11일 전국 18세 이상 1016명을 상대로 차기 대선주자 선호도를 조사한 결과다.
둘 사이 격차는 12.8%포인트로 오차범위(95% 신뢰수준에 ±3.1%포인트) 밖이다. 이낙연 전 더불어민주당 대표가 12.3%로 뒤를 이었다.
이어 안철수 국민의당 대표 5.1%, 무소속 홍준표 의원 4.9%, 추미애 전 법무장관 3.2%, 정세균 국무총리 2.9%, 유승민 전 국민의힘 의원 2.3%, 임종석 전 대통령 비서실장 1.5%, 김종인 전 국민의힘 비대위원장 0.6% 등이었다.
윤 전 총장은 연령대별로 60대 이상(47.6%), 50대(41.4%), 30대(34.3%) 등에서 높은 지지를 받았다. 40대에서는 이 지사의 지지율이 31.7%로 가장 높았다. 지역별로는 대구·경북(49%), 대전·세종·충청(44.6%), 서울(38.8%), 부산·울산·경남(38.7%) 등에서 윤 전 총장 지지도가 높았다. 광주·전남·전북에서는 이 전 대표(25.4%)가 가장 높은 지지율을 기록했다.
한편 가상 양자대결에서는 윤 전 총장이 47.4%로, 이 지사(36%)에 앞서는 것으로 조사됐다. 윤 전 총장은 이 전 대표와의 대결에서도 50.9%대 31.4%로 앞섰다.
윤 전 총장의 거취와 관련, 국민의힘에 입당해 출마해야 한다는 의견이 43.1%, 제3세력으로 출마해야 한다는 의견이 27.2%였다.
자세한 내용은 중앙선거여론조사심의위원회 홈페이지를 참조하면 된다.",조선일보,긍정
3,151,2021.04.26,"윤석열 31.2%, 이재명 24.1%…핵심 지지층서 동반하락",김형원 기자,"윤석열 전 검찰총장, 이재명 경기도지사가 차기 대선주자 적합도 조사에서 양강(兩强)구도를 형성한 것으로 26일 나타났다. 지난주 대비 두 사람의 지지율은 동반하락했지만 3위권과의 격차를 10%포인트 이상으로 유지했다.
한국사회여론연구소(KSOI)가 TBS 의뢰로 지난 23~24일 전국 성인남녀 1010명을 대상으로 한 ‘차기 대선후보 적합도’ 조사에서 윤 전 총장 지지율은 31.2%, 이 지사는 24.1%로 나타났다. 지난주 대비 윤 전 총장은 2.5%포인트, 이 지사는 3.0%포인트 나란히 하락했다.
주목할 것은 두 사람의 핵심 지지층 이반현상이다. 윤 전 총장은 20대에서 12.3%포인트, 대구·경북 6.2%포인트, 중도층 8.0%포인트 지지율이 하락했다. 이 지사도 40대에서 8.5%포인트, 여성 7.3%포인트, 진보층에서 13%포인트 지지율이 떨어졌다.
이어 이낙연 더불어민주당 전 대표 11.1%, 홍준표 무소속 의원 5.6%, 안철수 국민의당 대표 4.9%, 오세훈 서울시장 4.7%, 정세균 전 국무총리 4.0%, 추미애 전 법무부 장관과 유승민 전 의원이 각각 2.5% 등의 순이었다.
정당 지지도는 더불어민주당 30.9%, 국민의힘 29.1%였다. 민주당은 지난주 대비 1.9%포인트 오른 반면, 국민의힘은 4.9%포인트 떨어지면서 오차범위 내에서 선두가 바뀌었다. 뒤이어 국민의당 8.1%, 정의당 4.3%, 열린민주당 4.2% 순이었다.
이번 조사는 안심번호 무선 자동응답(100%)방식으로 이뤄졌다. 표본오차는 95% 신뢰수준에서 ±3.1%포인트로 응답률은 6.8%다. 자세한 사항은 중앙선거여론조사심의위원회와 한국사회여론연구소 홈페이지를 참조하면 된다.",조선일보,긍정
4,200,2021.04.11,"2007년 실패의 교훈, 이재명·친문 ‘전략결혼’ 성사되나",,"이른바 ‘대선 전초전’으로 불리던 4·7 재보궐선거 참패로 여당인 더불어민주당의 고민이 깊어지고 있다. 당이 지도부 사퇴와 함께 친문(親文)인 3선 도종환 의원을 비상대책위원장으로 추대해 비대위 체제를 가동하겠다는 방침을 밝혔지만, 이것으로 선거 패배 수습이 가능하겠냐는 시선 등에서다. 선거를 지휘했던 이낙연 상임선대위원장을 비롯한 친문 인사들의 책임론은 쉽게 불식되지 않고 있다. 심지어는 분당(分黨) 가능성까지 여기저기서 제기되는 분위기다. 대선을 1년 앞두고 여권에서 지지율 1위를 기록하고 있는 비문(非文) 차기주자 이재명 경기도지사와 친문 간의 봉합이 쉽지 않을 거란 판단에서 나오는 이야기들이다. 당초 이재명계 의원들은 비대위가 출범할 경우 오는 9월 초로 예정된 차기 대선후보 경선 계획이 순연될 가능성이 크다는 이유로 비대위 체제에 반대했던 것으로 알려진다. 당이 비대위를 5월 전당대회까지만 존속한다고 결정한 건 이런 이유 때문인 것으로 보인다.
현재 여당이 처한 상황은 대선을 1년 앞두고 치렀던 2006년 재보궐선거 당시를 떠올리게 한다는 지적이 많다. 그때도 집권 여당이었던 열린우리당은 재보궐선거에서 단 한 자리도 얻지 못했다. 국회의원 의석 총 6석 등을 두고 치러진 7·26, 10·25 재보궐선거 결과 4석은 한나라당, 2석은 민주당 몫이 됐다. 이 같은 기류는 1년 후 17대 대선까지 이어졌고, 결국 여당의 정동영 후보는 제1야당의 이명박 후보에게 역대 최대 득표율 차인 22.6%포인트로 패배했다.
이번 4·7 재보궐선거에서 참패한 여당의 진로를 두고 2006년 재보궐선거는 물론 17대 대선까지 떠올리는 이유는 무엇보다 집권 여당의 유력 대선후보가 처한 당내 정치적 여건이 그때나 지금이나 크게 다르지 않다는 점에 있다. 당시 정동영 후보의 패배는 노무현 정부의 부동산 정책 실패 등의 실정에서 비롯된 측면도 있지만, 그때 선거를 기억하는 정치권 인사들은 당 주류인 친노 세력의 지원을 받지 못한 데에서 그 원인을 찾기도 한다. 정 후보는 지금의 유력 대권주자인 이재명 지사처럼 비노(非盧)·비문 인사이다. 이재명 지사는 변호사 시절 2007년 대선을 앞두고 정동영 캠프에 몸담으면서 정치에 입문했다. 정동영계의 좌장으로 불리며 정 후보 캠프를 이끌었던 한 인사는 다음과 같이 회상했다.
“당시 정동영·이해찬·손학규 등 여권 후보 단일화부터 순탄치 않았다. 각 진영 간 갈등과 힐난이 거듭됐다. 결국 친노 표는 모두 이해찬 전 대표에게 쏠렸고 정 후보는 호남계와 친정동영계 표로 간신히 살아남을 수 있었다. 단일화 이후 정 후보 측과 친노와의 갈등은 표면화되진 않았지만 내부에선 ‘우리만 혼자 뛰는 거 아니냐’라는 생각이 들 때도 있었다. 친노에서 적극적으로 밀어줬다고 말하기는 쉽지 않았다.”
이재명이 보인 정동영의 한계
한마디로 2007년 대선을 앞두고 실시한 재보궐선거에서 참패한 여당은 이후 세를 결집해 재기를 노리기보다 더욱 분열하면서 실패를 자초했다는 이야기다. 지금의 여당이 선거 패배 후 고민에 빠질 수밖에 없는 이유이다. 당시 정동영 후보는 재보선 패배를 기점으로 노무현 대통령과 정치적 이견을 보였고 결국 열린우리당을 탈당, 대통합민주신당을 창당하기에 이르렀다. 그는 대선 준비과정에서도 친노 세력과 적지 않게 각을 세웠다. 정동영 캠프에서 ‘친노 세력의 정동영 죽이기를 규탄한다’라는 제목의 성명이 나올 정도였다. 대선을 앞두고 정 후보는 “응원을 얻고 싶다”는 입장을 표명했지만 당시 청와대로부터 별다른 지원을 받지 못했다. 그렇다면 이재명 지사 역시 2007년 여당 후보가 보였던 실패의 길을 답습할 것인지에 대한 질문이 남는다.
현재 이 지사는 지난해 7월 대법원으로부터 무죄 취지 판결을 받은 이후 다수의 지지율 여론조사에서 여권 차기주자 1위를 기록하고 있다. 지난 4월 8일 엠브레인퍼블릭·케이스탯리서치·코리아리서치·한국리서치가 발표한 차기 대권 적합도 조사에 따르면, 이 지사는 24%의 지지율로 1등을 기록했다. 그 뒤를 이은 건 윤석열 전 검찰총장(18%), 이낙연 전 대표(10%), 홍준표 의원(4%), 안철수 국민의당 대표(4%), 오세훈 서울시장(3%), 정세균 국무총리(2%) 등이다.
이 지사가 이런 지지율을 바탕으로 여권 대선후보 자리를 꿰찬 후 본선 경쟁력까지 갖추기 위해선 2007년 대선 때와 마찬가지로 친노·친문이란 장벽을 넘어서야 한다. 하지만 이 지사 역시 대표적인 비문계 인사다. 과거 정치 경력을 보면 친문과 갈등을 빚은 적도 적지 않다. 예컨대 2018년 경기도지사 당내 경선 당시엔 친문으로부터 “이재명 후보보다 자유한국당의 남경필 후보가 되는 것이 낫다”라는 비판을 받을 정도였다.
2007년 대선 당시 정동영 후보를 지원했던 한 정치권 인사는 이에 대해 다음과 같이 말한다. “예전처럼 쪼개져서 서로 격돌하면 무너질 수밖에 없다는 판단을 해야 한다. 그때나 지금이나 정권에 대한 민심이 떠난 건 매한가지다. 학습효과를 키울 필요가 있다. 적어도 경선을 마치고선 똘똘 뭉쳐야 한다.” 당시엔 레임덕으로 노무현 대통령 지지율이 10%대까지 떨어지면서 정동영 후보 또한 친노 측과 거리두기를 하려 했던 측면이 컸다는 것이 그의 설명이다. 하지만 지금의 문재인 대통령은 다르다. 이번 4·7 재보선 참패로 본격적인 레임덕에 빠질 것으로는 보이지만, 임기 말 지지율이 노무현 전 대통령만큼 추락할지는 더 지켜봐야 한다. 이재명 지사 쪽에서 지지율만 믿고 문 대통령과 친문 주류를 배제하면서 독주할 경우 당내 갈등이 걷잡을 수 없게 되며 더 큰 민심 이반을 불러올 우려가 크다.
친문들도 이재명?
이 지사 측에 다행인 건, 현재 친문 쪽에선 대선후보로 내세울 만한 인물을 찾지 못하고 있다는 점이다. 이낙연 전 대표의 경우 이번 선거 패배에 따른 책임론으로 차기주자로서의 정치적 입지가 확 줄어들 가능성이 크다. 범친문으로 분류되는 정세균 국무총리는 4월 안으로 사의를 표명하고 대선 출마 선언을 계획 중이지만, 그의 지지율은 여전히 2%대에 머무르고 있다. 제3후보군으로 임종석 전 비서실장이나 이인영 통일부 장관, 김두관 의원, 이광재 의원 등이 거론되고 있지만 대중적 인지도나 확장성 측면에서 아직 역부족이란 평이 우세하다. 앞서의 정치권 인사는 “친문 쪽에서 사람을 만들고 싶겠지만 인위적으로 하기는 어렵다”며 “본선에서 경쟁력이 있는 사람을 지원할 수밖에 없을 것”이라고 말했다.
최근 지지율 조사엔 이런 점이 반영되고도 있다. 리얼미터 차기 대선주자 선호도 조사에 따르면, 이 지사에 대한 여당 지지층의 지지율은 지난해까지만 해도 30%대에 머무르다 올해 40%를 뛰어넘었다. 구체적으로 당 지지층의 이 지사에 대한 지지율은 1월 41.7%, 2월 44.2%, 3월 48.7%로 꾸준한 상승세를 보이는 중이다. 반면 지난해까지 40%대를 기록하던 이낙연 전 대표에 대한 여당 지지층의 지지율은 20%대로 떨어졌다. 이 지사 등 비문 인사에 대한 당내 시선이 예전과는 다르다는 이야기다. 이렇다 할 후보를 찾지 못할 경우 친문도 결국 될 사람을 밀어주자는 쪽으로 의견이 모아질 가능성이 크다.
이 지사의 ‘친문 끌어안기’가 지속될 경우 이 같은 추이는 더 뚜렷해질 것으로 보인다. 이 지사는 올해 들어 문 대통령 신년사에 공감을 표하거나 ‘원팀’을 강조하는 등 친문에 다가서는 행보를 보이고 있다. 올 1월엔 호남을 방문하기까지 했다. 올 2월 탈당성이 불거졌을 때는 “‘사람이 먼저인, 사람 사는 대동세상’을 이루고 싶은 것이 제 꿈”이라며 “민주당이라는 든든한 울타리와 열정적인 우리 당원들 없이는 결코 이룰 수 없는 가치입니다”라고 밝히기도 했다.
관건은 향후 전당대회든 비대위 체제에서든 당의 진로 설정과 지도부 구성 과정에서 이 지사와 친문과의 원만한 조율과 합의가 가능할 것이냐는 점이다. 2007년의 교훈을 떠올리면 ‘단합하자’는 대의를 받아들일 수밖에 없지만 현실적인 노선, 자리 싸움이 벌어질 경우 언제든지 갈등은 불거질 수 있다.
이와 관련해 민주당 안팎에선 이번 보궐선거를 앞두고 등판한 이해찬 전 대표가 선거 참패 수습에 주요 역할을 할 거란 관측도 나온다. 특히 친문의 좌장 격인 이 전 대표와 이 지사 간 관계가 비교적 우호적이란 점에서다. 2018년 이 지사가 ‘친형 강제입원’ 사건으로 직권남용 및 공직선거법 위반 혐의 등으로 기소됐을 당시 이 전 대표가 당내 출당, 징계 요구를 직접 막아준 것이 둘의 관계를 설명하는 대표적 일례다. 당시 이 지사 징계에 대해 당 최고위원들의 찬반 의견이 4 대 4로 나뉘었을 때 이해찬 전 대표는 징계 유보를 주도했다. 이 전 대표는 “(이 지사가) 나한테 전화를 했다. 당원으로서 권리를 행사하지 않겠다 이런 말이 있어서, 이를 수용하는 것이 옳겠다고 (판단했다)”라고 밝힌 바 있다. 현재 이해찬 전 대표가 차기 당 대표 후보로 거론되는 비문계 우원식 의원의 후원회장을 자처하며 그의 외연확장을 돕고 있다는 점도 이 지사에겐 유리한 요인으로 해석된다.
민주당이 이해찬 전 대표를 당 주요직으로 다시 추대할 경우 이 지사에 대한 이 전 대표의 지원은 가시화될 가능성이 크다. 민주당의 한 의원은 “앞으로 당이 일대 혁신을 해야 할지, 누군가 책임을 져야 할지, 방향을 새로 설정해야 할지 등에 대한 논의가 시작될 거라 본다. 그 과정에서 대선 정국에 대한 당의 기조도 명확해질 것”이라고 말했다. 당의 수습 방향에 따라 이 지사를 대하는 당내 분위기도 달라질 거란 이야기다.
고진동 정치평론가는 “이 전 대표 입장에선 대권 흥행 성공을 위해 다른 카드를 열어놔야 하는 현실적인 이해관계도 작용할 것”이라며 “때문에 이 지사에 대한 지원 결정이 있어도 굳이 지금 구체적인 스탠스를 취하려 하진 않을 것”이라고 분석했다.
이해찬, 친문·이재명의 가교 될 수도
이재명계 의원들도 이 지사를 향한 당내 분위기가 이전과는 다르다는 점 등에서 친문과의 갈등보다는 단합에 무게를 싣는 분위기다. 친이재명계 좌장으로 불리는 정성호 의원은 주간조선과의 통화에서 이를 다음과 같이 설명했다. “보궐선거는 최근 정국에 대한 정권 심판이자 회고적 성격을 띠고, 대선은 대한민국을 누가 이끄는가에 대한 미래 관점에서 표심이 작용한다. 윤석열 전 검찰총장에 대한 검증이 본격화되면 그에 대한 지지가 빠져 이 지사에게로 옮겨갈 것이다. 이 지사 지지율은 더 올라갈 수밖에 없다.”
정 의원은 친문과의 관계 설정에 대해서는 “민심 위에 당심이 있고 당심 위에 친문이 있다. 친문, 비문 등으로 재단하는 건 외부 관점에 불과하다”며 “의원들 사이에서 이 지사를 비토하려는 조짐은 보지 못했다. 오히려 대세가 형성되는 분위기”라고 덧붙였다.
실제 민주당 내에선 기존 친이재명계(정성호·김병호·김영진·임종성) 외에도 민형배·이규민·김남국·문진석 등 초선 의원들까지 이 지사 지원에 나서고 있다. 특히 호남 출신 민형배 의원은 지난 1월 언론 인터뷰에서 “시대에 부합하는 사람, 시대적 과제를 잘 풀어나가는 사람이 대통령으로 당선되도록 해야 할 것”이라며 “(이낙연·이재명) 두 분만 놓고 판단하자면 사회를 올바른 방향으로 이끌고 가는 이 지사의 행보는 나쁘지 않다고 본다”라고 공개 지원 의사를 밝히기도 했다. 지난 1월 이 지사가 개최한 경기도 기본주택 토론회엔 20여명의 여당 의원이 몰려들기도 했다. 그의 역점 과제인 기본정책 시리즈 중 하나인 기본주택 관련 법안은 이규민 의원 등이 대표발의해 지원하는 중이다.
정치권 안팎에선 이 지사가 앞으로 혁신의 모습을 어떻게 보여주느냐도 중요하다는 지적이 나온다. 윤태곤 더모아 정치분석실장은 “친문의 이재명 지지 여부는 부차적인 문제이다. 이 지사가 얼마나 변화한 모습을 보이고 대중과 어떻게 호흡하느냐가 더 중요하다. 친문의 표심도 그런 인물에게 향할 것”이라고 전망했다. 새누리당(국민의힘 전신)이 2011년 서울시장 보궐선거 패배 이후 ‘경제민주화’ 의제 등을 앞세우면서 비주류인 박근혜 당시 후보를 통해 이듬해 대선 승리를 거머쥔 사례를 들여다봐야 한다는 것이 그의 분석이다.
국민의힘의 한 관계자도 “이번 보궐선거 패배로 여당 또한 내년 본선에선 정권 교체, 정권 재창출의 이미지를 갈구할 것인데, 이런 관점에서 문 대통령과 비슷한 스타일의 정치인보다는 새 유형의 정치인이 더 유리할 것”이라고 말했다.
▷더 많은 기사는 주간조선에서 볼 수 있습니다.",조선일보,중립
5,202,2021.04.20,이재명 “강성親文 문자폭탄? 번호 1000개 차단하면 된다”,오경묵 기자,"더불어민주당 이재명 경기지사는 이른바 ‘강성 당원들’의 문자폭탄에 대해 “방식이 폭력적이거나 상례를 벗어난다면 옳지 않다”고 했다.
이 지사는 20일 서울 여의도의 한 호텔에서 열린 청소·경비 노동자 휴게시설 개선 토론회에 참석한 뒤 기자들과 만나 더불어민주당 내 강성 당원 논란에 대해 이같이 말했다.
이 지사는 “정치 세계에는 다양한 의견들이 있고, 입장이 서로 다를 수 있다”며 “의견 표현 방식이 폭력적이거나 상례를 벗어난다면 옳지 않다”고 했다.
그는 “그렇다고 해도 그 자체를 하지 말라고 하진 않을 거고, 한다고 해도 거기에 크게 비중을 두지 않고 크게 영향받지 않는다면 문제 없다”고 했다.
이 지사는 “민주당 권리당원이 80만명, 일반당원이 수백만명에 달한다고 하는데, (강성 당원이) 그 중 몇 명이나 되겠느냐”며 “(강성 당원이) 과잉 대표되는 측면이 있고, 과잉 반응하는 측면이 있는데, 으레 있는 일상이라고 생각한다”고 했다.
그러면서 “신경 안 쓰면 아무 것도 아니다”라며 “제가 겪어본 바로는 (연락처) 1000개 정도 차단하면 아무 것도 안 온다더라”고도 했다.
이 지사의 이런 발언에 대해 진중권 전 동양대 교수는 “팽(烹)당한 대깨문들”이라며 “김어준이라는 교주가 살아있는 한 신도들은 사라지지 않는다”고 비꼬았다.",조선일보,중립
6,259,2021.03.30,"유승민 “기본소득 이재명, 민주당과 허경영의 중간, 악성 포퓰리스트”",이세영 기자,"유승민 국민의힘 서울시장 공동선대위원장은 30일 기본소득 정책을 강조하는 이재명 경기지사를 향해 “악성 포퓰리스트”라고 했다.
유 위원장은 이날 CBS 라디오 ‘김현정의 뉴스쇼’에 출연해 “이 지사 정책의 위치는 더불어민주당과 허경영씨가 이끄는 국가혁명당의 중간쯤 된다”며 “(그렇기 때문에) 이 지사를 악성 포퓰리즘, 악성 포퓰리스트로 본다”고 밝혔다. 국가혁명당 허경영 서울시장 후보는 재산세·자동차세 폐지, 연애수당·결혼수당 지급 등 공약을 내놨다.
유 위원장은 “이 지사가 이야기하는 기본소득은 기존 사회복지정책을 그대로 두고 거기에다가 월 100만원이 됐든, 50만원이 됐든 올려주겠다는 것”이라며 “(기본소득으로) 한 달에 50만원씩 주면 1년에 600만원(이 필요하다). 5000만 명 인구로 계산하면 1년에 300조원이 든다”고 했다.
이어 “300조원은 지금 복지 예산 전체를 합친 것보다 많다”며 “(기본소득 예산을) 복지 (예산)에 더하면 총예산이 한 500조~600조원으로 (복지 예산에만) 국가 예산 전체에 해당하는 돈이 투입된다”고 했다.
유 위원장은 “이 지사 말 중 이율배반적이라고 느끼는 것은 늘 ‘공정과 서민을 위한 정치’라고 하는데 이 지사의 기본소득이 공정과 서민에게 가장 피해를 준다”고 했다. 그는 “모든 국민한테 똑같이 주기 때문에 재산도 많고 소득도 많은 분들도 똑같이 받는다”며 “(다 똑같이 나눠주기보다) 정말 어려운 분들, 소득 하위 20%나 40%에 해당하는 분들, 자영업자나 소상공인들(에게 더 많이 줘야 한다)”고 했다.
그러면서 “저는 이 지사와는 정책적으로 완전히 반대편”이라며 “대선 때까지 어떤 것이 정말 공익이나 공공성에 맞는 그런 정책이냐를 두고 치열하게 토론했으면 한다”고 했다.
",조선일보,중립
7,294,2021.04.08,"[강인선·배성규의 모닝라이브] 與 폭망 野 부활, 이젠 윤석열·이재명 대결",강인선 부국장,"조선일보의 데일리 팟캐스트 ‘강인선·배성규의 모닝라이브’가 8일 서울·부산시장 보궐선거 결과와 향후 정국 및 대선 전망에 대해 얘기를 나눕니다.
서울에서 국민의힘 오세훈 후보가 민주당 박영선 후보를 큰 차이로 꺾고 승리한 이유는 문재인 정부의 부동산 정책 실패와 내로남불, 오만 때문이었다는 분석입니다. 박 후보가 제기한 오 후보의 처가 땅 의혹과 생태탕, 페라가모 논란은 결과적으로 표심에 거의 영향을 미치지 못했습니다. 서울·부산에서 민심의 대변화가 앞으로 대선 판도에도 큰 영향을 미칠 것입니다.
여당이 이번 선거에서 폭망하면서 문재인 대통령의 레임덕이 급격하게 진행될 것이란 전망입니다. 여권 내부에선 기존 정책을 그대로 밀고 나갈 것이냐, 정책 대전환을 할 것이냐를 놓고 노선 갈등이 격화될 가능성이 큽니다. 이 과정에서 여권 대선 지지율 1위인 이재명 경기지사를 중심으로 여권이 재편될 것이란 전망을 내놓습니다. 이 지사 지지파와 친문 간의 갈등이 본격화할 것이란 얘기입니다.
5년 만의 선거 승리로 부활한 야권은 오랜만에 활기를 되찾았습니다. 전국 제1·2 도시의 시장 자리를 되찾아 온 만큼 승리의 기운을 대선까지 이어가려 할 것입니다. 우선 다음 대선을 치를 당대표를 놓고 경쟁이 벌어질 것입니다. 김종인 비대위원장이 실제 물러날 지, 물러나면 어떤 역할을 할 지도 관심사입니다. 안철수 대표의 국민의당과 국민의힘 간 통합도 진행될 것입니다.
가장 큰 관심은 대선주자 지지율 1위인 윤석열 전 검찰총장이 어떻게 움직일 것이냐 입니다. 이르면 5월, 늦어도 6월에는 정치 참여 선언을 하고 대선주자로서 활동을 시작할 것이라 전망됩니다. 윤 전 총장이 국민의힘으로 들어올 지, 당분간 제3지대에 머물 지는 지켜봐야 할 것입니다. 결국 향후 정국은 윤석열과 이재명 두 사람의 대선 경쟁을 중심으로 돌아갈 것이라고 전망합니다.",조선일보,중립
8,304,2021.03.23,이재명 팬클럽 ‘그래도 이재명’ 출범… “100만명 목표”,안준용 기자,"여권(與圈) 유력 대선주자인 이재명 경기지사를 응원하는 팬클럽 ‘그래도 이재명’이 대표 발기인 1222명 등 약 3000명 규모로 출범한다.
‘그래도 이재명 팬클럽 준비위원회’는 23일 성명을 내고 이같이 밝히며 “공정한 세상과 새로운 대한민국을 열어가기 위해 결단력 있고 강한 지도자 이재명과 함께 열정을 다할 것”이라고 했다.
준비위에 따르면 ‘그래도 이재명’에는 사회단체, 교육계, 문화예술계, 언론계, 체육계, 실업계, 직능단체 등에서 1222명이 대표 발기인으로 참여한다. 23일 현재 발기회원은 2920여명이라고 한다. 준비위는 “이동섭 사랑의 연탄나눔 운동본부 이사장, 최창의 행복한 미래교육포럼 대표, 윤봉구 전 한국연극협회이사장, 백인철 전 프로 복싱 세계챔피언, 우성용 전 축구 국가대표 등이 발기인으로 참여한다”고 했다.
준비위 측은 “4년 전 대선후보 경선을 계기로 그동안 전국에서 만들어진 이재명 지지 클럽은 수백여개로 추정되는데 각계를 망라한 온·오프라인 매머드급 팬클럽이 등장한 것은 이번이 처음”이라며 “대표 발기인 수를 1222명으로 정한 것은 이 지사의 생일이 12월 22일이기 때문”이라고 했다. 그러면서 “이달 중 모든 조직을 갖추고 본격적인 활동을 전개할 계획이라고 했다.
준비위에서 활동해온 김영배 한국서비스산업진흥원 이사장은 “‘그래도 이재명'이 있기에 새로운 시대를 꿈꿀 수 있어 행복하다”며 “앞으로 회원을 100만명까지 늘릴 것”이라고 했다. 준비위 측은 “이재명은 희망”이라며 “강한 지도자 이재명과 함께 우리는 열정을 다해 그 뜻이 이루어질 때까지 함께 할 것”이라고 했다.
이 지사 팬클럽의 상징 로고는 ‘검은 호랑이(黑虎·흑호)’라고 한다. 준비위 측은 “2022년 임인(壬寅)년은 흑호해”라며 “‘그래도 이재명’의 팬클럽 구성원들을 나타내며 영웅 ‘이재명’의 수호신을 상징한다. 범 내려온다! ‘이재명’이 내려온다, 공정한 세상, 새로운 대한민국이 열린다”고 했다.",조선일보,중립
9,314,2021.04.25,홍준표 “조폭·양아치 리더십 미화 안돼”... 윤석열·이재명 겨냥?,김동하 기자,"무소속 홍준표 의원이 24일 “조폭 리더십이 형님 리더십으로 미화되고 양아치 리더십이 사이다 리더십으로 둔갑하는 나라가 되어서는 안 된다”고 했다.
홍 의원은 이날 페이스북에 “평상심이 지배하고 상식이 변칙을 누르는 정상사회로 돌아가야 한다”며 이같이 밝혔다.
홍 의원은 ‘조폭 리더십’ ‘사이다 리더십’이 누구를 지칭하는지는 언급하지 않았다. 그러나 정치권에선 “같은 대선 후보로 분류되는 윤석열 전 검찰총장과 이재명 경기지사를 겨냥한 것 아니냐”는 말이 나왔다. 홍 의원이 최근 검찰에 대해선 “조폭 같은 의리로 뭉쳐 국민 위에 ‘영감’으로 군림했다”고 했고, 이 지사에 대해선 “양아치 같은 행동으로 주목을 끈다”고 했기 때문이다.
홍 의원은 “응답률 5%도 안 되는 여론조사가 활개치는 나라가 되어서도 안 된다”며 여론조사와 언론에 대한 불만도 표시했다. 윤 전 총장과 이 지사는 최근 각종 여론조사에서 선두권을 형성하고 있다.
홍 의원은 “B급 언론이 각광을 받고 페이크뉴스(가짜뉴스)가 난무하고 정도를 가는 언론이 오히려 외면받는 세상이 되면 한국사회는 B급 사회가 되고 거짓과 선동이 난무하는 혼돈의 세상이 된다”고 했다.",조선일보,중립
10,401,2021.04.26,이재명 ‘재산비례벌금제 설전’ 윤희숙에 “국어 독해력부터 갖추라”,이기우 기자,"더불어민주당 유력 대선 주자인 이재명 경기 지사가 재산비례 벌금제'를 두고 국민의힘 윤희숙 의원과 연일 설전을 벌이고 있다. 앞서 이 지사가 법의 날인 25일 독일과 핀란드를 예로 들며 재산에 따라 벌금 액수를 다르게 매기는 ‘재산비례 벌금제’를 도입하자고 제안하자 윤 의원이 “핀란드는 소득에 따라 벌금에 차등을 두는데 왜 이 지사가 굳이 거짓을 말하는지 이상하다”고 비판했다. 그러자 이 지사는 “재산비례벌금제는 ‘벌금을 소득과 재산 등 경제력에 따라 차등 두는 것’”이라며 “(윤 의원이) 글 내용을 제대로 파악 못한 것이 분명하니 국어 독해력부터 갖추라”고 반격했다.
이 지사는 25일 자신의 페이스북에 올린 ‘형벌의 실질적 공정성을 위한 재산비례 벌금제’라는 글에서 “현행법상 세금과 연금, 보험 등은 재산과 소득 수준에 따라 다르게 내고 있지만, 벌금형은 총액벌금제를 채택하고 있어 개인의 형편과 상관없이 획일적으로 부과하고 있다”며 “같은 죄를 지어 벌금형에 처해도 부자는 부담이 크지 않아 형벌의 효과가 떨어지고 빈자에게는 더 가혹할 수밖에 없다”고 했다.
그는 이어 “근본적으로 실질적인 공정성을 확보하기 위해서는 ‘재산비례 벌금제’를 도입해야 한다”며 “핀란드는 100년 전인 1921년, 비교적 늦었다는 독일도 1975년에 이 제도를 도입했다”고 했다.
이에 대해 윤 의원은 페이스북 글을 통해 “이 지사의 주장은 찬반을 떠나 검토해볼 수 있는 주장”이라면서도, “핀란드의 벌금은 재산이 아니라 소득에 따라 부과되는데 왜 이 지사는 소득이 아니라 ‘재산비례벌금제’를 주장하느냐”고 했다.
그러면서 “핀란드에서는 2015년 과속을 한 고소득 기업인에게 5만 4000유로 (약 7000만원)의 벌금이 매겨져 화제가 된 바 있는데, 이런 벌금차등제는 ‘소득’에 따라 차등한다”며 “벌금은 결국 소득으로 내야 하니 당연한 일”이라고 했다.
윤 의원은 “이상한 점은 이 지사가 핀란드나 독일을 예로 들면서, 이들 나라가 ‘재산비례벌금제’를 시행하고 있다며 굳이 거짓을 말하며 ‘재산비례벌금제’를 주장했다는 점”이라며 “경기 지사쯤 되시는 분이 ‘소득’과 ‘재산’을 구별하지 못한다고는 도저히 생각할 수 없는 만큼 그 의도가 무엇인지 궁금하다”고 했다.
윤 의원은 “재산이 많은 사람들을 벌하고 싶은 것이 의도일지라도, 최소한 근거와 논리를 가져와야 할 일”이라고 했다.
그러자 이 지사는 페이스북을 통해 윤 의원의 글을 재반박하며 “국민의힘은 소속 의원에게 한글 독해를 좀 가르치라”고 했다. 그는 “(내가 제안한) 재산비례벌금제란 ‘벌칙의 실질적 형평성과 실효성을 위해 벌금을 소득과 재산 등 경제력에 따라 차등 두는 것을 말하고, 서구 선진국들은 오래 전에 도입했다”고 했다.
이 지사는 “재산비례벌금제는 벌금의 소득과 재산 등 경제력 비례가 핵심개념이고, 저는 재산비례벌금제를 ‘재산에만 비례해야 한다’고 하지 않았다”며 “오히려 소득과 재산에 비례해야 함을 간접적으로 밝혔다”고 했다. 앞서 작성한 글에서 ‘세금 등은 재산과 소득 수준에 따라 다르게 낸다’는 구절이 소득 역시 고려해야 한다는 취지를 담고 있다는 것이다.
이 지사는 “윤 의원이 재산비례벌금제와 제가 쓴 글의 내용을 알면서도 왜곡해 비난할 만큼 악의는 없었을 것으로 믿는다”며 “결국 재산비례벌금제의 의미와 글 내용을 제대로 파악 못한 것이 분명하니 비난에 앞서 국어 독해력부터 갖추길 권한다”고 했다.
그는 “국민의힘 국회의원들이 사실왜곡과 억지주장으로 정치판을 흐리는 게 한두 번이 아니다”며 “국민의힘은 소속 의원들의 언어능력과 비판의 품격을 갖추는데 좀 더 신경 쓰시기 바란다”고 했다.",조선일보,중립
11,421,2021.04.20,이재명도 종부세 완화 거론… “2주택이라도 실거주용이면 보호해야”,이슬비 기자,"여권 유력 대권 주자로 꼽히는 이재명 경기지사는 20일 “실거주용 1주택 또는 2주택에 대해선 생필품에 준하는 보호를 해야 한다”고 했다. 투기 목적이 아닌 2주택자는 과도하게 규제할 필요가 없다는 얘기다. 이 지사는 이날 서울 여의도 한 호텔에서 열린 ‘청소·경비 노동자 휴게시설 개선 토론회’에 참석한 뒤 기자들과 만나 “주택 정책의 핵심은 실거주용이냐, 투기 수단이냐에 따라 구분하는 것”이라며 이같이 말했다.
이 지사는 실거주에 한해서는 재산세 및 종합부동산세 완화도 검토할 수 있다고 했다. 이 지사는 당내에서 나오는 종부세 완화에 대해 “실거주용에 대해서는 보호장치를 확대하고 비주거용 투자 자산에 관해서는 부담을 늘리는 방식으로 사회적 합의를 충분히 할 수 있다”고 했다.
이 지사는 “거주 여부에 관여하지 않고 1가구 1주택을 보호하다 보니 지방에 사는 사람들조차도 전세를 끼고 강남에 갭 투자를 하는데 이것은 옳지 않다”면서 “수도권 사는 사람이 별장을 만들어서 주말에 이용한다면 이건 2주택이라고 해서 제재할 필요는 없는 것”이라고 했다.
이 지사는 그러면서도 부동산 투기를 잡겠다는 의지를 내비쳤다. 그는 “부동산 불로소득이야말로 대한민국을 망치는 망국적 병폐”라며 “불로소득이 불가능할 정도의 강력한 환수 장치를 만들어야 한다”고 했다. 그는 “오롯이 임대를 목적으로 하는 임대 사업자에 대한 취득세, 양도소득세, 보유세, 임대소득세 등 특혜를 주는 것은 도저히 납득할 수 없다”고 했다.",조선일보,중립
12,437,2021.04.25,"이재명 “핀란드, 재산비례 벌금제” 윤희숙 “거긴 소득비례제”",강영수 기자,"이재명 경기 지사가 25일 법의 날을 맞아 독일과 핀란드를 예로 들며 범인의 재산에 따라 벌금 액수를 다르게 매기는 ‘재산비례 벌금제’를 도입하자고 했다. 이에 대해 국민의힘 윤희숙 의원은 “검토해볼 수 있는 주장”이라면서도 “핀란드는 소득에 따라 벌금에 차등을 두는데 왜 이 지사가 굳이 거짓을 말하는지 이상하다”고 했다.

이 지사는 이날 소셜미디어에 올린 ‘형벌의 실질적 공정성을 위한 재산비례 벌금제’라는 글에서 “법 앞에는 만인이 평등해야 하고, 억울한 사람이 없도록 공정하게 집행돼야 한다”며 “그러나 과연 현실에서도 법 앞에 만인이 실질적으로 평등한가 생각해보면 꼭 그렇지는 않다. 특히, 벌금형이 그렇다”고 했다.
이 지사는 “현행법상 세금과 연금, 보험 등은 재산과 소득 수준에 따라 다르게 내고 있지만, 벌금형은 총액벌금제를 채택하고 있어 개인의 형편과 상관없이 획일적으로 부과하고 있다”며 “같은 죄를 지어 벌금형에 처해도 부자는 부담이 크지 않아 형벌의 효과가 떨어지고 빈자에게는 더 가혹할 수밖에 없다. 죄질이 나빠서가 아니라 벌금 낼 돈이 없어서 교도소까지 가는 상황도 생기고 있다”고 했다.
그는 이어 “근본적으로 실질적인 공정성을 확보하기 위해서는 ‘재산비례 벌금제’를 도입해야 한다”며 “핀란드는 100년 전인 1921년, 비교적 늦었다는 독일도 1975년에 이 제도를 도입했다. 한국형사정책연구원 조사에 따르면 일반인 76.5%가 ‘재산비례 벌금제’ 도입을 찬성할 정도로 우리나라도 사회적 공감대가 높다”고 했다.
이 지사는 “현재 (더불어민주당) 소병철 의원을 중심으로 형법 개정안이 발의된 상태”라며 “형벌의 공정성이 지켜지려면 하루속히 개정이 이루어져야 한다”고 말했다.
이에 대해 윤희숙 의원은 “형편에 따라 벌금액을 조정하자는 이 지사가 왜 거짓을 섞는지 의문”이라고 했다.
윤 의원은 이날 페이스북을 통해 “같은 벌금이라도 경제적 형편이 어려운 사람들에겐 더 큰 고통을 주니, 형편에 따라 벌금액을 차등하자는 이 지사의 주장은 찬반을 떠나, 검토해볼 수 있는 주장”이라며 “그 취지에 사회적 공감대가 이루어질지, 경제력 파악이 용이해 실행 가능한지 등에 따라 판단이 달라질 것”이라고 했다.
그러면서 “핀란드에서는 2015년 과속을 한 고소득 기업인에게 5만 4000유로 (약 7000만원)의 벌금이 매겨져 화제가 된 바 있는데, 이런 벌금차등제는 ‘소득’에 따라 차등한다”며 “벌금은 결국 소득으로 내야 하니 당연한 일”이라고 했다. 윤 의원은 “만약 재산을 기준으로 벌금액을 정한다면, 집 한 채 달랑 갖고 있고 소득이 없는 은퇴 고령자가 벌금을 내기 위해 집을 팔아야 할 수도 있으니 애초 안될 말”이라고 했다.
윤 의원은 “이상한 점은 이 지사가 핀란드나 독일을 예로 들면서, 이들 나라가 ‘재산비례벌금제’를 시행하고 있다며 굳이 거짓을 말하며 ‘재산비례벌금제’를 주장했다는 점”이라며 “경기 지사쯤 되시는 분이 ‘소득’과 ‘재산’을 구별하지 못한다고는 도저히 생각할 수 없는 만큼 그 의도가 무엇인지 궁금하다”고 했다.
윤 의원은 “재산이 많은 사람들을 벌하고 싶은 것이 의도일지라도, 최소한 근거와 논리를 가져와야 할 일”이라고 했다.
‘재산비례 벌금제’는 조국 전 법무부 장관이 장관 후보자 시절 공약으로 내걸어 논란을 빚은 바 있다. 조 전 장관은 지난 2019년 8월 국회 인사청문회를 준비하면서 “피고인의 경제적 사정과 관계없이 적용되는 현행 ‘총액 벌금제’를 ‘재산비례 벌금제’로 바꿔 형벌의 실질적 평등을 달성하겠다”는 공약을 내걸었다. 조 전 장관 취임 이후 당정 협의에서도 논의됐다.
하지만 이를 두고 같은 범죄 행위에 대해 범인의 재산 수준에 따라 벌금을 달리 매기는 것은 헌법상 평등권을 침해할 소지가 있다는 지적이 나왔다. 또한 벌금액 산정을 위해 소득이나 재산을 정확히 파악하는 것이 현실적으로 쉽지 않다는 점도 문제로 지적됐다.",조선일보,중립
13,510,2021.04.24,"이재명 “국민의힘, 선거 끝나자마자 수구 복귀”",원선우 기자,"이재명 경기도지사는 24일 “국민의힘은 선거 때만 중도 행세를 하고 선거 끝나기 무섭게 수구로 복귀하려나 보다”고 했다.
이 지사는 이날 자신의 페이스북에 “국민의힘 주호영 당대표 권한대행 겸 원내대표가 저와 관련된 재판에 대한 거짓 선동과 4·15총선 불복론까지 내비쳤다”고 주장하며 이같이 밝혔다.
이 지사는 그러면서 주 권한대행이 전날 서울 서초구 대법원 앞에서 열린 ’김명수 대법원장 사퇴 촉구 공동선언’ 행사에 참석한 사실을 거론했다.
이 자리에서 주 권한대행은 대법원이 지난해 7월 이 지사 공직선거법 위반 혐의 상고심 선고에서 무죄 취지 판결을 내린 사실을 언급했다. 당시 대법원은 이 지사가 상대 후보 질문에 소극적으로 답하는 과정에서 나오는 발언까지 처벌할 경우 지나친 사법권 개입이라고 판단했다. 이와 관련, 주 권한대행은 “여러분들은 소극적 거짓말이 괜찮다는 판례를 들어본 적이 있는가”라고 비판했다.
이 지사는 “제가 ’소극적 거짓말’을 했다고 하셨는데 이야말로 ‘명백한 거짓말’이라며 “판결문 그 어디에도 소극적이든 적극적이든 ‘이재명이 거짓말했다’고 판시한 부분이 없는데, 주 권한대행은 ‘소극적 거짓말은 괜찮다'는 말이 판결문 어디에 있는지 밝혀주기 바란다”고 했다.
주 권한대행이 이른바 ’4·15 총선 부정선거’ 의혹과 관련 “130여건이 넘는 선거 재판을 1년째 한 건도 결론 내리지 않고 뭉개고 있다”며 대법원을 비판한 데 대해서도 이 지사는 반박했다. 이 지사는 “사법농단 사례로 ‘4·15 총선 부정선거’ 재판을 거론한 대목에서는 경악을 금할 수 없다”며 “4·15총선 부정선거 의혹은 국민의힘의 다른 의원들조차 손사래 치며 진작 에 ‘손절’한 가짜뉴스”라고 했다. 이 지사는 “당 대표 선거운동 중이라 표가 다급하신 모양인데 모쪼록 불량식품은 피하시기 바란다”고도 했다.
이 지사는 “선거가 끝나자 수구로 복귀하는 제1야당은 우리 민주당의 건설적 성찰을 막는다”며 “이번 선거를 통해 ‘상대보다는 우리가 낫다’는 주장만으로는 국민의 신뢰와 지지를 얻을 수 없음이 드러난 만큼, 수구로 향하는 국민의힘이 우리 당의 겸허한 성찰에 영향을 미치지 않기 바랄 뿐”이라고 했다.
이어 “제1야당을 존중하고 타협의 파트너로 함께해야 하는 것은 민주 정치의 기본이겠지만 이런 소모적 논쟁은 국민의 뜻이 아닐 것”이라며 “코로나로 하루하루 절박한 국민들 앞에 부끄럽지 않은 정치가 됐으면 한다”고 했다.
",조선일보,중립
14,537,2021.04.08,윤석열 지지율 뚝 떨어졌다... 이재명 24% 윤석열 18%,이세영 기자,"이재명 경기지사가 차기 대통령 후보 적합도에서 윤석열 전 검찰총장을 오차범위 내에서 앞서고 있다는 여론조사 결과가 8일 나왔다.
엠브레인퍼블릭·케이스탯리서치·코리아리서치·한국리서치가 지난 5∼7일 전국 유권자 1004명에게 ‘차기 대통령감으로 누가 가장 적합한가’를 조사한 결과 이 지사는 24%의 지지율을 기록했다.
이 지사가 전주와 동일한 지지율을 보인 반면 윤 전 총장은 7%포인트 하락한 18%의 지지를 받아 오차범위(±3.1%포인트) 내 2위로 밀려났다.
이어 이낙연 전 더불어민주당 대표가 4주 연속 10%의 지지를 받아 3위였다. 민주당 지지층에선 43%가 이 지사를 지지했고, 23%가 이 전 대표를 뽑았다. 윤 전 총장은 국민의힘 지지층에서 49%의 지지를 받았다.
이 지사가 연령대별로는 10~50대, 지역별로는 대구·경북(TK)을 제외한 전 지역, 이념성향별로는 진보·중도 층에서 윤 전 총장보다 높은 지지를 받았다.
자세한 내용은 중앙선거여론조사심의위원회 홈페이지를 참조하면 된다.",조선일보,중립
15,569,2021.04.13,"이재명, 與당권주자들 만나 “실용적인 민생개혁 해야”",주희연 기자,"이재명 경기도지사가 13일 더불어민주당 당대표 선거에 출마하는 후보들과 잇달아 만나 ‘민생 개혁’을 강조했다. 4·7 재·보궐선거 참패를 수습하는 과정에서 당내 강경파를 중심으로 기존의 검찰개혁·언론개혁을 더 강하게 추진해야한다는 목소리가 나오지만, 이보다는 실용적인 민생개혁에 초점을 맞춰야 한다는 취지로 해석됐다.
이 지사는 이날 경기도청에서 민주당 당대표 선거에 나선 우원식·홍영표 의원을 차례로 만났다. 이 지사는 먼저 우 의원과 만나 “우리 국민들의 삶이 현실에서 조금이라도 개선될 수 있도록 실용적인 민생 개혁에 더 신경 써야 할 것 같다”고 했다. 이어 “엄청난 정책을 통해 일거에 큰 성과를 내기는 어렵기 때문에 작은 개혁 성과를 여러 곳에서 동시에 많이 만들어서 정말 좁쌀 모으듯이 모아야 한다”고 했다. 이 지사는 홍영표 의원과 만나서도 “민생 개혁에 실용적으로 접근해서 작은 성과를 많이 내면 우리한테 큰 기회가 다시 주어지지 않을까 생각한다”고 했다.
이 지사는 “당이란 어쨌든 국민 속에 있는 것이고, 국민의 뜻이 곧 당의 뜻이 돼야한다”며 “앞으로 국민 뜻에 좀 더 중점 두고 맞춰 가면 다시 또 기회를 주실 것이라 생각한다”고 했다. 최근 ‘조국 사태’에 반성하는 취지의 입장을 낸 초선 의원들을 향해 강성 친문(親文) 당원들의 집단 공격이 벌어지면서 당 일각에선 ‘당심과 민심의 괴리가 크다’는 말이 나오고 있다. 이런 상황에서 이 지사가 강성 지지층의 목소리가 당에서 과대 대표되는 경향을 우려한 것이라는 해석도 나왔다. 이 지사는 “당이 새롭게 거듭나야 한다”며 “기본적으로 당이 정말 국민을 두려워 해야한다고 생각한다”고 했다.
이번 회동은 당 대표 경선에 출마하는 우·홍 의원이 경기도의회 민주당 의원총회에 참석하는 일정 중에 경기도청으로 이 지사를 찾아와 접견하는 형식으로 이뤄졌다. 송영길 의원은 지역 일정으로 참석하지 않았다.",조선일보,중립
16,622,2021.03.28,이재명 “민심 심상치 않다...국민 신뢰 흔들리고있다”,김승현 기자,"이재명 경기지사가 28일 “우리가 가야 할 길은 뿌리 깊은 기득권 체제를 송두리째 바꾸는 거침없는 개혁의 길뿐”이라고 말했다.
이 지사는 이날 페이스북에 ‘어려울수록 기본으로, 김근태 정신으로’라는 제목의 글에서 “최근 국민들 마음이 심상치 않다. 개혁 성공의 동력이라고 할 수 있는 ‘국민 신뢰’가 흔들리고 있다”며 이같이 썼다.
앞서 한국갤럽이 지난 23~25일 전국 18세 이상 1001명을 대상으로 실시한 여론조사(오차 범위는 95% 신뢰 수준에 ±3.1%포인트, 자세한 사항은 중앙선거여론조사심의위원회 참조)에 따르면, 문재인 대통령의 국정 지지율은 34%로 취임 이후 최저치를 기록했다. 정당 지지율은 민주당 32%, 국민의힘 29%로 나타나면서 여야(與野) 지지율 차이도 2016년 탄핵 정국 이후 가장 좁혀진 것으로 나타났다.
이 지사는 “지난주 인재근 (더불어민주당) 의원 사무실에서 (남편인) 고(故) 김근태 (전 열린우리당) 의장께 인사드렸다”며 “‘정직하고 성실한 99%의 사람들이 무시당하지 않는 사회를 만드는 것이 내가 가야 할 길'이라는 김근태 의장의 말씀처럼, 그의 뜻을 기억하며 민주당 정신의 본령을 다시 새긴다”고 했다.
그는 “(김 전 의장의) 유언이 돼버린 ’2012년을 점령하라'는 말씀은 1% 경제 기득권에 맞선 99%의 연대를 소망하는 절박한 외침”이라며 “길을 잘못 가고 있다는 걸 알아챘는데 다른 길 찾으려 하면 더 헤맬 뿐이다. 곧바로 돌아 나와 처음부터 그리고 기본부터 다시 시작하는 것이 가장 빠르다”고 했다.
그는 “부동산값 폭등, 코로나로 인한 경제위기 등 어려운 대내외적 환경에도 방역지침을 준수하며 높은 국정 지지율을 보내주셨던 국민들”이라며 “그 수많은 정치적 풍파를 거치면서도 국민의 뜻을 탓한 적 없던 고인처럼, 밭을 탓하지 않는 농부처럼, 오롯이 스스로 본령과 존재 이유를 증명할 때 국민이 여지없이 마음을 내어주실 것으로 믿는다”고 했다.
앞서 이 지사는 지난 25일 페이스북에서 “4년 전 국민으로부터 적폐 청산과 개혁의 과업을 부여받았던 우리 민주당은 개혁 성공의 전제조건이나 다름없는 국민의 신뢰가 흔들리고 있다는 점에 가장 절박한 위기감을 가져야 한다”며 “LH 사태는 국민에 법 준수와 고통 분담을 내세워온 공직자들이 뒤로는 반칙을 일삼으며 오히려 국민 고통을 가중시켜왔음을 드러내, 크나큰 배신감을 안겨드렸다”고 했다.
그는 “정치에 대한 신뢰가 있어야만, 기득권 세력의 가공할 저항이 있더라도 국민의 압도적 동의와 지지를 업고 국가와 사회의 개혁을 달성할 수 있다”고 했다.",조선일보,중립
17,706,2021.04.27,"이재명 “윤희숙 의원, 마음 상했다면 사과... ‘공정벌금’ 어떤가”",김명진 기자,"이재명 경기지사가 27일 자신이 제안한 ‘재산비례 벌금제'를 비판한 윤희숙 국민의힘 의원을 향해 “벌금의 실질적 공정성 확보 장치인 만큼 명칭 논쟁도 많으니 그냥 ‘공정벌금’ 어떻습니까?”라고 했다.
이 지사가 형벌의 실질적 공정성을 위해 개인의 형편에 따른 ‘재산비례 벌금제’를 도입해야 한다고 하자, 윤 의원은 “‘재산'과 ‘소득’도 구분하지 못하느냐”라고 하는 등 두 사람은 최근 며칠 간 설전을 벌여왔다.
이 지사는 이날 페이스북에 올린 ‘서울만 갈 수 있다면 모로 간들 어떠리’라는 제목의 글에서 “재산비례벌금, 소득비례벌금, 소득재산비례벌금, 경제력비례벌금, 일수벌금 등 명칭이 무슨 상관이겠습니까?”라며 이같이 적었다.
이 지사는 “재산 아닌 소득만 비례해야 한다는 국민의힘 주장도 대환영이며 국민의힘이 경제력비례벌금제도를 동의하시는 것만도 감지덕지”라고 했다. 이어 “재산비례벌금제나 일수벌금제로 불리는 ‘공정벌금’은 전두환, 노태우 정권, 노무현 정부에서도 논의되었고, 문재인 정부의 공약이기도 하다”며 “그러나 번번이 재산파악과 기준설정이 어렵다는 이유로 도입에 실패했다”고 했다.
그러면서 “완전공정에 이를 수 없다고 완전불공정에 머무르자는 것은 거부의 다른 말”이라며 “첫 술 밥에 배부르지 않고 천리 길도 한걸음부터인 것처럼, 완전공정이 어렵더라도 조금이나마 더 공정할 수 있다면 개선하는 것이 정의롭다”고 했다.
이 지사는 “윤 의원님의 반론과 의견 덕분에 ‘공정벌금’이 우리사회 주요의제가 되었으니 진심으로 감사드린다”며 “논쟁 과정에서 한 제 표현에 마음상하셨다면 사과드리며 공정벌금제도 입법화에 적극 나서 주실 것을 부탁드린다”고 했다.
앞서 이 지사가 지난 25일 재산비례 벌금제를 제안하자 윤 의원은 “이 지사의 주장은 찬반을 떠나 검토해볼 수 있는 주장”이라면서도, “핀란드의 벌금은 재산이 아니라 소득에 따라 부과되는데 왜 이 지사는 소득이 아니라 ‘재산비례벌금제’를 주장하느냐”고 했다.
윤 의원은 “경기 지사쯤 되시는 분이 ‘소득’과 ‘재산’을 구별하지 못한다고는 도저히 생각할 수 없는 만큼 그 의도가 무엇인지 궁금하다”며 “재산이 많은 사람들을 벌하고 싶은 것이 의도일지라도, 최소한 근거와 논리를 가져와야 할 일”이라고 했다.
이에 이 지사는 재산비례 벌금제는 소득과 재산 등 경제력 비례가 핵심이었으며 ‘재산에만 비례해야 한다’고 주장한 것은 아니라고 반박했다. 그러면서 “국민의힘은 소속 의원에게 한글 독해를 좀 가르치라”며 “(윤 의원은) 글 내용을 제대로 파악 못한 것이 분명하니 비난에 앞서 국어 독해력부터 갖추길 권한다”고 했다.
그러자 윤 의원도 “‘(이 지사가) 내가 말한 재산이란 소득과 재산을 합한 경제력이었다'고 하는 건 단지 ‘느슨한 해석’ 정도가 아니다”라며 재반박했다. 그는 “(이 지사 발언은) 소득과 재산의 구분이 정책에서 얼마나 중요한지 아직도 이해하지 못했다는 것을 내비친 것”이라고 했다.",조선일보,중립
18,724,2021.04.26,與김두관 대선출마 공식화 “6월부터 이재명·이낙연 추월”,김형원 기자,"더불어민주당 김두관 의원이 차기 대선출마를 26일 공식화했다.
김 의원은 이날 한 언론인터뷰에서 “지난해 가을부터 대선을 위해 준비해왔다”며 “지금까지는 이재명 경기도지사, 이낙연 전 대표의 시간이었지만 이제부터는 달라질 것”이라고 했다.
이들과의 경쟁에 대해서는 “6월 이후 추월을 자신한다”면서 “국회의원이나 도지사는 개인이 노력하고 도전하면 될 수도 있는 자리지만 대통령은 국민의 부름 없이 맡을 수 없다는 점을 고려해서 시기 조절해 왔다”고 했다.
윤석열 전 검찰총장이 야권의 잠재적인 대선주자로 꼽히는 현상에 대해서는 “윤 전 총장이 대선후보로서 논해지는 것만 보아도 정치적 중립성을 훼손한 부적절한 총장이었음을 증명한다”며 “그 당시부터 (윤 전 총장이)사실상 정치인으로서 행동했으니 스스로 내려오지 않는다면 탄핵해야 한다고 주장했고 그 소신은 지금도 옳았다고 생각한다”고 했다.
김 의원은 부동산 문제에 대해서도 적극적인 목소리를 냈다. 그는 이날 페이스북에 “집값 정상화로 20년 집권할 것인가 아니면 20년 야당 할 것인가 선택해야 한다”고 썼다. 이어 “종합부동산세를 손보자는 주장에 동조하시는 대선주자들도 계시지만 저는 동의가 안 된다”며 “우리 당은 서민과 중산층의 벗이어야 한다”고 했다.
그는 “먼저 해야 할 일은 다주택자 누진중과세”라며 “2주택과 3주택 세금이 달라야 하고 4주택 5주택 소유 세금이 달라야 한다”고 했다. “1세대가 1주택만 소유하고 만족할 수 있도록 제도가 보장해줘야 한다”고도 했다.
그러면서 “종부세 완화주장은 집값 급등으로 좌절하고 허탈해하는 무주택 서민과 청년 세대에 대한 예의가 아니다”라며 “우리가 해야 할 일은 중산층으로 올라갈 희망의 사다리를 만드는 것이어야 한다”고 썼다.",조선일보,중립
19,789,2021.04.24,“혼란 초래” “쥐만 잘 잡자” 정세균·이재명 러시아 백신 연일 충돌,원선우 기자,"이재명 경기도지사는 24일 러시아산 코로나 백신인 ‘스푸트니크V’ 도입을 거듭 촉구했다. 이 지사는 자신의 페이스북에서 “이미 접종 중인 아스트라제네카(AZ) 백신 이상의 안전성만 검증된다면 러시아산이라고 제외할 이유가 없다”며 “쥐만 잘 잡으면 되지, 고양이 털 색깔이 무슨 상관이겠나”라고 했다.
이 지사 발언은 전날 정세균 전 국무총리가 자신의 러시아 백신 도입 주장에 대해 “혼란을 초래할 수 있다”고 말한 데 대한 반박으로 해석됐다. 이 지사는 “국민 생명이 달린 백신 문제를 놓고 타국의 진영 패권 논리에 휘둘리거나 정략적으로 접근해 국민 혼란을 초래하고 방역에 지장을 초래해서는 안 된다”며 “‘망치 증후군'이란 심리학 용어가 있다. 망치를 들면 모든 게 못으로 보인다는 것으로 특정한 가치관이나 편견에 따라 현실을 재단하는 습성을 잘 표현한 말”이라고 했다.
이 지사는 “‘늑장 대응보다 과잉 대응이 낫다'는 말처럼 국민 생명을 지키는 방법이라면 부족한 것보다 비록 예산 낭비가 되는 한이 있어도 남는 것이 차라리 낫고 안전하다”며 “스푸트니크 백신은 현재 개발된 백신들 가운데 화이자나 모더나에 비해 비용도 절반에 불과하고 AZ보다 면역률이 높으며 국내 생산 중이라 조달이 쉽다는 이점이 있다”고 했다.
정 전 총리는 전날 CBS라디오에 출연, 이 지사의 러시아산 백신 도입 주장에 대해 “현재는 그걸 구매할 필요가 아직은 없다”고 했다. 그는 “스푸트니크V에 대해선 작년부터 복지부가 내용을 잘 검증하고 있는 안”이라며 “제가 복지부 장관과 같이 의논해 만약의 때를 대비해 사전에 정보를 수집해왔다”고 했다.
정 전 총리는 “이 지사는 중대본에서 그런 문제를 이야기하면 된다”면서 “백신 구매는 식약처나 질병청, 보건복지부가 중심이 될 일로 지자체가 할 일은 따로 있다. 혼란만 초래할 수도 있다”고 했다.
정 전 총리와 이 지사는 최근 백신 문제 등을 놓고 연일 충돌하고 있다. 여당 관계자는 “대선이 1년도 남지 않은 상황에서 당내 대선 경쟁을 본격화하는 시기”라며 “이러한 논쟁이 정 전 총리, 이 지사에게 모두 유리하게 작용하는 상황”이라고 했다.
",조선일보,중립
20,797,2021.04.23,"이재명, 文정부와 차별화 논란에 “갈라치기 시도… 당 안 떠난다”",강영수 기자,"더불어민주당 유력 대권주자인 이재명 경기지사가 최근 자신의 발언이 정부·여당과 차별화하려는 시도라는 일각의 해석과 관련, “정치 입문 이래 한 번도 당을 떠난 적이 없고, 앞으로도 그럴 생각이 없다”고 말했다.
이 지사는 22일 페이스북에 올린 ‘다름은 있더라도 차별화는 없습니다’라는 글에서 “일각에서 최근 제 발언을 두고 정부와 차별화에 나서는 것 아니냐고 갈라치기를 시도하지만 저는 민주당의 노선을 계승, 발전시키려는 것뿐”이라며 이같이 말했다.
앞서 이 지사가 최근 러시아산 스푸트니크 V 등 다양한 코로나 백신의 공개 검증을 청와대에 요청하고, 부동산 정책과 관련해 “실거주용 1가구 2주택은 제재할 필요가 없다”는 입장을 내놓자 일각에선 이 지사가 4·7재보선 패배를 계기로 정부·여당과 차별화를 시도하는 것 아니냐는 해석을 내놓은 바 있다.
이 지사는 “민주당 정권, 문재인 정부의 일원으로서 모든 공과와 책임을 함께 감당하는 것은 당연한 일”이라며 “그간의 성과 위에 부족한 것은 채우고 필요한 것은 더해 일부 다름은 있겠지만 의도에 의한 차별화는 있을 수 없다”고 했다.
그는 “이전의 색채를 지우고 새로운 색채를 추구하는 것이 아니라 청출어람을 위한 노력에 집중해야 한다”고 덧붙였다.
이 지사는 “누가 뭐래도 민주당은 저의 요람이며 뿌리”라며 “수평적 정권교체의 역사적 과업을 이룬 김대중 대통령, 권위주의를 청산하고 참여민주주의를 연 노무현 대통령, 촛불항쟁의 정신 위에 3기 민주정부를 이끌고 있는 문재인 대통령이 앞장서 끌어온 수레를 민주당원들과 함께 저 역시 힘껏 밀어갈 것”이라고 했다.
이 지사는 “제가 몸담고 있는 민주당은 매우 넓고 다양한 가치관과 정치적 성향의 당원들로 이뤄져 있고, 이것이야말로 시대변화에 적응하고 민주주의와 역사를 이끌어갈 수 있는 최대 강점”이라고 했다. 이어 “다만 서로 다른 높낮이와 크기를 가진 음이 존재하다 보니 매번 조화로울 수는 없다”며 “때로는 목소리 큰 소수가 전체 목소리인 것처럼 과잉대표되기도 하지만 이 역시도 민주주의 특성 상 감수해야 할 부분이고, 그렇기에 더더욱 민주적 원리에 반하는 경향을 경계해야 한다”고 했다.

그는 “당이 한 사람처럼 움직일 수는 있으나 한 사람의 생각대로 움직여서는 안 된다”며 “민주주의에서는 정답을 생각하는 사람이나 결정권자가 꼭대기에 따로 있는 것이 아니고, 정당도 공동체도 국가도 무수히 많은 다른 생각들이 모이고 경합하며 의사가 만들어지기 때문”이라고 했다.",조선일보,중립
21,799,2021.04.01,"윤석열, 대선 지지율 조사 선두...이재명 2위, 이낙연 3위",김명성 기자,"윤석열 전 검찰총창의 차기 대권 지지율이 1일 기준 여론 조사에서 선두를 달리는 것으로 나타났다.
리서치앤리서치가 동아일보 의뢰로 지난달 28∼29일 전국 유권자 1017명에게 차기 대통령 적합도를 조사한 결과, 윤 전 총장은 31.2%로 집계됐다.
이재명 경기지사는 25.7%로 오차범위 내 2위였다.
윤 전 총장은 60대 이상(47.3%), 대구·경북(38.9%), 중도층(33.6%)에서 지지율이 높았다. 서울에서도 36.2%를 기록하며 이 지사(22.4%)에 앞섰다.
이 지사는 40대(39.8%), 인천·경기(33.9%) 등에서 1위였다.
이밖에 더불어민주당 이낙연 상임선대위원장 9.3%, 국민의당 안철수 대표 4.7%, 무소속 홍준표 의원 3.7%, 국민의힘 유승민 전 의원 2.7%, 정세균 국무총리 2.5%, 정의당 심상정 의원 2.4% 순이었다.
윤 전 총장 거취와 관련, ‘국민의힘에서 정치를 해야 한다’는 응답이 31.1%로 집계됐다. ‘제3지대 신당’ 의견은 24.9%였고 ‘잘 모르겠다’는 40%였다.
차기 대선 결과와 관련, ‘현 정권이 교체돼야 한다’는 응답은 53.3%, ‘현 정권이 유지돼야 한다’는 의견은 29.8%로 각각 나타났다.
또 리얼미터가 오마이뉴스 의뢰로 지난달 30∼31일 서울 유권자 806명에게 조사한 결과, 차기 대권주자로 윤석열 전 총장을 선호한다는 응답이 38.2%였다.
이재명 지사는 21.5%, 이낙연 위원장은 11.1%로 나타났다.
한편 엠브레인퍼블릭·케이스탯리서치·코리아리서치·한국리서치 등 여론조사 전문회사 4개사가 공동으로 실시한 3월 5주차 전국지표조사(NBS·National Barometer Survey) 대선후보 적합도에 따르면 윤 전 총장 지지율은 직전 조사인 3월 4주차(23%)보다 2% 포인트 상승한 25%를 차지했다. 윤 전 총장은 대선후보 적합도 조사가 실시된 지난해 7월 4주차 이후 처음으로 2주 연속 1위에 올랐다.
2위를 차지한 이 지사도 지난 조사보다 지지도가 2% 포인트 상승한 24%를 기록했다. 이낙연 전 더불어민주당 대표(상임선거대책위원장)는 지난 조사와 같은 10%를 기록했다.
안철수 국민의당 대표와 홍준표 의원은 각각 5%, 4%의 지지율을 얻었다. 아울러 대통령감으로 적합한 인물이 없거나 해당 문항에 응답하지 않은 ‘태도 유보’는 25%였다.
또 6일 앞으로 다가온 서울·부산시장 재보궐선거에 대한 인식으로는 ‘정권 심판론’이 50%로 가장 많았으며, ‘국정 안정론’은 38%였다.
이번 리서치앤리서치 조사의 표본오차는 95% 신뢰수준에 ±3.1%포인트다. 리얼미터는 95% 신뢰수준에 ±3.5%포인트다. 엠브레인퍼블릭·케이스탯리서치·코리아리서치·한국리서치 등 여론조사 전문회사 4개사의 표본오차는 95% 신뢰 수준에 ±3.1%포인트다.
자세한 내용은 중앙선거여론조사심의위원회 홈페이지를 참조하면 된다.",조선일보,중립
22,801,2021.04.20,"이재명, 당에 쓴소리 “낮은 자세로 주권자 두려워 해야”",이슬비 기자,"이재명 경기지사는 20일 페이스북에 “지금 해야 할 일은 낮은 자세로 주권자를 두려워하며, 국민의 삶을 개선하기 위해 작든 크든 ‘실용적 민생개혁 실천’에 끊임없이 매진하는 것”이라고 했다. 더불어민주당이 4·7 재보선에서 참패한 지12일 만에 페이스북 활동을 재개한 것으로, 흔들리는 당을 향한 쓴소리로 해석됐다.
이 지사는 조선시대 이원익 선생의 대동법 시행 과정을 설명하면서 “선생은 ‘백성이 오직 국가의 근본이고 그 밖의 일들은 전부 군더더기일 뿐’이라며, 민생 문제의 해결을 정치의 첫 번째 임무로 강조했다”고 했다. 이 지사는 “그런 그가 있었기에 대동법은, 기득권층의 강력한 반대와 인조 대의 삼도 대동법 실패에도 숙종 대에 이르러 전국에서 꽃을 피웠다”고 했다.
광해군 때 이원익은 영의정으로서 백성의 세금 부담을 덜어주는 ‘대동법’을 건의해 경기도에서 대동법이 시행될 수 있도록 기반을 마련했다. 대동법(大同法)은 나라에 내는 특산물(공물)을 쌀로 통일하고, 각자 소유한 땅의 크기에 따라 바치게 한 세금 제도다. 대동법이 시행되면서 가난한 백성은 공납에 대한 부담이 많이 줄어들었고, 많은 땅을 소유한 양반이나 지주층의 부담은 늘어났다. 그래서 양반과 지주들이 심하게 반대한 탓에 대동법이 전국적으로 시행되기까지 약 100년이 걸렸다.
이 지사는 “기존 정책에서 이익을 얻던 이들의 변화에 대한 반발과 저항은 당연한 일”이라며 “설득과 타협을 하되 국민이 원하고 해야 될 옳은 일을 관철하라고 부여한 권한을 적절히 행사해야 한다”고 했다. 그는 “경기도 사업 중에 사소해 보이지만 유독 전국 최초가 많은 것은 온갖 영역에서 작을지라도 조금이나마 민생에 도움이 되는 방법은 최대한 찾아내기 때문”이라고 했다.",조선일보,중립
23,837,2021.03.31,"이재명, 오늘 휴가 “결혼 30주년 입니다”",김은중 기자,"이재명 경기지사가 31일 결혼 30주년을 맞아 하루 휴가를 냈다고 밝혔다.
이 지사는 이날 페이스북에서 ‘벌써 30년’이라는 글을 올려 “아내(김혜경 여사)를 만나 한 살림을 시작한 지 어언 30년이 됐다”며 “결혼 30주년 맞이로 오랜만에 오늘 하루 휴가를 냈다”고 밝혔다.
이 지사는 아내 김혜경씨와 1991년 부부의 연을 맺었다. 이 지사는 변호사, 김씨는 피아니스트가 되기 위해 유학을 앞둔 때였다. 이 지사는 “인정하기는 싫었지만, 사실 첫눈에 반했다”고 했다. 만난지 6개월 만에 결혼했고, 김씨는 계획돼 있던 유학도 포기하고 전업 주부가 됐다.
김씨는 지난 2017년 한 언론 인터뷰에서 “본인의 살아온 환경에 대한 얘기를 만난 첫날에 다했다”며 “숨기려 하지 않고, 변명도 안 하고, 그 모습이 담백하고 깔끔하게 느껴졌다”고 했다. ‘남편 이재명’에 대해서는 “굉장히 여린 사람”이라고 했다.
이 지사는 “저의 정치(활동) 때문에 예정에 없던 고생을 하고 있는 아내에게 언제나 미안했다”라며 “도정이 바쁘지만 오늘 하루는 (경기도민들이) 이해해 주실 것으로 믿는다”고 했다.
김씨는 지난 2018년 SBS 예능 프로그램 ‘동상이몽’에 출연하며 이름을 알리기도 했다. 또 한때 친문(親文) 성향 지지자들로부터 문재인 대통령의 아들 문준용씨의 특혜 의혹을 제기했던 ‘혜경궁 김씨’ 트위터 계정의 소유주라는 의혹을 받았다.",조선일보,중립
24,840,2021.04.14,"이재명, 세 번째 자가격리… 수행비서 코로나 의심증상",김형원 기자,"이재명 경기도지사가 수행비서의 코로나 바이러스 감염의심 증세에 따라 14일 자가격리에 들어갔다. 지난해부터 이날까지 이 지사의 자가격리는 이번이 세번째다.
경기도는 이날 “전날(13일) 이 지사 수행비서 1명의 코로나 의심증세가 발현됐다”면서 “수행비서의 밀접 접촉자인 이 지사와 도청직원 3명도 방역대응 매뉴얼에 따라 자가격리하기로 했다”고 밝혔다.
이 지사는 현재 별다른 증세가 없는 것으로 전해졌다. 그는 수행비서의 검사 결과가 나올 때까지 자가격리 상태에서 비대면으로 업무를 수행할 예정이라고 경기도청 측은 전했다. 자가격리에 들어간 직원 3명 가운데 1명은 약간의 미열 증상이 나타나 코로나 진단검사를 받고 대기 중이다.
코로나 이 지사의 자가격리는 이번이 세 번째다. 이 지사는 지난해 3월 신천지교회 과천본부 등에 찾아간 뒤 가벼운 인후통 증상이 나타나 코로나 검사를 받았다. 지난해 12월에는 가족이 기침 증상을 보여서 두 번째로 자가격리 하기도 했다.",조선일보,중립
25,844,2021.04.27,"대선 양자대결… 윤석열 47.2%, 이재명 40.0%",노석조 기자,"여야 유력 대권주자간 가상 양자대결에서 윤석열 전 검찰총장이 이재명 경기지사를 앞섰다는 여론조사 결과가 27일 나왔다.
윈지코리아컨설팅이 아시아경제 의뢰로 지난 24∼25일 전국 유권자 1008명을 조사한 결과, 내년 대선 양자대결에서 윤 전 총장을 지지하겠다는 응답은 47.2%, 이 지사는 40.0%로 각각 집계됐다.
‘그 외 후보’라는 답은 7.8%, ‘없음’은 3.7%, ‘잘 모름’은 1.4%였다.
지난 1월 16∼17일 같은 조사 때와 비교해 윤 전 총장(45.1%)은 소폭 상승했고, 이 지사(42.1%)는 하락하며 오차범위 밖으로 격차가 벌어졌다.
남성 응답자 가운데서는 윤 전 총장(47.3%)과 이 지사(45.0%) 지지가 엇비슷했다.
반면 여성은 윤 전 총장(47.1%) 지지가 이 지사(35.0%)보다 10% 포인트 이상 많았다.
다른 대권 주자군을 포함한 조사에서는 윤 전 총장이 33.8%로 1위였고, 이 지사가 24.1%로 뒤를 이었다.
그 다음으로 더불어민주당 이낙연 전 대표(11.3%), 무소속 홍준표 의원(5.1%), 정세균 전 국무총리(4.2%), 국민의당 안철수 대표(3.4%) 순이었다.
한편 공시가격 9억원 초과 주택으로 규정된 현행 종합부동산세 부과 기준을 완화해야 한다는 주장에 대해서는 찬성이 47.5%, 반대가 39.9%로 나타났다.
민주당 지지층의 62.8%는 반대했지만, 국민의힘 지지층은 66.1%가 찬성했다.
지역별로 종부세 찬성 의견은 서울(54.8%), 경기·인천(49.2%) 등에서 높았다. 광주·전라(38.8%)와 강원·제주(23.3%)는 낮았다.
국정농단 사건 유죄 판결로 복역 중인 이재용 삼성전자 부회장의 사면론에 대해서는 찬성 의견이 69.4%에 달했고, 반대는 23.2%에 그쳤다.
이번 조사의 표본오차는 95% 신뢰수준에서 ±3.1%포인트다. 자세한 내용은 중앙선거여론조사심의위원회 홈페이지를 참조하면 된다.",조선일보,중립
26,863,2021.04.08,"이제는 대선이다... 與 이재명 우세, 친문후보 누굴까",최경운 기자,"대선을 11개월 앞두고 치러진 4·7 서울·부산시장 보궐선거에서 야당이 승리하면서 여권(與圈)의 차기 대선 경쟁은 이전과는 달라진 양상으로 전개될 가능성이 커졌다. 지금까지 여권의 차기 대선 경쟁은 이재명 경기지사가 앞서는 가운데 이낙연 전 민주당 대표와 양강(兩强) 구도를 형성해왔다. 그러나 이 전 대표가 지휘한 이번 서울·부산시장 선거에서 민주당이 패배하면서 이런 구도는 크게 흔들릴 것으로 보인다. 이 전 대표 책임론 속에 이 지사가 당분간 독주할 가능성이 거론되고 있다. 반면 여권 주류인 친문(親文) 진영은 이 지사를 견제할 제3의 후보를 물색할 것으로 알려졌다. 정세균 국무총리가 조만간 사임하고 대선 레이스에 뛰어드는 것도 변수가 될 전망이다.
올 들어 여권의 대선 경쟁 구도는 이재명 지사가 지지율 1위를 달리는 가운데 이낙연 전 대표가 뒤쫓는 양상으로 전개돼왔다. 다만 한국갤럽 조사를 기준으로 작년 5월 28%로 압도적인 1위를 기록했던 이 전 대표 지지율은 4월 첫 주 조사에서 7%로 떨어졌다. 이런 흐름 속에서 이 전 대표는 당대표 재임 중 당헌을 바꿔 박원순·오거돈 전 시장 성추행 사건으로 치러지게 된 이번 서울·부산시장 보궐선거에 후보를 냈다. 그러나 선거에 패하면서 정치적 타격이 불가피해졌다. 민주당의 한 의원은 “이 전 대표는 선거 패배 책임론이 제기되면서 동력이 위축될 수밖에 없게 됐다”고 했다.
이재명 지사는 현직 지사 신분이어서 공직선거법상 선거 지원 활동에 제약이 있었다. 그러나 선거 기간에 박영선 서울시장 후보와 김영춘 부산시장 후보를 만나거나 후원회 개소식에 참석하는 식으로 간접 지원에 나섰다. 이 지사 측 관계자는 “‘원 팀'을 강조해온 이 지사가 선거법이 허락한 범위 안에서 당원으로서 최선을 다했다”고 했다. 이 지사가 보궐선거 후 본격화할 대선 레이스를 염두에 두고 외연 확대에 나선 측면이 있다는 것이다. 최근 들어 일부 친문 인사들 사이에서 “이 지사를 대안으로 고민해봐야 한다”는 기류도 일고 있다. 이 지사는 4월 첫 주 한국갤럽 조사에서 23% 지지율로 윤석열 전 검찰총장과 공동 1위를 했다. 한 수도권 의원은 “당내에서 ‘대안 부재론’ 차원에서 이 지사를 언제까지 배타적으로 바라볼 것이냐는 의견이 커지는 게 사실”이라고 했다. 그러나 여당의 패배는 이 지사에게도 부담이 되고 있다.
하지만 친문 그룹에선 “이재명은 용인할 수 없다”는 기류도 여전하다. 이 때문에 친문 그룹에서 김경수 경남지사, 임종석 전 대통령 비서실장, 이광재·김두관 의원 등 친노·친문 인사들을 대선 주자로 밀어보자는 움직임도 커질 전망이다. 이런 가운데 정세균 국무총리가 조만간 사임하고 대선 레이스에 뛰어들 것으로 알려졌다. 여권 관계자는 “이낙연 전 대표와 함께 호남을 대표하는 정 총리가 대선 레이스에 가세하면 변수가 될 수 있다”고 했다. 민주당 관계자는 “이 전 대표도 여당 대표를 맡아 정권을 향한 공격을 온몸으로 막아낸 측면이 있어 친문 그룹이 다시 대안으로 밀 가능성도 살아 있다”고 했다.
여권에선 대선 주자들의 경쟁과 함께 대선 후보를 선출하는 시기를 놓고도 신경전을 벌이고 있다. 민주당은 당헌상 9월에 대선 후보를 선출해야 하지만 친문을 중심으로 “대선 후보를 빨리 내봐야 좋을 게 없다”며 경선 연기를 주장하고 있다. 이재명 지사 측은 “당헌대로 대선 후보를 선출해야 한다”는 입장이어서 향후 갈등의 불씨가 될 수 있다.",조선일보,중립
27,924,2021.04.09,"차기 대권 적합도, 이재명 24% 윤석열 18%",홍영림 여론조사전문기자 겸 데이터저널리즘팀장,"차기 대선 후보 적합도 조사에서 이재명 경기지사가 선두에 오르고 윤석열 전 검찰총장은 지지율이 하락하며 2위를 기록했다는 여론조사 결과가 나왔다. 엠브레인·케이스탯·코리아리서치·한국리서치가 지난 5~7일 공동으로 실시한 조사에서 이 지사는 24%, 윤 전 총장은 18%였고 이낙연 전 더불어민주당 대표는 10%였다. 다음은 홍준표 무소속 의원과 안철수 국민의당 대표가 각각 4%였고 오세훈 시장 3%, 정세균 국무총리 2%, 유승민 전 의원 2% 등이었다. 지난주 조사에서 25%로 1위였던 윤 전 총장은 7%포인트 하락했고 이 지사와 이 전 대표는 변화가 없었다.
일주일 전 조사와 비교하면 보수층에서 윤 전 총장은 44%에서 30%로 하락했다. 홍 의원(9%)과 안 대표(5%)는 변화가 없었고 오 시장은 3%에서 5%로 다소 올랐으며, ‘모름·무응답'이 20%에서 30%로 증가했다. 진보층에선 이 지사(41→40%)와 이 전 대표(18→20%) 지지율이 지난주와 비슷했다. 이상일 케이스탯컨설팅 소장은 “최근 재·보선 과정에서 윤 전 총장에 대한 관심이 다소 떨어졌지만 대선 레이스가 점화되면 다시 지지율이 오를 가능성이 있다”고 했다.
한편 이 조사에서 정당 지지율은 민주당과 국민의힘 모두 지난주보다 각각 1%포인트 떨어진 32%, 28%였다. 다음은 정의당 6%, 국민의당 4%, 열린민주당 3% 등이었다. 전국 18세 이상 1004명을 대상으로 한 이 조사의 표본오차는 95% 신뢰 수준에서 ±3.1%포인트다(중앙여론조사심의위원회 참조).",조선일보,중립
28,935,2021.04.22,文대통령 부정평가 59% 최고… 대통령감 “이재명 25% 윤석열 22%”,노석조 기자,"이재명 경기지사와 윤석열 전 검찰총장이 차기 대선후보 적합도를 두고 오차범위 내에서 경쟁하고 있다는 여론조사 결과가 22일 나왔다. 문재인 대통령의 국정운영 부정평가는 59%로 최고치를 기록했다.
엠브레인퍼블릭·케이스탯리서치·코리아리서치·한국리서치가 지난 19~21일 전국 만 18세 이상 1009명에게 ‘차기 대통령감으로 누가 가장 적합한가’를 물은 결과 이 지사를 꼽은 응답자는 25%, 윤 전 총장을 택한 응답자는 22%로 집계됐다.
이 지사와 윤 전 총장의 지지율은 전주 조사와 비교해 1%포인트씩 동반 하락했다.
더불어민주당 이낙연 전 대표는 전주와 같은 8%를 기록했다.
무소속 홍준표 의원과 국민의당 안철수 대표는 각각 3%, 정세균 전 국무총리는 2%의 지지율을 보였다. ‘대통령감이 없다’는 응답은 23%였다.
민주당 지지층에서는 이 지사 48%, 이 전 대표 19% 순이었고, 국민의힘 지지층에서 윤 전 총장은 54%의 지지를 받았다.
문재인 대통령의 국정운영에 ‘잘하고 있다’는 평가는 35%로, 2주 연속 최저치를 기록했다. ‘못하고 있다’는 부정 평가는 59%였다.
정당 지지도는 더불어민주당이 전주와 같은 30%를 받았고, 국민의힘은 전주보다 2%포인트 떨어져 27%로 나타났다.
국민의당(5%)과 정의당(4%)이 차례로 뒤를 이었다.
21대 국회 평가 항목에서 더불어민주당이 집권여당의 역할을 잘하지 못한다는 의견은 65%로 나타났다.
‘잘한다’는 29%에 그쳤다. ‘국민의힘은 제1야당의 역할을 잘하지 못한다’는 응답 역시 62%로, ‘잘한다’(30%)를 두 배 상회했다.
차기 대선의 성격에 대해선 37%가 ‘제1야당으로 정권 교체’를, 31%가 ‘여당의 정권 유지’를 꼽았다. ‘제3세력으로 정권 교체’가 23%로 뒤를 이었다.
이번 4개 기관 합동 전국지표조사(NBS)의 표본오차는 95% 신뢰수준에 ±3.1%포인트다. 자세한 내용은 중앙선거여론조사심의위원회 홈페이지를 참조하면 된다.",조선일보,중립
29,950,2021.03.22,이재명이 정용진에게 쓴 편지 “우리의 희망고문을...”,노석조 기자,"이재명 경기도지사가 22일 “경제 환경이 급변하고 고착화 조짐을 보이는 저성장 추세에도 투자를 결단해주신 신세계그룹 정용진 부회장의 혜안에 감사 인사를 전한다”고 밝혔다.
이 지사는 이날 정 부회장에게 보낸 편지에서 “우여곡절 끝에 첫발을 내딛은 만큼 차질없이 진행되도록 면밀히 살피겠다”며 이 같이 말했다.
신세계 측이 한국수자원공사와 화성국제테마파크 건설을 위한 토지공급계약을 체결한 것에 대해 이 지사가 감사의 뜻을 전한 것이다.
이 지사는 이날 자신의 페이스북에 공개한 편지에서 “번번이 무산되거나 미뤄졌던 문제였다”며 “경기도와 화성시는 물론 유관기관들이 발 벗고 나섰고 ‘신세계’측의 투자 결정으로 비로소 도민의 ‘희망고문’을 끝낼 수 있게 됐다”고 했다.
이어 “방대한 문화콘텐츠로 채워질 리조트형 테마파크다. 11만명의 고용효과가 예상되고 경기서부권의 지역경제 활성화에도 크게 기여할 것이다. 도민의 먹고 사는 문제와 직결된 사업인 만큼 끈질기게 대안을 찾아왔다”고 했다.
이와 관련, 22일 오후 11시 30분 현재 정 부회장은 별도의 입장을 내지 않은 것으로 알려졌다.
",조선일보,중립
30,1012,2021.04.19,윤석열 51.1% vs 이재명 32.3%… 尹 51.6% vs 이낙연 30.1%,김승재 기자,"윤석열 전 검찰총장이 여권 대선 주자들과 양자 구도에서 모두 큰 격차로 앞서는 여론조사가 19일 나왔다.
리얼미터가 YTN 의뢰로 지난 16일 전국 1011명을 상대로 가상 양자대결 조사를 벌인 결과, 윤 전 총장과 이재명 경기지사는 양자 구도에서 각각 51.1%와 32.3%를 기록했다.
연령별로는 40대에서만 이 지사가 앞섰고, 나머지 모든 연령대에서는 윤 전 총장에 대한 지지가 높았다.
윤 전 총장은 민주당 이낙연 전 대표와 양자 대결에서도 51.6% 대 30.1%로 앞서는 것으로 나타났다. 이 전 대표도 40대에서만 윤 전 총장을 앞섰다.
차기 대선주자 선호도 조사에선 윤 전 총장이 37.2%로 가장 높았고, 이 지사 21.0%, 이 전 대표 11.0%였다. 이어 무소속 홍준표 의원 5.9%, 국민의당 안철수 대표 5.0%, 유시민 노무현재단 이사장 3.2%, 추미애 전 법무부 장관 2.4%, 정세균 전 총리 2.4%, 국민의힘 유승민 전 의원 2.2% 순이었다.
이 조사의 표본오차는 95% 신뢰수준에 ±3.1%포인트다(중앙선거여론조사심의위원회 참조).",조선일보,중립
31,1015,2021.04.26,"정세균 “이재명, 중대본 회의에 잘 안나왔다”",김형원 기자,"정세균 전 국무총리가 이재명 경기도지사가 독자적인 코로나 백신 도입 등을 띄우는 것에 대해 “그 분이 중대본(중앙재난안전대책본부)회의에 잘 안나오셨던 것 같다”고 했다. 차기 대선에 출마하기로 결심을 굳힌 정 전 총리가 ‘경쟁자’인 이 지사와 각을 세운 것이다.
정 전 총리는 여권의 대선주자인 이낙연 전 민주당 대표와의 차이점으로는 “저는 경제전문가이고, 이 전 대표는 언론인 출신이라는 점이 좀 다르지 않느냐”고 했다. 이 지사와의 차별성에 대해서는 “제가 이야기 안 해도 다들 아시지 않느냐”고 했다.
정 전 총리는 26일 라디오에 나와 이 지시가 별도의 백신 도입을 언급한 것과 관련해서 ‘성급한 주장’이었다고 평가했다. 그러면서 “그 분 중대본에 참석하면 정부가 어떤 노력하고 있고 백신상황이 어떤지, 접종계획은 뭔지 다 알게 된다”면서 “그 내용을 잘 알면 그런 말씀 하기 어려울텐데, 회의에 잘 안 나오셨던 것 같다”고 했다.
진행자가 “결석을 여러 번 한 것이냐”고 묻자, 정 전 총리는 “제가 지적할 내용인지 모르겠지만 이 문제가 자꾸 나오니까 말씀 드린다”면서 “정부의 노력이나, 우리 상황을 정확히 알면 그런 말씀을 할 필요가 없다”고도 했다.
이 지사가 공개검증을 요청한 러시아산 스푸트니크V 도입논의를 종결해도 되느냔 질문에도 “당연하다”며 “저는 사실 혹시라도 (올해) 후반기에 너무 과도하게 (백신이) 들어오면 어떻게 하나 그런 걱정까지 하고 있다”고 했다.
대선 출마 결심을 굳힌 정 전 총리는 앞서 김해 봉하마을을 찾아 고(故)노무현 전 대통령 묘역에 참배했다. 방명록에는 “노무현처럼 일하겠다”고 썼다.
이와 관련해서 정 전 총리는 “노 전 대통령께서는 국토의 균형발전을 굉장히 중요한 과제로 하셨다”며 “국회 분원이 일단 세종시에 만들어져야 할 것으로 생각하고 있고, 당시 노 전 대통령이 추진하던 국가균형발전정책은 지속적으로 잘 추진돼 완성돼야 한다는 신념을 갖고 있다”고 했다.",조선일보,중립
32,1140,2021.03.24,"박영선, 이재명 손 꼭잡고 반전 노린다",안준용 기자,"더불어민주당 박영선 서울시장 후보가 24일 국회에서 이재명 경기지사를 만나 보편 재난지원금 공약을 두고 이야기를 나눴다.
이 지사는 이날 서울 여의도에서 열린 한 토론회에 참석한 뒤 국회 의원회관에서 박 후보와 만났다. 두 사람은 민주당 인재근 의원 사무실에서 잠시 환담한 뒤 커피를 들고 20여 분간 국회 경내를 함께 산책했다.
이 지사는 박 후보의 ‘서울시민 10만원 재난지원금’ 공약과 관련, “다른 지방 정부도 같이했으면 좋겠다 했는데, 박 후보가 정책 방향을 그렇게 정한다니 정말 반가웠다”고 했다. 이에 박 후보는 “소상공인 매출 회복 속도가 서울은 늦고 경기도는 괜찮았다”며 “이 지사님이 한 데이터 분석도 해볼 필요가 있겠다 싶어 만나뵙고 싶었다”고 했다. 박 후보는 악수 뒤 “제 손을 꽉 쥐어 주셨다. 그 마음이 전달됐다”고 했고, 이 지사는 “박 후보는 존경하는 분”이라고 친근감을 나타냈다.
두 사람 만남은 사전 공지된 박 후보 일정엔 없던 회동이었다. 이 지사가 국회 인근 토론회장을 찾은 길에 인재근 의원 주선으로 박 후보와 만나게 됐다고 한다. 현직 공무원 신분이라 공직선거법상 선거운동에 제약이 있는 이 지사가 박 후보와 조우하는 형식을 취한 것 같다는 말이 나왔다. 여권 내 대선 지지율 1위를 달리는 이 지사의 간접적인 선거 지원을 통해 민주당 지지층 결집에 나섰다는 것이다.
민주당은 현재 서울시장 선거 판세가 국민의힘에 열세라는 점은 인정하면서도 남은 2주간 뒤집을 수 있다고 했다. 박 후보 캠프 진성준 전략본부장은 이날 “일단 열세를 인정하지 않을 수 없는 상황”이라면서도 “숨은 진보 지지층이 있다”고 했다. 여론조사에 안 잡힌 이른바 ‘샤이(shy) 진보층’이 있다는 주장이다. 그러면서 “10%포인트 내외 격차를 보이고 있다고 판단되지만 이 정도는 극복할 수 있다”고 했다. 박 후보도 이날 “지금부터 시작인데 서울 시민을 믿고 있다”고 했다.
박 후보는 남편 소유 일본 도쿄 아파트 논란과 관련해선 “모르는 일본 사람에게 팔았고, 잔금 처리는 6월 18일에 된다”고 했다. 앞서 박 후보가 “지난 2월 도쿄 아파트를 처분했다”고 밝힌 것을 두고 야당은 “지금도 서류상 박 후보 남편 소유인데, ‘처분’이란 표현을 왜 쓰느냐”고 해왔다. 박 후보는 또 임종석 전 대통령 비서실장의 고(故) 박원순 전 서울시장 감싸기 발언에 대해선 “앞으로 그런 일 안 해주셨으면 좋겠다”고 했다. 오세훈 후보를 향해선 “내곡동 땅 문제는 지금 LH 사태의 원조 격으로, 오 후보는 실질적으로 ‘MB 황태자’로 불리던 사람”이라고 했다.",조선일보,중립
