,date,title,reporter,content
159,2021.04.07.,방송3사 출구조사 오세훈 59% vs. 박영선 37.7%,이대희,"4.7 서울시장·부산시장 보궐선거의 방송3사 출구조사 결과, 기존 예상대로 국민의힘 후보의 압도적 승리가 점쳐졌다. 7일 오후 8시 15분 한국방송협회 산하 방송사공동예측조사위원회(KEP, Korea Election Pool)의 출구조사 결과, 서울시장 보궐선거에서 국민의힘 오세훈 후보는 더불어민주당 박영선 후보를 득표율 59% 대 37.7%로 앞서는 것으로 조사됐다. 득표율 격차가 21.3%포인트에 달한다. 부산시장 보궐선거 출구조사 역시 국민의힘 박형준 후보가 득표율 64.0%를 획득해 33.0%에 그친 더불어민주당 김영춘 후보를 31%포인트 격차로 앞서는 것으로 나타났다. 한편 KEP는 이번 서울·부산시장 보궐선거에서 엄격한 코로나19 방역대책에 따라 출구조사를 실시했다고 밝혔다. 이번 출구조사 결과는 이날 오후 8시로 마감되는 선거 직후 발표되지 않고, 투표마감 15분 후인 오후 8시 15분 발표됐다. 코로나19 무증상 자가격리자가 기존 투표가 끝나고 투표를 실시한 데 따른 조치다."
166,2021.04.06.,"노회찬 '6411 버스' 탄 박영선 진보층 구애…정의당 ""염치를 알라""",박정연,"박영선 더불어민주당 서울시장 후보가 4.7 재보궐선거를 하루 앞둔 6일, 고(故) 노회찬 정의당 의원을 언급했다. 생전에 노 의원이 '투명인간' 취급받는 서민들의 애환을 호소하며 소개한 6411번 버스를 박 후보가 직접 탑승했다. 진보층 지지 호소의 일환으로 풀이되지만, 정의당은 ""고인을 선거판에 소환하는 것은 멈춰주기 바란다""고 불쾌한 반응을 보였다. 박영선 후보는 선거운동 마지막 날 첫 일정으로 구로구에서 출발하는 6411번 버스 첫차를 탄 뒤 기자들과 만나 ""나는 노회찬 의원이 동작에 출마했을 때 혼신의 힘을 다해 도와드렸다""고 했다. 박 후보가 민주당의 전신인 새정치민주연합의 원내대표 시절이던 2014년, 노 의원은 서울 동작을 재보선에 출마했었다. 노 의원을 지원했던 과거 행적을 부각하며 6411번 버스까지 탑승한 박 후보의 행보는 정의당 지지층 등 진보 성향 유권자들이 거대 양당이 아닌 다른 후보들에게 표를 던지거나 투표 자체를 포기할 수 있다는 관측과 무관치 않다. 이에 대해 정의당은 ""아무리 선거가 급하다고 하더라도 고인을 선거판에 소환하는 것은 멈춰주기 바란다""며 박 후보를 비판했다. 이동영 정의당 수석대변인은 ""민주당은 최소한 비판적 지지의 근거마저 상실했다""며 정의당을 향한 박 후보의 지원 요청에 선을 그었다. 이 대변인은 ""섭섭한 마음에 지지를 못하는 것이 아니라 20%의 기득권에 편입된 민주당의 과거에 80% 동료 시민들의 미래를 맡길 수는 없다는 입장임을 다시 한 번 분명히 밝혀 둔다""고 강조했다. 여영국 정의당 대표도 페이스북에 글을 올려 ""박 후보가 지금 할 일은 본인들의 민낯을 직시하는 것""이라며 ""노회찬 의원 따라하기로 그 민낯을 가릴 수 없다는 걸 알아야 한다""고 꼬집었다. 그는 ""광양시장의 비리(부동산 투기, 채용비리 의혹)가 불거지자 더불어민주당은 꼬리자르듯 제명조치만 하고 책임은 회피하며 사실상 '범죄 의혹 시장'을 비호하고 있다. 이것이 지금 민주당의 민낯""이라고 했다. 이러한 정의당의 반응에 박 후보는 ""민주당에 섭섭한 부분이 많이 있어서 그러셨을 것이라 생각한다""면서 ""다른 정의당의 보궐선거 있었을 때 저는 그때 유불리를 따지지 않고 진심을 다해서 매번 거의 매번 도와드렸다""고 재차 지지를 호소했다. 박 후보는 또 ""정의당의 입장은 그렇게 갈 수 있겠지만, 실제로 현장에 가면 정의당 당원이나 정의당을 했던 분들이 많이 나와 계신다""며 ""그 분들이 너무 염려치 말라 돕겠다고 했다""고 했다. 정의당을 지렛대 삼은 박 후보의 '진보층 구애'가 처음은 아니다. 4일 기자간담회에서 박 후보는 ""제 마음 같아서는 심상정 의원이 도와주면 좋겠다""며 ""전화를 한번 드리긴 했다""고 언급했다. 하지만 정의당은 지난 총선 때 위성 정당을 만든 민주당과 중대재해기업처벌법 처리에 미온적이던 박 후보의 태도를 언급하며 ""염치가 있어야 한다""고 일축했다. 여영국 대표도 전날 대표단회의에서 ""정의당을 입에 올릴 자격도 없다. 염치를 알라""며 ""박 후보는 중대재해기업처벌법 제정을 위한 국회 논의과정에서 기업 입장을 대변해 법의 실효성을 무력화시킨 당사자""라고 말했다. 이어 ""박 후보가 몸담고 있는 민주당은 1년 전 총선 당시에는 기만적인 위성 정당을 통해 시민들의 정치개혁 열망을 가로막았다""며 ""국민의힘과 기득권 정치 동맹을 공고히 했던 민주당이 그 어떤 반성도 사과도 없이 지금에서야 도와달라니 이게 무슨 염치없는 것인가""라고 지적했다."
168,2021.04.06.,"박영선 ""주말 계기로 바람 방향이 변했다""",박정연,"4·7 재보궐선거를 하루 앞둔 6일, 더불어민주당은 서울과 부산에서 동시에 화상 의원총회를 열어 막바지 민심 챙기기에 나섰다. 서울·부산시장 선거에 출마한 후보들은 ""바닥 민심이 바뀌고 있다""며 지지층의 투표를 독려했다. 박영선 서울시장 후보는 국회에서 열린 화상 의원총회에서 ""민심의 바람이 변하고 있다. 바람 방향이 완전히 지난 주말을 계기로 변했다""며 ""거짓말을 하는 오세훈 국민의힘 서울시장 후보를 심판하자는 소리가 점점 더 높아져 가고 있다""고 밝혔다. 박 후보는 ""진심이 거짓을 이기는 서울을 바라는 시민의 목소리가 높아지고 있다""며 ""지난 금요일과 토요일 사상최고를 기록한 사전투표율이 공정한 서울을 바라는 서울시민의 열망""이라고 했다. 이어 ""서울이 정쟁으로 다시 물들기 시작하면 갈등의 도가니가 될 것이고 후퇴할 것이다. 서울시민은 그런 서울을 원하지 않는다""며 ""투표하면 우리가 반드시 승리한다""고 자신감을 드러냈다. 김영춘 부산시장 후보도 ""야당이 정권심판론을 내세운 것에 맞서 이번 보궐선거는 대통령을 뽑는 선거가 아니고, 어려운 부산의 살림꾼을 뽑는 시장 선거""라며 ""초기는 심판론이 우세했지만 지금은 바닥 민심이 바뀌고 있다""고 했다. 김 후보는 ""인물론으로 시민 여론의 중심이 바뀌고 있다""고 재차 강조하며, ""(가덕도 특별법 통과 등) 이런 일을 할 수 있는 후보는 깨끗하고 정직하고 유능하고 검증된 김영춘이고 민주당이라고 부산시민에 말하고 있다""고 했다. 이어 ""인맥 총동원해서 부산 지역 아는 사람 지인을 찾아 투표를 독려해 달라. 그러면 꼭 이길 수 있다. 이기겠다""고 말했다. ▲더불어민주당 김영춘 부산시장 후보와 김태년 당대표 직무대행 등이 6일 오전 부산진구 선거사무소에서 열린 화상 의원총회에서 파이팅하고 있다. ⓒ연합뉴스"
171,2021.04.05.,"박영선 ""오세훈·MB는 한 세트"" vs. 오세훈 ""박영선은 존재 자체가 거짓말""",곽재훈,"4.7 서울시장 보궐선거를 앞두고 열린 마지막 방송 토론회에서 여야 서울시장 후보들이 또 한 번 진흙탕 싸움을 벌였다. 더불어민주당 박영선 후보는 '내곡동 땅', '태극기 집회', '이명박 측근' 등의 소재로 상대 후보 흠집내기에 주력했고, 국민의힘 오세훈 후보는 집값 폭등, 재개발, 부동산 세금 등의 이슈로 '욕망의 정치'를 재현했다. 두 후보는 5일 오후 방송기자클럽 주최 TV 토론에서 다시 정면으로 충돌했다. 그간 쟁점이 돼온 오 후보의 내곡동 처가 땅 의혹과 관련해 박 후보가 준비해온 패널을 들고 의혹을 제기하자, 오 후보는 내곡동 국민임대주택 사업 제안은 자신이 시장으로 당선되기도 전인 2006년이라고 반박했다. 이에 박 후보는 ""오 후보는 2002년 이명박 서울시장 대변인이었다""며 ""이명박 시장과 내통한 것""이라는 주장을 폈다. 오 후보는 발끈하며 ""제가 측량 현장에 간 사실이 중요하지도 않다. 이해찬 전 민주당 대표도 언론 인터뷰에서 '시장이 되기 전에 현장에 간 것이 무슨 이해관계 충돌이냐'고 했는데, 이런 말을 존중했으면 한다""고 반박했다. 당시 내곡동 땅 측량 현장의 알리바이를 놓고 인근 식당 주인이 오 후보를 봤다고 주장한 데 대해서는 ""수사기관에서 대질신문 한 번이면 해결될 것""이라며 ""이미 고소를 했다""고 일축했다. 이에 박 후보는 ""BBK와 똑같은 형국을 만들려는 것""이라는 주장을 폈다. '이명박과 내통' 발언에 이어 '오세훈=이명박2' 프레임을 씌우려는 전술로 해석됐다. 박 후보가 ""이명박의 BBK에 대해 사과하셨나?""라고 묻자, 오 후보는 황당하다는 듯 ""제가 알 바 아니다. 그것을 내가 왜 설명하느냐""고 맞서기도 했다. 박 후보는 ""이명박과 한 세트(set) 아니었느냐? 이명박 대통령 때 서울시장이었지 않느냐""고 공세를 이어갔다. 오 후보가 ""이게 (토론 주제인) 민생과 무슨 관계가 있느냐""고 항변하자 박 후보는 ""시민들이 거짓말 난무하는 시장을 원하지 않는다. 다 민생과 관계가 있다""고 했다. 오 후보는 ""오히려 박 후보가 거짓말 본체""라며 ""박 후보의 존재 자체가 거짓말 아니냐? (민주당은) 후보를 안 내기로 하지 않았느냐""고 민주당의 당헌 개정을 파고들었다. 이에 대해 이번엔 박 후보가 발끈했다. 박 후보는 ""무슨 그런 말을 하느냐. 상대 후보에 대해서 '존재 자체가 거짓말이다'(라고 한) 그것은 아주 몹쓸 이야기""라고 정색을 했다. 오 후보도 ""지금까지 계속 오세훈을 거짓말쟁이라고 한 게 누구냐?""라고 언성을 높였다. 박 후보는 ""거짓말쟁이지 않느냐""고 받아쳤다. 오 후보는 ""아니 본인은 거짓말쟁이라고 해도 되고, 저는 하면 안 되느냐""고 혀를 찼다. 오 후보에 대한 박 후보의 공세는 ""'태극기 집회'와 함께하느냐? 전광훈 목사와 같이하느냐, 안 하느냐?""로 이어졌다. 오 후보는 ""그때 (2019년 10월) 가서 연설 한 번 했다. 문재인 대통령이 독재자라고 했다""고 답했다. 박 후보가 ""독재의 의미가 뭐냐""고 따지자, 오 후보는 ""야당을 무시하는 것이다. 국민 의사를 무시하는 것이다""라고 답했다. 박 후보가 ""야당을 무시하면 독재냐? 국민 의사를 무시하면 독재냐?""라고 다시 묻자, 오 후보는 어리둥절한 듯 ""아니냐?""고 되물었다. 박 후보는 ""독재가 참 쉬워졌다""고 비꼬았지만, 표준대국어사전에 따르면 독재는 '민주적 절차를 부정하고 통치자의 독단으로 행하는 정치'를 뜻한다. 오 후보가 ""이게(태극기 집회가) 민생과 무슨 상관이냐""고 따지자, 박 후보는 ""태극기 집회는 소상공인들 매출에 찬물을 끼얹은 주체다. 매출이 회복되고 있었는데 8.15 집회 이후 코로나 팬데믹이 생겼다""며 ""소상공인들이 피해를 보고 영업을 못 했다""고 근거를 댔다. 태극기 집회 논쟁은 내곡동 문제로 다시 돌아왔다. 오 후보가 ""내곡동 땅이 또 민생하고 어떻게 연결되느냐""고 항의하자, 박 후보는 ""다 민생하고 관련이 있다""며 ""집값이 민생하고 관련이 없느냐""고 맞받았다. 오 후보는 ""생태탕 매출 때문에 관련되느냐""고 비꼬고, 박 후보는 ""아 그러네. 가르쳐줘서 감사하다""는 빈정거림으로 맞받기도 했다. 박 후보는 파이시티 비리 사건과 관련, 오 후보 캠프 비서실장을 맡고 있는 강철원 전 서울시 특보가 유죄 판결을 받은 일을 문제삼기도 했다. 오 후보는 ""제 참모 중 한 명""이라며 ""그렇게 따지면 민주당 이광재, 안희정, 박지원 등은 다 실형 살고 나왔지만 지사도 되고 국정원장도 되지 않았느냐. 민주당에도 그런 사례가 있는데 왜 제 주변 사람 한 명을 골라서 그러느냐""고 했다. 이처럼 박 후보의 전략이 오 후보에게 개발 비리, 극우 집회, 이명박 전 대통령 등 부정적 이미지를 덧씌우려는 것이었다면, 오 후보의 전략은 집값·재건축·세금 등 서울 유권자들의 부동산 관련 이익 추구를 부추기는 것이었다. 오 후보는 박 후보에게 ""며칠 전 '이 정부 부동산 정책이 꼭 잘된 것만은 아니다'라고 했는데 어떤 점이 잘못이냐""고 물었다. 박 후보가 ""1인 가구 증가를 공급이 쫓아가지 못한 부분을 반성한다""고 답을 하자, 오 후보는 재차 ""잘못한 게 그거 한 가지냐? 이 정부 부동산 대책 다른 것은 다 잘 됐고 1인가구 공급을 제때 못 했다는 것?""이라고 되물어 ""그렇다""는 답을 이끌어냈다. 오 후보는 또 ""공시지가를 급격히 상향한 것이 잘한 것이냐""고 물어 담세자들의 공감을 유도하기도 했다. 박 후보는 이에 대해 ""6억 이하 아파트는 재산세가 내렸고, 공시지가가 올라간 것은 그 이상(가격대)이다""라고 방어했다. 2020년 서울 아파트 중위가격은 9억 원을 돌파했다. 오 후보는 이어 ""지난 1년 동안 노원·도봉·강북구는 공시지가가 20~30% 올랐다, 너무 많이 올라서 당장 동결해도 부담스럽다""며 ""동결시키지 않고 앞으로 10%씩 더 올리면 엄청난 부담이 된다""고 공격했다. 박 후보는 이에 대해 ""10%씩 올린다는 게 아니라 ('최대' 10%로) '캡'을 씌운다는 것""이라며, 최대 10% 상승도 무리라는 오 후보의 주장에 대해서는 ""뭐가 무리냐. 부동산 값이 올라가지 않으면 공시지가도 올라가지 않는다""고 말했다. 한편 박 후보는 오 후보의 재개발 공약 발표에 대해 ""용산참사 같은 일이 다시 생길 수 있다""며 ""용산참사의 본질이 뭐냐"", ""그래서 용산참사 같은 일을 또 일으키겠다는 것이냐""는 역공을 펴기도 했다. 오 후보는 ""거기서 용산참사가 왜 나오느냐. 용산참사는 임차인 관련 문제였다""며 ""자꾸 '내쫓는다'는 표현을 쓰시는데, 내쫓은 게 서울시가 아니다""라고 했다. 토론 사회자가 격한 분위기를 진정시키려 토론 중간에 상대 후보의 장점을 말해보라는 주문을 해도 돌아온 답은 순수한 칭찬이 아니라 언중유골이었다. 오 후보는 ""집념과 열정""을 박 후보의 장점으로 꼽았다. 자신에 대한 집요한 공세를 비꼬는 것으로 보였다. 박 후보는 오 후보에 대해 ""언변과 패션 감각이 뛰어나다""고 했다. 내곡동 땅 의혹과 관련해 민주당이 연일 '거짓말', '말 바꾸기'라고 비난 공세를 펴고 있는 점, 측량 당시 호 후보가 흰 면바지에 선글라스, 페라가모 구두를 착용했다는 인근 식당 주인의 증언 등을 연상시켰다. ▲ 더불어민주당 박영선 서울시장 후보(왼쪽)와 국민의힘 오세훈 서울시장 후보가 5일 서울 양천구 목동 예총회관에서 열린 한국방송기자클럽 초청 서울시장 보궐선거 후보자 토론회에서 인사하고 있다. ⓒ연합뉴스"
182,2021.04.04.,"사전투표율 해석 제각각…박영선 ""샤이 진보 나와"" vs. 오세훈 ""경고 메시지""",박정연,"4.7 재보선 전국 사전투표율이 역대 재·보궐 선거 최고치를 기록한 가운데 더불어민주당은 '샤이 진보'가 투표장으로 향했다고 분석했다. 반면 국민의힘은 정부를 향한 경고의 메세지라며 '정권 심판론'을 강조했다. 지난 2~3일 진행된 4.7재보선 전국 사전투표율은 20.54%로 집계됐다. 2018년 치러진 6·13 지방선거 사전투표율 20.14%보다 0.4%포인트 높은 수치이자 역대 재보선 사전투표율로는 최고치다. 서울과 부산의 사전투표율은 각각 21.95%, 18.65%였다. 특히 서울 투표율은 3년 전보다도 2.85%포인트 상승했다. 민주당과 국민의힘의 양자 대결 구도인 이번 재보궐 선거에서 높은 사전투표율이 어느 쪽에 유리할 지는 미지수다. 앞서 4·7 서울시장 보궐선거 여론조사 공표금지 직전 '마지막 조사'인 지난달 31일 여론조사 결과 오세훈 국민의힘 서울시장 후보는 50.5%, 박 후보는 28.2%였다.(코리아리서치·입소스·한국리서치 조사. 95% 신뢰수준 ±3.1% 포인트) 오 후보가 박 후보를 22.3%포인트로 앞서며, 격차가 종전 여론조사보다 더 벌어진 셈이다. ▲더불어민주당 박영선 서울시장 후보와 국민의힘 오세훈 서울시장 후보가 4일 서울 서초구 사랑의교회에서 열린 한국교회 부활절 연합예배에서 악수하고 있다. ⓒ연합뉴스 여론조사에서 부진했던 박 후보는 높은 사전투표율을 '샤이 진보'의 영향력이라고 강조하며 '집토끼 결집'에 박차를 가했다. 박영선 민주당 서울시장 후보는 4일 국회에서 열린 기자 간담회에서 ""사전 투표율이 높은 건 민주당이 그동안 여러가지 일로 많이 부족했지만, 우리가 올바른 길로 나가기 위해서는 민주당 기호 1번을 찍어야 한다는 결집이 시작된 것""이라고 분석했다. 박 후보는 ""'샤이 진보'가 몇 프로 있는 지는 잘 모르지만 있는 것은 분명하다""며 ""어제 하루만 해도 제가 명함을 나눠드리는데 조그만 소리로 저한테 와서 '투표하고 왔다, 너무 걱정말라'고 했다""며 ""제가 보기에는 '샤이 진보'가 굉장히 많이 있고 여론 조사 상에서도 '샤이 진보'가 전화를 받지 않았을 확률이 높다고 보고 있다""고 말했다. 박 후보는 ""아무리 민주당이 밉다고 하지만 그렇다고 해서는 거짓말하는 후보가 시장이 되는 걸 아이들에게 가르쳐 줄 순 없지 않나""라며 ""'우리가 그 정도로 마음이 망가진 상황은 아니지 않냐'며 한 어머니가 말했다""고 직접 만난 '샤이 진보'를 소개하기도 했다. 반면, 국민의힘은 높은 사전투표율은 '심판론'이 반영된 결과라고 분석했다. 전날 오세훈 후보는 사전투표를 마친 뒤 기자들과 만나 ""나라의 미래에 가장 중요한 수도 서울의 선거에 관심이 높으실 것""이라며 ""부동산 가격 상승을 비롯한 정부의 잘못에 대해 투표로 경고의 메시지를 담기 위해 (유권자들이 투표소에) 나오신 것""이라고 분석했다. 이날 박형준 부산시장 후보의 지원 유세를 위해 부산을 찾은 김종인 국민의힘 비상대책위원장은 ""이번 서울시장, 부산시장 보궐선거는 단순한 시장 선거가 아니다. 지난 4년간 문재인 정부의 실정을 심판하는 선거""라며 ""그동안 현 정부가 무엇을 성취했는지 전혀 알 길이 없다""며 '정권 심판론'을 재차 강조했다. 그러면서 김 위원장은 ""4월 7일 보궐선거는 과거 오거돈 시장의 성폭력 사태로 발생한 선거""라며 ""성폭력 후계자를 절대 시장으로 만들지 않을 것으로 확신한다""고 말했다. 이어 ""사전투표를 보니 박형준 후보가 많은 차이로 당선될 것이라고 확신한다""고 했다. 한편, 지난 31일 코리아리서치·입소스·한국리서치가 MBC·KBS·SBS 의뢰로 서울 시민 1,007명을 대상으로 한 여론조사의 자세한 내용은 중앙선거여론조사심의위원회 홈페이지를 참조하면 된다."
195,2021.04.01.,"공개 경고 받은 '내로남불' 박주민, 박영선 캠프 보직 사임",박정연,"김태년 더불어민주당 당대표 직무대행이 1일 임대차법 시행 직전에 월세를 인상해 논란이 된 박주민 의원에게 공개 경고를 보냈다. 박 의원은 곧바로 ""국민과 당의 질책을 무겁게 받아들인다""며 박영선 서울시장 후보 캠프 홍보디지털본부장에서 사임했다. 허영 민주당 대변인은 이날 국회 브리핑에서 ""김 대행이 박 의원에게 전화해 당 차원의 강한 경고를 전달했고, 자성을 촉구했다""며 ""당의 경고에 대해서 박 의원의 합당한 의견표명이 있을 것으로 기대하고 있다""고 밝혔다. 이에 박 의원은 자신의 페이스북을 통해 ""국민 여러분과 당의 질책을 무겁게 받아들이며 국민 여러분이 느끼셨을 실망감에 다시 한번 사죄드린다""며 박 후보 캠프의 홍보디지털본부장에서 물러난다고 밝혔다. 이어 ""비록 직은 내려놓지만 박 후보의 승리를 위해 제가 할 수 있는 역할은 어떠한 것도 마다하지 않겠다""고 밝혔다. 주택임대차보호법 개정안 대표발의자인 박 의원은 전월세 상한제 등을 골자로 한 '임대차 3법' 통과를 한 달 앞두고 자신의 중구 신당동 아파트의 임대계약을 새로 체결하면서 임대료를 보증금 1억 원에 월세 185만 원으로 책정했다. 종전 임대료는 보증금 3억 원에 월세 100만 원으로, 당시 4%이던 전·월세 전환율로 환산하면 9%에 해당돼 '내로남불' 비판이 거세진 상태다."
216,2021.03.30.,"부동산, 내곡동, 성추행…박영선·오세훈 '100분 난타전'",박정연,"4.7 서울시장 보궐선거에 나선 더불어민주당 박영선, 국민의힘 오세훈 후보가 29일 밤 첫 TV토론에서 정면으로 맞붙었다. MBC <100분 토론>에서 격돌한 두 후보는 내곡동 땅 '셀프 보상' 의혹과 박원순 전 시장의 성추행 문제 등 상대방의 약점을 집요하게 파고들었다. 다만 이번 선거 최대 이슈로 떠오른 부동산 투기 사건에 대해선 오 후보가 공격하고 박 후보가 방어하는 양상이 뚜렷했다. 부동산 문제는 토론 초반부터 가장 큰 쟁점으로 떠올랐다. 오세훈 후보는 ""집값, 전세, 월세가 오르면 주머니 사정이 얇아지고 경제 악순환의 계기가 된다""며 ""그동안 집값이 많이 올랐다. 문재인 정부가 참 몹쓸 짓을 시민·국민께 했다""고 했다. 그러면서 ""문재인 정부의 무능과 실정에 실망한 유권자들이 이번 보궐선거에서 경고의 메시지를 보내줬으면 한다""고 '정부 심판론'에도 방점을 뒀다. 이에 대해 박 후보는 ""문재인 정부의 부동산 정책이 잘했다고 생각하지 않는다""며 자세를 낮추면서도 오 후보의 내곡동 처가땅 '셀프보상' 의혹으로 반격을 시도했다. 박 후보는 오 후보를 향해 ""내곡동 땅 관련해서 (오 후보 처갓집이) 36억5000만원의 보상을 받았다""며 ""추가로 받은 게 있느냐""고 물었다. 오 후보는 ""없다, 장인·장모가 추가로 받은 게 있는지 어떻게 아느냐""고 답했다. 박 후보가 ""서울주택도시공사(SH)로부터 답변서를 받았는데, 단독주택용지 특별 공급을 추가로 받았다""며 공세를 이어가자 오 후보는 ""기억에 없다. (처가의 일을) 어떻게 정확히 알겠느냐""고 답변했다. 또한 오 후보가 2005년 내곡동 땅 측량 때 입회했다는 언론 보도를 바탕으로 박 후보가 ""증인이 세 명""이라고 공격하자, 오 후보는 ""16년 전 일을 정확히 기억 못해서 여지를 두지만, '삼인성호'라는 옛말이 있다""며 허위 공세라는 취지로 방어했다. ▲4·7 서울시장 보궐선거 더불어민주당 박영선, 국민의힘 오세훈 후보가 29일 밤에 열린 TV토론회에 참석해 발언하고 있다. ⓒ연합뉴스 박영선 ""무상급식 때문에 보궐선거"" vs 오세훈 ""성추행에 의한 보궐선거와 같나"" 4.7 재보궐선거에 대한 책임 공방도 오갔다. 오 후보는 ""할 일 많은 시점에 1년 임기 보궐선거가 왜 생겼는지 다들 아실 것""이라며 ""전임 시장의 바람직스럽지 못한 사건이 있었다. 바로잡아야 한다""고 박원순 전 시장의 성추행 사건을 환기했다. 또한 민주당이 이번 보궐선거 후보 공천을 위해 당헌 개정을 전당원투표에 부쳤던 점을 둘러싸고 박 후보가 ""투표를 하지 않았다""고 답하자, 오 후보는 ""2차 가해에 동의한 것이다. 불참은 결론이 나는 대로 두고 본다는 것이지 않나""라고 추궁했다. 반면 박 후보는 서울시장 재임 시절 무상급식 반대를 위해 직을 걸고 주민투표에 나섰던 오 후보의 과거사를 떠올리며 ""당시 이것(무상급식 반대 주민투표) 때문에 보궐선거가 있었다""며 ""(오 후보는) 2011년 보궐선거의 원인 제공자""라고 반격했다. 박 후보는 ""보궐선거 이유를 제공한 건 똑같다""며 '보궐선거 원죄론'을 이어갔지만, 오 후보는 ""(박 전 시장의) 성추행에 의한 보궐선거와 똑같다는 것이냐""며 ""인정할 수 없다""고 받아쳤다. 오 후보는 ""(나는 보궐선거 원인을 제공한 책임 때문에) 수 십 차례 사죄드렸다""며 ""박 후보는 이번 보궐선거에 대해 사죄할 마음이 있느냐""고 역공을 가하기도 했다. 이에 박 후보는 ""이전에도 사과드렸고, 오늘도 사과하라고 하면 이 자리를 빌려 진심으로 서울 시민께 사과드린다""며 고개를 숙였다. 그러나 오 후보는 ""사과하는 마음이면 '피해호소인' 3인방을 쓰지 않았어야 하는 것 아닌가. 이들의 발언은 대한민국 모든 딸들에 대한 것""이라고 따졌고, 박 후보는 ""그분들이 스스로 사퇴하지 않았나""라며 ""상처를 드린 것에 대해 죄송스럽게 생각한다""고 했다."
234,2021.03.26.,"박영선, 20대 지지율 질문에 ""4~50대보다 역사 경험치 낮아""",곽재훈,"4.7 서울시장 보궐선거 유세에 나선 여야 후보들이 선거운동 현장에서 설화성 발언으로 입길에 올랐다. 박영선 더불어민주당 서울시장 후보는 26일 서대문구 북가좌초등학교 앞에서 녹색어머니회 활동을 한 뒤 기자들과 만난 자리에서 '20대 지지율이 낮다'는 취지의 질문을 받자 이렇게 답했다. ""20대의 경우, 과거의 역사 같은 것에 대해서는 40대와 50대보다는 경험치가 낮지 않나, 그래서 지금 벌어지는 여러 상황을 지금 시점에서만 보는 경향도 있다."" 박 후보는 ""그러나 20대들이 10년 전 무상급식을 반대하거나 광화문 광장의 은행나무를 다 베어버린 것을 생각하면 '또 그건 아닌 것 같다'(고 할 것)""이라고 주장했다. 경쟁자인 국민의힘 오세훈 후보를 에둘러 비판한 것이다. 야당에서는 즉각 ""습관적 청년 비하""라는 지적이 나왔다. 국민의힘은 선대위 부대변인 명의 논평을 내어 ""지지율이 떨어지면 자신을 먼저 돌아보는 것은 정치의 기본 이전에 세상 순리인데, 박 후보는 자신에 대한 낮은 20대 지지율의 원인으로 '역사적 경험치'를 운운했다""고 꼬집었다. 국민의힘은 ""황당하고 어이없는 인식이자, 이 땅의 청년들을 얕잡아보는 발언""이라며 ""지난 2019년에도 민주당 설훈 의원은 20대 남성들에 대해 '교육을 제대로 못 받아서 민주당을 지지하지 않는다'고 폄훼했고, 홍익표 의원도 '지난 정권의 반공 교육 때문'이라며 상처를 줬다""고 지난 일까지 들춰냈다. 국민의힘 오세훈 후보는 이날 오전 서울 강서구 증미역 유세에서 지난 2019년 자신이 광화문 '태극기 집회'에 나가서 했던 연설 내용을 변호하며 ""제가 연설할 때 (문재인 대통령에게) '무슨 중증 치매 환자도 아니고'라고 지적했더니 과한 표현이라고 한다. 야당이 그 정도 말도 못 하느냐""고 항변했다. 오 후보는 당시 상황에 대해 ""국민들은 집값 올라간다고 난리인데 문 대통령 본인은 '집값 아무 문제 없다', '전국적으로 집값이 안정돼 있다'고 넋두리 같은 소리를 했다""며 자신은 정당한 비판을 했다는 취지로 주장했다. 오 후보는 당시 ""중증 치매 환자 넋두리 같은 소리""라고 했다. 정치적 비판의 품격 문제를 떠나, 질병인 치매를 정적 동원에 비난한 것은 환자·가족에게 상처를 주는 표현이 될 수 있다. 더불어민주당은 지난 24일 김태년 당 대표 대행이 직접 나서 ""전광훈이 주도하는 태극기부대 집회에 참석해서 문 대통령을 향해 '독재자', '중증 치매환자', '정신 나간 대통령' 등 입에 담기 어려운 광기어린 막말 선동을 했다""며 ""'MB 아바타'를 넘어서서 완전히 극우 정치인""이라고 공세를 펴고 있다."
248,2021.03.26.,오세훈 55% vs 박영선 36.5%…20대도 오세훈 강세,서어리,"국민의힘 오세훈 서울시장 후보가 단일후보로 선출된 이후 실시된 첫 여론조사에서 오 후보가 박영선 더불어민주당 후보를 20%p(포인트) 가까이 앞선다는 결과가 공식 선거 기간의 첫날인 25일 나왔다. 여론조사 전문기관 리얼미터가 단일화 성사 다음 날인 24일 조사한 결과, ""오 후보를 뽑겠다""는 응답이 55%, ""박 후보를 뽑겠다""는 응답이 36.5%로 나타났다. 두 후보 간 격차는 18.5%p로 오차범위를 크게 넘어선 수준이다. 당선 가능성을 묻는 질문에서는 격차가 더 벌어졌다. 오 후보의 당선 가능성을 점치는 응답은 59.3%, 박 후보의 당선 가능성을 내다보는 응답은 35.2%였다. 연령별로는 40대를 제외한 모든 연령대에서 오 후보가 박 후보에 앞서고 있는 것으로 나타났다. 특히 20대(만 18~29세)에서 오 후보가 60.1% 지지를 얻어 박 후보(21.1%)를 3배 가까운 차이로 압도했다. 박 후보에 대한 20대의 지지율 21.1%는 60세 이상 및 노인층(26.7%)보다도 낮았다. 30대에선 오 후보가 54.8%, 박 후보가 37.8%였다. 반면 40대는 박 후보가 57.9% 지지를 얻어 오 후보(34.7%)보다 높게 나타났다. 50대에서는 오 후보(47.1%)와 박 후보(45.2%)가 박빙 양상을 보였다. 거주 지역별로는 오 후보가 서북권(53.1%), 동북권(49.4%), 강서권(56.6%), 강남권(62.8%) 등 전 지역에서 박 후보를 앞섰다. ""이번 선거에 반드시 투표하겠다""는 적극 투표층에서는 오 후보 57.9%, 박 후보 36.4%의 지지율을 보였다. 투표 의향을 묻는 질문에는 ""투표하겠다""는 응답이 95.5%, ""투표하지 않을 것""이란 응답이 4.1%, ""잘 모름""이 0.4%로 나타났다. 지지 후보 변경 가능성을 묻는 질문에는 ""계속 지지할 생각""이라는 응답이 82%, ""바뀔 가능성이 있다""는 응답이 15.8%로 나타났다. 한편, 정당 지지도는 국민의힘 37.7%, 민주당 30.1%, 국민의당 9.1%, 정의당 5%, 열린민주당 3.7% 순으로 나타났다. 문재인 대통령의 국정 수행 평가 조사에서는 긍정 평가가 35%, 부정 평가가 61.3%로 나타났다. 이번 조사는 리얼미터가 오마이뉴스 의뢰로 지난 24일 하루 동안 서울시 거주 만 18세 이상 806명을 대상으로 무선 90%, 유선 10% ARS 방법으로 진행했으며, 응답률은 11%, 표본오차는 95% 신뢰수준에 ±3.5%p다. 자세한 여론조사 내용은 리얼미터 홈페이지나 중앙선거여론조사심의위원회 홈페이지를 참고하면 된다."
249,2021.03.25.,"박영선 ""하루에 2%씩 지지율 올린다"", 이낙연 ""임종석 신중하라""",박정연,"25일 자정부터 4.7 서울시장 보궐선거 공식 선거운동이 시작되자, 박영선 더불어민주당 후보는 편의점 야간 아르바이트로 선거운동을 시작했다. 이날 새벽 홍대 앞 편의점에서 야간 아르바이트 체험에 나선 박 후보는 20대 남성 직원과 함께 약 1시간 동안 매대를 정리하고, 계산을 하며 아르바이트 생활의 고충을 들었다. 밤 11시부터 아침 8시까지 일한다는 20대 남성 아르바이트생은 공무원 시험을 준비하며 아르바이트를 병행하고 있고, 아르바이트 급여만으로 한 달 생활비를 충당하기엔 부족하다는 고충을 털어놓았다. 박 후보는 이 청년에게 ""서울시에서 20만원씩 월세를 지원해주는 정책을 추진하면 도움이 될까요?"", ""창업하는 청년들에게 5천만원 무이자로 빌려주고 30세, 40세에 갚는 정책도 하려고 한다""며 정책 의견을 묻기도 했다. ▲4·7 재보궐 선거운동 첫날인 25일 자정께 첫 선거운동으로 편의점 야간 아르바이트에 나선 더불어민주당 박영선 서울시장 후보가 서울 마포구 홍대 앞 한 편의점에서 상품을 정리하고 있다. ⓒ연합뉴스 박 후보는 일정을 마친 뒤 ""코로나19로 제일 힘든 분들이 소상공인, 자영업, 청년들이기 때문에 이분들 생활의 아픔과 고단함을 몸소 느껴보고 싶었다""며 ""청년들이 최저임금 8720원에 야간수당 50%를 받으면서 꿈을 위해 고단하게 산다는 것을 느꼈다""고 했다. 편의점 아르바이트를 시작으로 박 후보는 이날 오전 8시 신도림역을 찾아 시민들과 출근 인사를 나눴다. 또한 구로디지털단지를 비롯해 양천구, 영등포구 등을 돌며 소상공인과 지역경제 등을 찾아 민생경제를 강조하는 일정을 소화할 예정이다. 빡빡한 현장 일정 속에서도 박 후보는 TBS 라디오 '김어준의 뉴스공장'에 출연해 국민의힘 오세훈 후보를 집중 비판하며 각을 세웠다. 그는 ""오 후보는 아직도 유치원 무상급식 공약에 대해 '세금 급식'이라고 이야기한다""면서 ""시대착오적인 생각""이라고 했다. 그러면서 ""낡은 행정을 하는 후보가 다시 서울시장이 되는 것은 막아야 한다""고 했다. 오 후보의 '내곡동 땅 셀프 보상' 의혹에 대해서도 박 후보는 ""부하직원이 전결했다고 모든 것을 뒤집어씌우는, 참 나쁜 후보""라고 했다. 박 후보는 여론조사에서 나타나는 열세 전망과 달리 ""지지율을 하루에 2%씩 따박따박 올릴 자신이 있다""고 자신감을 드러내기도 했다. 이낙연 민주당 상임공동선대위원장도 MBC 라디오 '김종배의 시선집중'에 출연해 ""박빙의 승부가 될 것""이라고 내다봤다. 이 위원장은 특히 박원순 전 서울시장에 대한 재평가를 주장하며 2차 가해 논란을 일으킨 임종석 전 청와대비서실장을 향해 ""신중했으면 한다""고 했다. 이 위원장은 ""아마 무슨 안타까움이 있었겠지만, 이 국면에서는 후보의 생각을 존중하는 것이 옳다""며 이 같이 말했다. 전날 박 후보도 ""피해 여성의 상처가 아물지 않은 상태이기 때문에 그걸 건드리는 발언은 자제해주시는 게 좋지 않을까 한다""고 임 전 실장에 자제를 당부했었다."
255,2021.03.24.,"박영선 ""이번 선거 민주·진보 진영의 선거""…열세 극복할 '샤이 진보' 나올까",박정연,"국민의힘 오세훈 후보와의 지지율 격차가 두자릿수 이상으로 벌어진 여론조사 결과가 나오는 등 수세에 몰린 더불어민주당이 '집토끼 결집'에 총력전을 펴고 나섰다. 여론조사에 반영되지 않는 '숨은 진보' 유권자들이 있기 때문에 박영선 후보의 승산이 충분하다는 계산법이다. 박영선 서울시장 후보 캠프의 전략기획본부장을 맡은 진성준 의원은 24일 기자간담회에서 ""지금 언론들이 전하는 여론조사 상황과는 좀 다른 부분이 있다""며 ""유권자의 정치 지형은 큰 변화가 없다. 민주당 또는 박 후보에 대한 지지 의사를 적극 표명하지 않고 숨기는 '숨은 진보' 지지층이 있다고 판단한다""고 말했다. 진 의원은 ""선거가 급격히 정치화됐고 야권에 대한 지지 쏠림 현상이 나타나게 돼 판세가 크게 요동치고 있다""며 ""객관적으로 보면 (오세훈 국민의힘 후보와) 10%포인트 내외의 격차를 보이고 있다고 판단된다""고 열세를 인정했다. 그러면서도 그는 ""이 정도는 극복할 수 있다고 본다""고 했다. 박 후보도 의원총회에 참석해 ""이번 선거는 박영선의 선거가 이니라 민주당의 선거이고, 민주·진보 진영의 선거""라고 '진영 대결론'을 강조했다. 그는 ""김대중, 노무현 대통령 이후 10년, 이명박 박근혜의 잘못된 역사가 다시는 반복돼서는 안 된다""면서 ""혁신이 승리할 때까지, 개혁이 승리할 때까지 제 온 몸 바쳐서 뛰도록 하겠다""고 했다. 이날 민주당 지지자들 사이에서는 ""당신은 빨간색이 어울리는 사람이 아니다. 당신이 만든 파란색 정부가 힘을 낼 수 있도록 투표해달라""며 지지층에 결집을 호소한 영상이 회자되기도 했다. 고민정 민주당 의원도 이 영상을 자신의 페이스북에 게시하며 지지층 결집을 꾀했다. 이 영상은 ""지난 몇차례 선거에서 연이어 파란색을 찍은 당신에게, 그러나 이번만은 파란색에 표를 주지 않겠다는 당신에게""라는 말로 운을 띄우며 ""파란색이 싫어졌다, 빨간색이 좋아졌다, 이 둘이 같은 말인가"", ""당신은 빨간색이 어울리는 사람이 아니다. 당신은 이제껏 단 한번도 탐욕에 투표한 적이 없다""라고 민주당을 상징하는 '파란색'과 국민의힘을 상징하는 '빨간색'을 대비시켜 진영논리를 부추겼다. 그간 정치 일선에서 물러나있던 이해찬 전 대표도 지난 17일 친여 성향 유튜브채널에 출연해 ""진다고 하니까 낙담해 투표를 안 하고 당은 지원도 안 하고 선거캠프만 혼자 움직인다""며 ""(여론조사에) 속지 말고 포기하지 않으면 역전한다""고 지지층을 결집을 도모했다. 민주당의 '집토끼 결집' 전략은 서울시장 지지도 뿐 아니라 대통령·여당 지지율의 하락세로 이어진 위기감에서 비롯된 것으로 풀이된다. 한 민주당 의원은 ""LH 비리 문제 등으로 촉발된 유권자들의 분노가 큰 데 이를 회복하기까지 시간이 걸릴 수밖에 없다""며 ""(후보에 대한 지지는) 핵심 지지층으로부터 확장되는 것이기 때문에 (지지층에) 호소를 드릴 수밖에 없다""고 말했다. 부동산 악재로 인한 문 대통령과 민주당의 지지율 하락, 오세훈 국민의힘 후보의 선전으로 중도층 이반 현상이 현실화되자 이명박·박근혜 정부에 대한 부정적 인식을 되살리며 '진보냐 보수냐'로 선택지를 좁힌 것이다. 투표율이 높지 않은 재보궐선거의 특성상 지지층을 동원할 수 있는 조직력 대결이 승패를 가를 것으로 내다본 승부수다. 하지만 이같은 극단적 전략이 오히려 중도층의 반감을 사는 것 아니냐는 우려도 나온다. 여권 관계자는 ""야권 단일화 여론조사 응답률이나 최근 여론조사 응답률을 보면 4.7보궐선거에 시민들의 관심이 쏠려있는 것을 알 수 있다""며 ""중도층에게 호소할 수 있는 확장성 있는 메세지가 필요하다""고 말했다."
256,2021.03.24.,"임종석 또 '박원순 소환', 난감해진 박영선",임경구,"임종석 전 대통령비서실장이 24일 박원순 전 서울시장을 옹호하는 글을 페이스북에 또 올렸다. 전날 ""박원순은 정말 그렇게 몹쓸 사람이었나""라는 글을 올려 박 전 시장의 성추행 피해자에 대한 2차 가해라는 논란이 일었음에도, 임 전 실장은 이에 아랑곳없이 박 전 시장의 공적에 대한 재평가를 호소했다. 그는 지난 2011년 박 전 시장이 서울시장에 처음 당선된 시기를 회상하며 ""박 시장의 당선은 서울시민들의 생각이 변했다는 방증이었다""고 했다. ""(전임 시장이었던) 이명박, 오세훈 시장 시절에 속도와 효율이 강조됐다면, 박 시장 시절에는 안전과 복지가 두드러졌다""는 것이다. 임 전 실장은 ""박 시장의 행정에 대한 비판적인 시각도 많다. 시장의 질서나 기업의 효율 등을 무시한다는 비판이 그것""이라며 ""아픔과 혼란을 뒤로하고 선거를 다시 치르는 이 시점에 이런 문제들에 대한 성찰과 평가도 이뤄져야 한다""고 했다. 그러면서 그는 ""(보궐선거일인) 4월 7일 이후의 서울이 어떤 철학과 방향으로 나아가느냐는 우리 자신과 아이들에게 어떤 과거보다 중요하다""고 덧붙였다. 사실상 '오세훈 불가론'을 주장한 것이지만, 임 전 실장의 연이은 '박원순 소환'이 민주당 박영선 후보에게는 달갑지 않은 지원사격이다. 박 전 시장의 성추행 사건으로 유발된 보궐선거에 그의 공적을 재평가하자는 주장은 득보다 실이 많기 때문이다. 실제로 임 전 실장의 '박원순 재평가' 주장은 오세훈 후보에게 ""박영선 후보의 당선은 '박원순 시즌2'""라고 공격할 수 있는 포인트를 제공했다. 진중권 전 동양대 교수도 임 전 실장의 행보가 박 후보에게 악영향을 미친다고 지적하며 ""선거 프레임을 박원순 복권으로 가져가는 것을 보니 민주당 사람들이 박영선 후보가 당선되는 것을 원하지 않는 것 같다""고 했다. 박영선 후보도 불편한 심경을 밝혔다. 임 전 실장의 두 번째 글이 게시되기 직전인 이날 오전, 박 후보는 MBC 라디오 '김종배의 시선집중'에 출연해 ""피해 여성의 상처가 아물지 않은 상태이기 때문에 상처를 건드리는 발언은 자제해주시는 게 좋지 않을까 생각한다""고 했다. 박 후보는 임 전 실장의 글이 지지층 결집용이라는 지적에도 ""도움이 안된다""고 일축하기도 했다. 박영선 후보의 경고에도 불구하고 잦아들지 않는 임 전 실장의 적극적인 태도가 내부 분열로 비쳐지면서, 임 전 실장의 시선은 4.7 보궐선거 이후의 대선 국면에 맞춰진 것 아니냐는 관측도 나온다. 윤석열 전 검찰총장이 대선후보 여론조사에 등장한 이후 이재명 경기도지사와 이낙연 전 대표의 대선후보 지지율이 주춤해지자 여권에선 친문 성향의 '제3후보론'이 꿈틀대기 시작했다. '제3후보' 중 한명으로 꼽히는 임 전 실장의 박원순 옹호론을 강성 지지층 결집을 위한 '몸풀기'로 보는 해석은 그래서 나온다."
259,2021.03.24.,"""오세훈은 극우 정치인"" vs ""박영선은 박원순 시즌2""",박정연,"국민의힘 오세훈 서울시장 후보와 양자대결이 본격화되자 더불어민주당은 오 후보를 ""극우 정치인""으로 공격하며 총력전에 돌입했다. 오 후보가 단일화 경쟁에서 승리한 배경에 중도층의 표심 이동이 작용했다는 분석이 나오자 오 후보의 정치적 포지션을 '극우'로 몰아내려는 전략으로 보인다. 김태년 민주당 대표 직무대행은 24일 당 선거대책위원회 회의에서 오 후보를 겨냥해 ""이명박, 박근혜 전 대통령 구출하기에 혈안이 된 극우 정치인""이라고 했다. 김 대행은 ""오 후보가 마치 중도 이미지를 갖고 계시는 분처럼 알려져 있는데, 2019년 10월 태극기 부대에서 연설한 장면을 보니 극우 정치인""이라며 ""전광훈 목사가 주도한 태극기 부대 집회에 참석해 문재인 대통령을 향해 '정신 나간 대통령'이라는 입에 담기 어려운, 광기 어린 막말 선동을 했다""고 했다. 그러면서 ""(오 후보의) 서울시장 출마는 그 자체로 서울시민에 대한 모독이고 촛불 정신의 정면 도전""이라며 ""극우 정치인 오세훈의 등장과 함께 광기 어린 태극기 부대의 광화문 도심 활극이 벌써부터 걱정된다""고 몰아세웠다. 이날 CBS라디오와 MBC라디오에 연달아 출연한 박영선 후보도 오 후보를 ""낡고 실패한 시장""으로 비판하며 ""태극기 부대 전광훈 목사와 함께 8·15 사태를 선동하지 않았나""라고 가세했다. 박 후보는 또 오 후보의 무상급식 주민투표 논란을 거듭 상기시키며 ""(오 후보는) 아이들을 차별화하는 사람""이라고도 했다. 반면, 오세훈 후보는 ""박영선 후보의 당선은 '박원순 시즌2'""라며 역공했다. 오 후보는 선거대책위원회 회의에서 ""더불어민주당이 성추행 당으로서의 면모를 부인하지 않고 있다""면서 '박원순은 정말 그렇게 몹쓸 사람이었나'라고 박 전 시장을 적극 옹호한 임종석 전 대통령비서실장의 SNS 글을 ""극도의 망언""이라고 비판했다. 오 후보는 ""반성이 손톱만큼도 없다""며 ""성추행 피해자가 계속 불안에 떨며 웅크리고 숨어 있어야 하는 대한민국 수도 서울이 돼야 하는지, 분노하지 않을 수 없다""고 덧붙였다. 임 전 실장의 '박원순 옹호글'에 대해선 박영선 후보도 ""자제해달라""며 경고성 메시지를 보냈다. 박 후보는 ""피해 여성의 상처가 아물지 않은 상태이기 때문에, 그런 상처를 건드리는 발언은 자제해주는 게 좋지 않을까 생각한다""며 이같이 밝혔다. 박 후보는 ""개인적 표현의 자유에 대해서 이야기하긴 그렇지만 앞으로 그런 일 안 해주면 좋겠다""며, 지지층 결집용이라는 해석에 대해서도 ""도움이 안 된다""고 선을 그었다."
264,2021.03.23.,"박영선 ""재탕·삼탕 후보 오세훈"" 집중 포화",박정연,"23일 보수 야권의 단일 후보로 오세훈 국민의힘 후보가 확정되자 더불어민주당 박영선 후보가 ""MB(이명박 전 대통령)를 똑닮은 후보가 돼 두 손을 불끈 쥐게 되는 상황""이라며 본격적으로 각을 세웠다. 박 후보는 이날 한국기자협회 초청 토론회에서 ""(오 후보의 확정을) 예상했던 일이다. 크게 의미를 두지 않는다""며 이같이 밝혔다. 그는 ""오히려 후보가 결정됐기 때문에 머리가 맑아지는 느낌""이라며 ""그간 콩밭에서 다른 일을 하다가 그 일이 안 되니까 서울로 다시 돌아온 재탕, 삼탕 후보""라고 오 후보의 과거 경력을 부각했다. 최근 야권 후보에게 밀리는 여론조사 결과가 나온 데 대해선 ""저는 서울 시민을 믿는다. 코로나19 종식, 글로벌 혁신도시 1위 유지 등 서울의 미래를 서울 시민과 공감할 수 있는 사람이 누구인가를 결정할 것""이라며 ""묘안은 얼만큼 서울시민을 섬길 자세를 보이는지, 얼만큼 겸허한 자세가 있느냐는 것""이라고 답했다. 박 후보 측도 오 후보에 대한 '총공세'에 주력했다. 박 후보 캠프는 이날 하루동안 오 후보에 대한 비판을 담은 논평을 7개나 내놨다. 특히 오 후보의 서울시장 중도 사퇴 경력을 부각하며 '과거와 미래의 대결'을 강조했다. 박 후보는 ""오 후보는 아직도 아이들 밥그릇을 차별하는 문제에 대해서 보편적 무상급식을 반대하고 있다""며 ""결국은 시민을 차별하는 시장""이라고 했다. 이어 ""아이들과 관련된 정책에 차별이 있어서는 안 되고 함께 살아가는 공동체 의식이 있어야 한다""고 강조했다. 그는 오 후보의 내곡동 땅 투기 의혹을 거론하며 ""이와 관련해서 말을 세 번째 바꾸고 있는데, 계속 해서 말을 바꾸는 모습이 MB를 연상하게 하는 대목""이라고 했다. 그는 오 후보가 거짓말을 하고 있다며 ""그린벨트를 푸는 문제는 청와대까지 보고되는 사안인데 이걸 어떻게 시장이 모를 수가 있나. 굉장히 문제가 심각한 발언""이라고 꼬집었다. 박 후보는 또 이날 임종석 전 대통령 비서실장으로 인해 또다시 불거진 '박원순 피해자'에 대한 2차 가해 논란에 대해 ""임 전 실장과 최근 연락한 적이 거의 없어 무슨 뜻으로 그런 얘기를 했는지 모르겠다""며 ""저는 입장이 똑같다. 피해 여성에게 진심으로 사과하고 용서받고 싶다는 입장에 변함이 없다""고 했다. '당내 주요 인사들에게 2차 가해성 발언을 자제해달라고 요청할 의향은 없냐'는 지적에도 ""(임 전 실장은) 지금 당에 오지도 않고, 비서실장을 그만두고는 전화한 적도 없다""고 즉답을 피하며 ""집단 지성이 작동할 것으로 생각한다""고 했다."
274,2021.03.22.,"박영선 ""엄마 시장"", 안철수 ""아줌마""…정치가 여성을 악용하는 방법",박정연,"더불어민주당과 박영선 서울시장 후보가 22일 ""엄마 리더십""을 내세우며 국민의힘 오세훈, 국민의당 안철수 후보 등 남성 야권 후보들에 대한 차별화에 나섰다. 지난 주 '박원순 성추행' 사건에 대한 미온적 대응과 겹쳐 지지율이 하락세로 접어들자 반격의 모멘텀을 모색하기 위한 행보로 보인다. 박 후보는 이날 성동구 성수동의 한 초등학교 옆에서 기자회견을 열고 ""서울시가 책임지는 아이 돌봄을 엄마 시장 박영선에게 맡겨달라""며 ""'엄마 리더십'을 더하겠다""고 말했다. 이낙연 민주당 상임선거대책위원장도 이날 ""엄마의 마음으로 아이를 보살피고 기르고, 딸의 심정으로 어르신을 돕는 자세를 갖춘 후보""라며 박 후보를 지원했다. 그러나 여성 정치를 '돌봄'에 국한시킨 '엄마 리더십' 릴레이는 오래된 '성역할 프레임'에 갇힌 차별적 언어라는 비판을 받고 있다. 조혜민 정의당 대변인은 브리핑에서 ""돌봄을 여성의 몫으로 생각하는 인식이 개탄스러울 따름""이라며 ""자당의 여성 후보를 두고 서울시장으로 적합한 이유에 대해 설명할 말이 고작 성역할 프레임을 씌우는 것 밖에 없었나""라고 이낙연 대표의 발언을 비판했다. 조 대변인은 ""이 위원장은 지난해 7월, 출생과 육아에 대한 차별적인 발언을 일삼고 사과했다""며 ""당시에도 '점잖은 막말'을 하더니 지금도 별 다를 바 없다""고 했다. 이어 ""성차별적인 발언을 지적하는 것도 이젠 지친다""며 ""편견 속에 기대어 말을 쉽게 내뱉는 경솔한 행동은 이제 그만하길 바란다""고 했다. 이 위원장은 지난 7월 바이오헬스를 주제로 진행한 강연에서 ""인생에서 가장 감명 깊은 순간 중 하나는 소녀에서 엄마로 거듭나는 순간이고, 남자는 그런 걸 경험하지 못해 철이 없다""고 말해 비판을 받은 적이 있다. 한편, 안철수 후보는 이날 한 보수 유튜브 채널에 출연해 ""도쿄에 아파트 가진 아줌마는 충분히 상대 가능하다""고 말해 논총을 샀다. 박 후보 남편이 일본 도쿄에 아파트를 보유했던 점을 겨냥한 발언이지만, 통상 여성을 비하하려는 의도로 사용되는 '아줌마'라는 언어를 무의식적으로 내뱉은 것이다."
275,2021.03.22.,"박영선 이어 안철수까지 '내곡동' 공세…오세훈 ""흑색선전 편승""",곽재훈,"극적 협상 과정을 거쳐 야권 후보 단일화 여론조사 경선에 돌입한 국민의힘 오세훈 후보와 국민의당 안철수 후보가 다시 신경전을 주고받고 있다. 특히 안 후보가 오 후보의 내곡동 보금자리주택 부지 관련 의혹을 언급하자, 오 후보는 정색을 하고 나섰다. 안 후보는 22일 오전 기자회견에서 ""내곡동 문제가 확산되고 있다""며 ""새로운 사실이 더 밝혀지고, 당시 일을 증언하는 사람이 나타나면 야권 후보가 사퇴한 상태에서 선거를 치룰 수도 있다""고 말했다. 더불어민주당 박영선 후보 측은 지난 9일 후보 비서실장 천준호 의원 기자회견을 통해 이 문제를 처음 제기한 이래, 2주간 지속적·반복적으로 공세를 펴고 있다. 박 후보 측은 이날도 선대위 대변인을 통해 ""셀프개발 셀프보상"", ""서울시장 임기 동안 '내 보금자리 셀프 보상'에 최선을 다해 매진한 수준""이라고 공격했다. 오 후보의 부인이 부친(오 후보 장인)으로부터 상속받은 내곡동 땅이 보금자리주택으로 최종 지정되는 과정에서, 당시 서울시장이었던 오 후보의 영향력이 작용했다는 것이 더불어민주당 측이 제기하고 있는 의혹의 골자다. 오 후보는 이에 대해 △해당 토지는 1970년 장인이 작고하면서 당시 초등학교 4학년이던 아내 등 유족이 공동 상속한 땅으로 △2006년 이명박 서울시장 시절 이미 임대주택 지구 지정 검토가 이뤄졌고 이후 이명박 대통령 시기(2009년)에 최종 지정·개발이 이뤄진 만큼, 후임 서울시장인 자신은 영향력을 행사할 수 있는 상황이 아니었다고 해명하고 있다. 그는 의혹이 사실일 경우 후보직 사퇴, 정계은퇴까지 불사하겠다고 배수진을 친 상태다. 안 후보는 이날 회견에서 자신은 ""아무런 문제가 없는 후보""이며 ""과거 5년간 시정의 여러 가지 문제로 발목 잡히지 않을 후보"", ""선거기간 내내 추궁당하고 변명하는 것이 아니라 선거기간 내내 상대를 추궁할 수 있는 후보"", ""어떤 공격에도 흔들릴 일 없는 무결점 후보""라고 강조했다. 안 후보는 또 ""그 당시 내곡동을 포함해서 여러 자료들을 민주당이 확보하고 있는 상황""이라며 ""아마 선거 기간 내내 사실이든 아니든 매일 하나씩 터트리고 공격할 것이다. 그러면 그 과정에서 해명하다가 선거 기간이 다 지나갈 위험성이 있다""고 오 후보를 몰아부쳤다. ""이번 선거는 민주당을 추궁해야 하는 선거이다. 야권이 추궁받는 선거가 되게 해서는 안 된다""고도 했다. 오 후보는 즉각 불쾌감을 표시했다. 오 후보는 이날 오전 취재진으로부터 안 후보가 내곡동 의혹을 언급했는데 어떻게 생각하느냐는 질문을 받자 ""지지율 추이를 볼 때 안 후보 캠프에서 의존할 유일한 것은 민주당이 펼치는 흑색선전뿐""일 것이라고 비꼬면서 ""하지만 (그에) 편승하는 것은 단일화 과정에 바람직하지 않다""고 지적했다. 오 후보는 잠시 후 SNS에 쓴 글에서 ""안 후보께서 또다시 내곡동 이야기를 하며 저를 걱정해 주셨다""며 ""안 후보께서 (민주당 박영선 후보에게) 동조하시는 것은 단일화를 앞두고 도리도 아니며, 지지세 결집에 도움도 되지 않는다. 자제를 부탁드린다""고도 했다. 오 후보는 오전 기자회견에서 안 후보를 겨냥해 ""실체가 불분명한 야권연대, 정권교체를 외치는 신기루와 같은 후보로는 이번 서울시장 선거는 끝까지 불안할 수밖에 없다""고 비판하기도 했다. 두 후보의 공방전은 이날부터 이틀간 치러지는 단일화 여론조사 경선의 선거운동 성격이다. 두 후보는 이런 가운데 이날 오후 만나 ""단일화가 어떻게 되더라도 힘을 합해서 함께 결선 치르겠다는 의지와 마음을 서로 확인""(오세훈)하고 ""누가 단일후보로 선출되더라도 최선을 다해 단일후보 당선을 돕겠다는 의지를 국민께 보여드리(안철수)""는 자리를 갖겠다고 밝혔다."
281,2021.03.21.,"박영선 ""도쿄 아파트, 지난 2월 처분했다""",서어리,"박영선 더불어민주당 서울시장 후보가 야당으로부터 '초호화 아파트' 비판을 받은 남편 소유의 일본 도쿄 소재 아파트를 지난 2월에 처분했다고 밝혔다. 박 후보는 21일 자신의 페이스북에 글을 올려 ""남편은 이명박 대통령 취임 후 2008년 회사에서 쫓겨나 일본으로 가게 됐고 거기서 직장을 구해 일본에서 살았기 때문에 아파트를 구입했다""고 밝혔다. 그러면서 ""(아파트가) 재산 신고에 들어있는 것은 지난해 12월 말 기준으로 재산신고 했기 때문""이라고 덧붙였다. 한편 박 후보의 남편이 일본에 가게 된 이유가 'MB 사찰' 탓이 아니라고 밝힌 홍준표 무소속 의원을 향해 ""아무 죄 없는 민간인을 내사하고 압수수색한 사실을 실토했다""고 비판했다. 앞서 홍 의원은 이날 페이스북에 2007년 대선 당시 불거진 '김경준 기획 입국설'을 언급하며 ""대선 후 검찰수사는 박 후보의 남편 관여 여부로 번졌고 남편이 근무하는 법무법인 사무실까지 압수수색하니 박 후보의 남편은 그 법무법인에 근무하지 못하고 일본으로 건너간 것""이라고 주장했다. 홍 의원은 ""우리는 김경준 기획 입국에 모종의 묵계가 있을 것으로 보았으나 증거가 부족해 고발하지 못했고 단지 진상을 규명해 달라는 취지로 검찰에 수사 의뢰를 한 바 있다""며 ""사찰이 아니라 검찰 내사였고 우리는 박영선 후보 남편에 대해 심증만 갔을 뿐 지목한 일은 없었다. 결과적으로 일이 그렇게 된 점에 대해서는 다시 한번 유감을 표한다""고 했다. 박 후보는 이에 ""드디어 홍준표 대표가 고백을 하셨다. 고백해 주셔서 감사하다""며 ""국정원 직원 붙여서 우리 가족 사찰하면서 검찰 범죄정보기획단에 정보보고 하던 사건, 우리 가족을 뿔뿔이 흩어지게 했던 피가 끓어 오르는 이야기를 또 꺼낸다""고 했다."
282,2021.03.21.,"박영선 측 ""박근혜 노령연금 20만 원 공약도 매표행위였나?""",서어리,"박영선 더불어민주당 서울시장 후보가 내세운 '보편적 재난위로금 10만 원' 공약에 대해 야권에서 매표 행위라고 비판하자 ""2012년 대선 당시 박근혜 후보의 기초노령연금 20만 원 지급 공약도 매표행위였느냐""면서 반박하고 나섰다. 이동주 박영선 캠프 대변인은 21일 논평을 통해 ""국민의힘은 2012년 대선에서 박근혜 후보의 기초노령연금 20만원 지급 공약을 기억할 것""이라며 ""당시 새누리당에 있던 김종인 현 국민의힘 비대위원장이 제안했던 것 아니냐. 그것도 현금살포, 매표행위였느냐""고 했다. 이 대변인은 ""재난위로금은 우리 경제의 코로나19 극복에 꼭 필요한 치료제""라며 ""가계 경제 위기 상황에서 이를 안정시키고, 소비진작 효과로 어려움을 겪는 소상공인·자영업자에게 단비가 될 것""이라고 했다. 그러면서 ""국민의힘은 흑색선전에만 몰두하지 말고, 코로나19로 어려워진 서울시민의 삶을 어떻게 회복시킬 수 있을지 하루에 단 1분만이라도 고민해달라""고 덧붙였다. 강선우 대변인도 오세훈 국민의힘 서울시장 후보를 향해 ""오 후보가 내곡동 땅 투기 셀프보상으로 본인 주머니에 36억 원을 챙겼던 정성의 반의 반 만큼이라도 코로나19로 고통 받고 계신 서울시민께 쏟는다면 이렇게 비난하며 반대만 할 수는 없을 것""이라며 ""우리 아이들의 급식처럼 시민을 위한 재난위로금 10만 원이 그렇게 아깝느냐""고 지적했다. 강 대변인은 ""필요한 예산 1조 원은 지난해 많은 세입으로 발생한 4조 원의 순세계잉여금으로 충당된다. 서울시민께서 주신 세금을 시민께 다시 돌려드리는 건데 왜 이리 배 아파하는 거냐""며 ""아이들 밥그릇을 차별하고, 코로나19로 인한 시민의 고통을 차별하는 오 후보가 꿈꾸는 서울은 '차별 가득한 서울'이냐""고 했다. 앞서 이날 박 후보는 캠프 대변인으로 강선우·이동주 의원을 추가 임명했다. 앞서 박원순 전 서울시장 성추행 사건 초기 피해자를 '피해호소인'으로 지칭해 2차 가해 논란이 인 것과 관련해 고민정 의원이 18일 대변인직을 사퇴한 지 3일 만이다. 이번 임명으로 박 후보 캠프 대변인단은 박성준·허영·김한규 대변인과 더불어 강선우·이동주 의원까지 5명으로 꾸려졌다."
294,2021.03.18.,"고민정 ""피해자에게 사과"" 박영선 캠프 대변인 사퇴",박정연,"고(故) 박원순 전 서울시장의 성추행 피해자에게 '피해호소인'이란 표현을 써 2차 가해 논란을 빚었던 박영선 서울시장 후보 캠프 대변인 고민정 더불어민주당 의원이 18일 대변인직에서 사퇴했다. 고 의원은 이날 자신의 페이스북에 ""제 잘못된 생각으로 피해자에게 고통을 안겨드린 점 머리 숙여 사과드린다""며 ""박영선 더불어민주당 서울시장 캠프 대변인직을 내려놓겠다""고 밝혔다. 그는 ""어떻게 해야 피해자의 아픔을 치유해 드릴 수 있을까 지난 몇개월 동안 끊임없이 고민해 왔다""며 ""피해자의 일상이 회복될 수 있기를, 이 괴로운 날들 속에서 벗어날 수 있기를 간절히 바란다""고 밝혔다. 전날 박 전 시장 성추행 피해자는 기자회견을 열고 ""사실의 인정과 멀어지도록 만들었던 '피해호소인' 명칭과 사건 왜곡, 당헌 개정, 극심한 2차가해를 묵인하는 상황들, 처음부터 모두 잘못된 일이었다""며 ""저를 '피해호소인'이라고 명명했던, 그 의원들이 직접 제게 사과하도록 박영선 후보가 따끔하게 혼내줬으면 좋겠다""고 말했다. 지난해 7월 9일 박 전 시장이 극단적 선택을 한 뒤 민주당은 A씨를 '피해호소인'으로 지칭해 2차 가해 논란이 일었다. 당시 '피해자'로 불러야 한다는 당내 의견이 있었지만 남인순 의원과 진선미 의원 등은 '피해호소인' 명칭을 주장했고, 고 의원도 ""피해자로 규정하기 이르다""며 동조한 것으로 알려졌다. 한편, 박 후보는 이같은 피해자의 의견에 구체적인 입장을 밝히지 않은 채 ""제가 모든 것을 짊어지고 가겠다""는 언급을 되풀이했다. 박 후보에게 '짊어진다'는 표현의 의미를 묻는 질문에 그는 ""짊어지고 가는 것이 가장 어려운 일이라고 생각한다""며 ""지금 겉으로 드러나는 상황과 그 다음에 진심을 전하는 것은 단순하게 바깥으로 보여지는 것으로 판단할 수는 없지 않겠나""라고 했다. 박 후보는 피해자 쪽에서 어떤 것을 사과하는지 명확하게 밝히라고 요구한 것에 대해선 답 없이 자리를 떠났다."
301,2021.03.17.,"박영선 ""용서받고 싶다""…'알맹이' 쏙 뺀 SNS 사과",박정연,"더불어민주당과 박영선 서울시장 후보가 고(故) 박원순 전 서울시장 성추행 사건 피해자에게 17일 저녁 290자 분량의 짤막한 사과 메시지를 냈다. 박영선 후보는 자신의 페이스북을 통해 ""오늘 박원순 전 시장 피해자의 기자회견이 있었다. 참 힘든 하루였을 거라 생각한다. 얼마나 생각이 많으셨겠나. 진심으로 위로를 전한다""고 말문을 열었다. 이어 ""회견에 제 이름이 언급되었다. 맞다. 제가 후보다. 제가 진심으로 또 사과 드리고 용서도 받고 싶다. 저희 당 다른 분들에게 하고 싶은 이야기는 모두 제게 해달라. 제가 모든 것을 짊어지고 가겠다""고 썼다. 또한 ""지난 이야기도, 앞으로의 이야기도 모두 제게 달라. 부족함이 많지만 더욱 겸허한 마음으로 용서를 구한다. 고맙다""라고 덧붙였다. 그러나 사과문 형식을 빌어 ""용서받고 싶다""고 쓴 박 후보의 SNS에는 박원순 전 시장이 피해자에게 가한 '성추행'이 한 번도 언급되지 않았다. 박 전 시장 성추행 피해자가 이날 오전 기자회견을 갖고 ""이낙연 대표와 박영선 후보가 어떤 것에 대한 사과인지 명확하게 짚어주지 않았다""고 지적했음에도, 박 후보는 성추행 피해 사실을 또 얼버무린 격이 됐다. 또한 피해자는 ""저를 '피해호소인'이라고 명명했던 그 의원들이 직접 저에게 사과하도록 박영선 후보님께서 따끔하게 혼내주셨으면 좋겠다""고 요구했으나, 박 후보는 ""제가 모든 것을 짊어지고 가겠다""며 남인순 의원 등에 대한 방패막이를 자처했다. 한편 민주당도 신영대 대변인 명의로 뒤늦게 서면브리핑을 낸 것에 그쳤다. 신 대변인은 ""공개석상에 나오는 것 자체가 굉장한 용기가 필요했을 것""이라며 ""다시 한 번 피해자 분께 진심으로 사죄 드린다""고 했다. 그러면서 ""더 이상 이와 같은 일이 재발되지 않도록 모든 조치를 강구하겠다""고 했으나, ""당 소속 선출직 공직자와 구성원들의 성인지 감수성 제고를 위한 실질적 방안 마련과 함께 성 비위 행위에 대한 무관용의 원칙으로 단호히 대처해 나가겠다""는 원론적 선언에 그쳤다. 김태년 당대표 직무대행과 이낙연 상임선대위원장 등 민주당 지도부는 이날 피해자의 기자회견에 대한 질문이 여러차례 이어졌으나 '모르쇠'로 일관하기도 했다. 결국 박 후보와 민주당이 SNS와 서면으로 뒤늦게 낸 메시지는 공통적으로 피해자가 요구한 조치들이 모두 빠진 탓에 선거를 앞두고 형식적으로 낸 면피용 사과 아니냐는 비판이 예상된다."
303,2021.03.17.,"여권 단일후보 박영선, 성추행 피해자 사과 요구에 ""진지하게 생각해보고...""",박정연,"4·7 서울시장 보궐선거에 출마한 박영선 더불어민주당 후보가 17일 김진애 열린민주당 후보를 꺾고 최종적인 여권의 단일후보로 선출됐다. 양측은 이날 국회 소통관에서 공동 브리핑을 열고 전날부터 이틀간 진행된 양당 권리·의결당원(50%)과 일반 유권자(50%)의 여론조사 결과 박 후보를 단일 후보로 선출했다고 밝혔다. 양당은 여론조사의 구체적 수치는 공개하지 않았다. 박 후보는 ""그동안 함께 단일화 레이스를 펼친 김 후보에게 감사하고 매우 유쾌한 단일화 여정이었다고 생각한다""며 ""비 온 뒤 땅이 굳는다는 말이 있듯이 4·7 보궐선거의 승리를 위해 이제 하나가 된다""고 말했다. 김 후보는 ""씩씩하게 졌다""며 ""민주당과 열린민주당이 같이 승리하는 단일화를 위해 저는 헌정사상 처음으로 의원직을 사퇴했고 계란으로 바위치기라는 단일화 룰을 제안했다""고 말했다. 여론조사 수치가 공개되지는 않았지만, 박 후보의 승리가 예견됐던 단일화 결과여서 '시너지 효과'가 발생할지는 미지수다. 무엇보다 서울시장 보궐선거의 원인이 된 박원순 전 시장의 성추행 사건에 대한 민주당과 박 후보의 책임 회피가 단일화 결과보다 관심을 끌었다. 박 전 시장의 성추행 피해자가 이날 기자회견을 열고 민주당의 성찰과 사과를 요구한 데 대해 박 후보는 ""오늘은 김진애 후보와의 시간이니까 여기서 종료하자""며 취재진의 쏟아지는 물음을 뒤로한 채 자리를 급하게 피했다. 취재진은 자리를 떠나는 박 후보를 따라가며 재차 입장을 물었지만 ""제가 집에 가서 진지하게 생각하고 이날 밤에 페이스북을 올리겠다""고만 말했다. '피해자의 기자회견이 열린 지 7시간이 지났다'는 취재진의 지적에도 ""저한테도 진지하게 생각할 시간이 필요하다""며 끝내 답변하지 않았다. ▲더불어민주당 박영선 서울시장 후보가 17일 국회 소통관에서 열린민주당 김진애 후보와의 단일화 경선에서 승리한 뒤 취재진의 질문을 받고 있다. ⓒ연합뉴스"
342,2021.03.12.,"박영선 ""LH사태 특검 하자""…오세훈 ""검찰 손발 묶더니 이제와?""",박정연,"한국토지주택공사(LH) 직원들의 땅 투기 사태와 관련해 특별검사 도입을 12일 더불어민주당이 요구했다. 4.7 서울시장 보궐선거에 출마한 박영선 후보가 당에 정식 제안하고, 이를 김태년 민주당 당대표 직무대행 겸 원내대표가 ""야당과 즉시 협의하겠다""며 여야 원내대표 회담에서 상승시키는 모양새를 취했다. 박 후보는 이날 선거대책위원회 출범식 모두 발언을 통해 ""민주당에 (LH 사태) 특검을 정식으로 건의한다. 김태년 원내대표의 답을 기다리겠다""고 밝혔다. 박 후보는 ""어제 정부 합동조사단 조사 결과, 투기 의심사례가 추가로 확인됐다. 참담하다""며 ""그래도 시민들이 신뢰하지 않는다""고 지적했다. 여권이 추진한 검·경 수사권 조정으로 인해 검찰이 LH 수사에서 배제됐다는 논란이 이어지자 특별검사 도입으로 검찰의 수사 개입의 발판을 마련하자는 취지다. 정부 합동조사단이 전날 1차 조사 결과를 발표했지만 신뢰를 얻지 못하고 있고, 경찰 국가수사본부(국수본)가 주도하는 수사에도 한계가 있을 것이라는 불신론이 이어지자 내놓은 고육지책으로 풀이된다. 무엇보다 LH 직원들의 투기 사태가 4월 선거의 최대 악재로 등장하자 박 후보를 전면에 세워 특검 도입을 야당에 요구한 대목이 눈에 띈다. 박 후보는 ""공직을 이용한 부당한 이득은 반드시 몰수하고 과거부터 우리 사회 관행처럼 이어온 투기의 고리는 이번 기회에 완전히 절연해야 한다""며 ""불공정한 이익 취득은 서민의 꿈을 빼앗고 공정을 허무는 반사회적인 행위""라고 했다. 이어 ""단호하게 책임을 물어야 한다. 반드시 끊어내야 한다""고 했다. 박 후보는 회의가 끝난 뒤 기자들과 만나 ""특검을 확실하게 빨리 해야 한다""며 ""검찰과 경찰이 공조해서 수사해야 한다""고 했다. '특검 제안이 민주당이 추진하는 검찰개혁과 어긋나는 방향은 아니냐'는 질문에 박 후보는 ""김태년 원내대표에게 제안을 했으니 답을 기다려 보시라""고 했다. 이에 김태년 원내대표는 기자들과 만나 ""LH 의혹과 관련해 한 점 의혹 없도록 낱낱이 밝히고 위법에 엄정히 처벌한다는 기본 원칙이 있다""며 ""(조사결과를) 신뢰할 수 없다면 특검도 진행해야 한다""며 ""야당과 즉시 협의하겠다""는 입장을 밝혔다. 특검을 하게 되면 민주당이 추진해온 검찰의 수사·기소 분리 원칙에 반하게 되는 것 아니냐는 질문에는 ""검경수사권 조정과 관계없이 특검은 제도적으로 법령에 의해서 마련돼 있는 제도""라고 강조했다. 그러나 야당은 민주당의 특검 도입 제안에 '시간끌기' 의도가 숨어있다고 의심했다. 김 원내대표로부터 특검 제안을 받은 주호영 국민의힘 원내대표는 ""특검은 합의하고 구성하는 데만 두달 이상 걸린다""며 ""특검을 피할 이유는 없지만, 검찰을 중심으로 한 신속한 수사 이후에 특검을 논의해야 한다""고 말했다. 주 원내대표는 ""이번 부동산 투기는 한두 곳의 문제가 아니라 전국적인 현상이고, 각 광역자치단체들도 토지주택공사와 관련된 부분이 있을 수 있어서 대형수사팀이 필요하다""며 ""특검만으로 감당하기 어려운 측면 있어서, 특검을 검토하되 우선적으로 시간을 놓치지 않으려면 수사 경험이 있고 대량 수사 인력 동원이 가능한 검찰이 먼저 하는 것이 맞다""고 했다. 검찰 수사를 즉각 개시한 뒤에 특검을 도입해 수사를 이어가자는 맞제안이다. 국민의힘 서울시장 후보인 오세훈 후보도 ""전대미문의 정부다. 멀쩡한 수사권을 가진 검찰의 손발을 묶어놓고, 진작에 (검찰이) 일할 수 있는 시기는 다 놓쳐놓고 뒤늦게 특검하자고 한다""며 ""이런 식으로라면 앞으로 대형 사건이 터질 때마다 특검을 할 것인지 되묻고 싶다""고 반격했다. 오 후보는 ""검찰에 수사 노하우를 쓰지 못하게 손발을 묶은 게 어느 정권이냐""며 ""그래놓고 특검한다? 특검은 하려면 시간이 많이 걸린다. 그동안에 중요한 증거는 다 인멸될 것""이라고 했다. 국민의당 서울시장 후보인 안철수 후보는 ""검경 수사권 조정 핑계를 대지 말고, 검찰·경찰·국세청의 합동수사단을 만들면 될 일""이라면서도 ""이를 거부하고 계속해서 꼼수 조사로 덮거나 축소하려 한다면 국정조사와 특검에 의한 수사가 불가피하다""고 특검 수용 가능성을 보였다. 다만 그는 ""특검 건의가 단순히 선거를 위한 주장이라면 국민을 속이는 길""이라며 ""반드시 특검을 관철하지 않는 한 그건 진정성 없는 주장이 될 것""이라고 덧붙였다."
351,2021.03.11.,"박영선, '퀴어 축제' 질문에 ""공감대 형성이 중요""",박정연,"박원순 전 서울시장의 성추행 사건으로 치러지는 4.7 서울시장 보궐선거에 나선 박영선 더불어민주당 후보가 퀴어축제 등 젠더 문제에 관한 뚜렷한 입장 표명을 회피했다. 박 후보는 11일 서울 중구 프레스센터에서 열린 서울시장 후보 초청 관훈클럽 토론회에서 매년 서울광장에서 개최되는 '서울 퀴어문화축제' 에 대한 입장을 묻는 질문에 ""공감대 형성이 중요하다""는 원론적인 발언을 되풀이했다. 박 후보는 ""시대가 포용적으로 변화하고, 다양화하고 있다고 생각한다""면서도 ""이런 문제를 서울시민과 공감대를 형성해가며 진행하는 게 맞다. 시민과 공감대를 형성할 시간을 마련할 것""이라고 원론적인 입장만 밝혔다. 그는 관련 질문이 이어지자 ""제 생각이 있다""면서도 ""서울광장은 서울시민들이 표현하는 대표적 장소다. 제 생각을 표현하기 전 공감대 형성이 더 중요하다""만 했다. '퀴어문화축제에 직접 참가할 생각이 있느냐'는 질문에도 박 후보는 ""이렇게 하겠다, 저렇게 하겠다는 입장을 밝히는 것보다 서울시민과 공감대를 형성하면서 시대적 변화와 포용정신, 다양성을 서로 같이 공감하는 게 중요한 리더십 포인트""라고 말했다. 박 후보는 ""소신을 밝히는 것도 중요하다고 생각하지만 지금 우리 환경은 후보의 말을 선거에 이용하는 상황이 강하다""며 ""그런 부분도 개선해야 할 점이 아닌가 생각한다""고 했다. 성소수자들의 권리를 지지하는 이들의 축제인 서울 퀴어문화축제는 성소수자를 혐오하는 보수 기독교 단체들의 반대에 부딪혀왔다. 이로 인해 서울시장 후보들의 입장 표명 회피는 성소수자에 배타적인 기독교 신자들의 표를 의식한 것이라는 지적이 끊이지 않았다. 앞서 안철수 국민의당 서울시장 후보는 지난달 ""그런 것(퀴어 퍼레이드)들을 거부할 수 있는 권리도 존중받아야 한다""며 ""퀴어 축제가 광화문 거리에서 열려서는 안 된다는 분들이 계신다""고 해 논란이 된 바 있다. 서울퀴어문화축제 조직위원회는 이에 대한 입장을 내고 ""동성애를 반대할 권리, 동성애 축제를 안 볼 권리 등을 말하는 것은 명백한 차별이며 혐오 재생산일 뿐""이라고 지적하며, ""민주당은 성소수자 혐오 세력의 눈치를 보면서 포괄적 차별금지법의 제정을 미루고 있다""고 지적했다. 박 후보는 고 박원순 전 서울시장의 성추행 사건에 대해서는 ""공직자로서 원인 제공을 했기 때문에 상처의 깊이와 상관 없이 이 부분은 충분히 사과드리는 게 맞다고 생각한다""고 밝혔다. 그는 ""서울에 살고 있는 여성들이 마음의 상처를 받고 있으면서 혼자서 고민하고, 그것으로 괴로워하는 생활을 이제 더는 하면 안 된다""며 ""여성 시장이 탄생하면 그 부분에서 여성들이 좀 더 마음을 열어놓고 대화할 수 있는 그런 사회 분위기와 시스템을 만들겠다""고 했다. ▲더불어민주당 박영선 서울시장 후보가 11일 오전 서울 중구 프레스센터에서 열린 관훈토론회에서 패널들의 질의에 답변하고 있다. ⓒ연합뉴스"
367,2021.03.09.,"박영선-김진애, '여론조사 단일화' 합의",박정연,"4.7 서울시장 보궐선거에 출마한 더불어민주당 박영선 후보와 열린민주당 김진애 후보가 후보등록이 시작되는 18일 전에 단일화를 마무리하기로 합의했다. 단일화 협상을 맡은 민주당 김종민 최고위원과 열린민주당 강민정 원내대표는 9일 기자회견을 열고 두 차례 토론을 포함한 단일화 방식에 합의했다고 밝혔다. 합의안에 따르면 양측 후보는 후보 단일화를 위한 두 차례의 토론회를 진행하고 16일과 17일에 걸쳐 서울 시민과 양당 권리당원을 대상으로 여론조사를 실시해 최종 결과를 발표할 예정이다. 기자회견에 참석한 박영선 후보는 ""서울의 미래를 위해서 진심으로 몰두할 후보를 선택하느냐 아니면 서울을 정치적으로 이용하는 후보를 선택하느냐로 여야가 갈릴 것으로 예상이 되고 있다""며 ""새로운 서울의 미래를 여는 단일화가 되기를 기대한다""고 했다. 김진애 후보는 ""지지자와 당원들에게 단일화 방식 합의 소식을 전할 수 있게돼 기쁘다""며 ""승리하는 단일화가 되어야 한다""고 밝혔다."
378,2021.03.08.,"'박원순 성추행' 말 못하는 박영선, 지지층 눈치보나?",박정연,"박영선 더불어민주당 서울시장 후보가 고 박원순 전 서울시장의 성추행 사건과 관련해 사과 입장을 냈다. 그러나 두 문장으로 끝난 사과에는 박 전 시장의 '성추행'이 단 한 번도 언급되지 않아 박 전 시장 지지층을 의식한 애매한 사과라는 비판이 예상된다. 박 후보는 8일 서울 안국동 자신의 캠프 사무실에서 진행한 여성정책 브리핑에서 ""박원순 전 서울시장 관련 피해 여성에게 진심어린 사과를 드린다""며 ""피해자가 조속히 일상으로 돌아올 수 있게 제가 할 수 있는 일을 다하겠다""고 했다. 박 전 시장의 '성추행' 사건을 명시적으로 언급하지 못하고 '박 전 시장 관련'이라고 에둘러 표현한 대목이 눈에 띈다. 그동안 박 후보는 여성후보로서의 정체성을 강조하면서도 박 전 시장의 성추행 사건에 대한 언급을 피해왔다. 민주당 예비후보 경선 토론회가 세 차례 진행되는 동안 박 후보의 입에선 '박원순'이라는 이름조차 언급되지 않았다. (관련기사 : '박원순' 금기어? 박영선·우상호, 맥빠진 '지지층 구애' 경쟁) 여성의날을 맞아 열린 여성정책브리핑에서 박 전 시장의 피해자에게 사과를 한 셈이지만, 이마저도 두 문장짜리 사과에 그쳤다. 기자들의 질의응답에서 박 전 시장에 대한 질문이 쏟아졌지만 박 후보는 구체적인 언급을 피했다. 박 전 시장의 성추행 관련 질문을 받고 그는 ""제가 직장생활을 21살부터 지금까지 했으니 거의 한 40년 가까이 직장생활을 쉼 없이 해왔다""며 ""그런데 그동안 제가 느낀 것은 여성들이 마음에 상처를 받고 아무 일도 없었던 것처럼 그렇게 행동해야 하고 또 그렇게 행동하면서 살아가는 여성들이 굉장히 많이 있다는 것""이라고 답했다. 이어 ""그런 사회적 분위기를 일단 바꿔야 되지 않느냐""며 ""내가 어떤 상처를 받았을 때 그것을 감추려고 하는 그런 것들이 즉시 이것을 해결할 수 있도록 시스템을 만들어야겠다""고 원론적인 답변만 했다. 그러면서 ""서울시에 여러 가지 성폭력과 관련된 부분에 대해 가서 털어놓고 얘기하고 그것을 해결할 수 있도록 하는 상담사를 설치할 필요가 있지 않나 이렇게 생각을 한다""고 했다. 피해자의 일상 복귀 지원 방안에 대해서 ""피해자가 우리의 사과가 충분하다고 생각하는 시점이 있을 것""이라며 ""그때 직접 만나 대화를 하고 싶다""고 구체적인 언급을 피했다. 박 후보는 지난 4일 유명을 달리한 변희수 하사로 인해 차별금지법 제정의 필요성이 높아지고 있는 것에 대해서도 즉답을 피했다. 그는 ""차별은 있어서는 안 된다고 생각하고 있다""며 ""법과 관련된 부분은 사회변화의 정도에 따라서 국회에서 이것이 아마 논의될 것이고 국회에서 그 변화의 정도만큼 수용할 것이지 않느냐""고 말했다."
385,2021.03.07.,"박영선, 민주·시대전환 단일화서 승리",박정연,"박영선 더불어민주당 서울시장 후보가 7일 시대전환 조정훈 서울시장 후보를 꺾고 단일화 후보로 결정됐다. 신영대 민주당 대변인은 이날 브리핑을 통해 ""지난 6~7일 가상번호를 통한 100% 국민 여론조사를 진행한 결과, 민주당과 시대전환의 서울시장 단일후보로 박영선 후보가 결정됐다""고 밝혔다. 구체적인 여론조사 수치는 양측 합의에 따라 밝히지 않았다. 박 후보는 단일화 경선 승리 소감에 대해 ""조 후보와 단일화 경선 레이스를 펼칠 수 있었던 것은 저에게 커다란 보람이자 영광이었다""라며 ""단일화 과정에서 주신 좋은 말씀과 정책들이 제 정책에 반영되도록 노력하겠다""고 말했다. 박 후보는 ""단일화라는 것은 철학과 같은 가치를 공유한 사람끼리 이룰 때 시너지가 굉장하다""며 ""조정훈 후보의 미래를 향한 긍적적 에너지가 제가 생각한 '21분 콤팩트 도시'와 잘 어우러져 서울시가 업그레이드 될 수 있다고 확신한다""고 했다. 경선에 패한 조 후보는 ""단일화 경선 결과를 겸허히 인정하며 서울시장 후보직은 내려놓겠다""며 ""박 후보와 더 좋은 서울시를 만들자는 가치에 대해 공감하고 단일화에 동의했다. 짧은 시간이었지만 정책과 비전을 나누며 서울시민들을 위해 노력한 박 후보께 감사드린다""고 전했다. 한편 민주당은 시대전환과 1차 단일화를 마무리한 가운데, 열린민주당 김진애 후보와 최종 단일화에 속도를 낼 예정이다. 현재 김 후보 측은 의원직을 사퇴하는 배수의 진을 친 뒤 세 차례 토론회 등 심도 있는 단일화 경선을 요구하고 있다."
426,2021.03.01.,민주당 서울시장 후보는 박영선…이변 없었다,곽재훈,"4.7 서울시장 보궐선거에 나설 더불어민주당 후보로 박영선 전 중소벤처기업부 장관이 선출됐다. 박 후보는 수락연설에서 검찰·사법개혁, BBK·최순실 사태를 언급하는 등 여권 지지층을 향해 결집 메시지를 냈다. 민주당은 1일 오후 서울시장 후보 선출대회를 열고 박 후보와 우상호 후보 간 경선 결과를 공개했다. 변재일 선관위원장이 발표한 경선 결과는 박 후보의 압승이었다. 박 후보는 전체 69.56%를 득표해 30.44%의 득표율을 기록한 우 후보에 2배 넘는 표차로 앞섰다. 권리당원 선거인단 투표 결과는 박영선 63.54%(5만212표) 대 우상호 36.46%(2만8814표), 일반 시민(휴대전화 가상번호) 투표 결과는 박영선 72.48% 대 우상호 28.52%로 이른바 '당심'과 '민심'에서 모두 앞섰다. 박 후보는 결과 발표 직후 한 수락연설에서 자신은 ""일 잘 하는 시장""이 될 것이라며 자신의 과거 경력을 내세웠다. 특히 ""국회의원 시절, 금산분리법과 경제민주화 재벌개혁, 경찰의 검찰 명령 복종 의무 삭제, 경찰 수사 개시권 부여, 판사의 판결문 공개, 전관예우 금지, 사법개혁을 선도했다""고 한 부분이나 ""13년의 고초 끝에 BBK 진실을 규명했던 것처럼, 최순실의 실체를 밝혀냈던 것처럼 인내와 끈기로 서울의 문제를 차근차근 해결하겠다""고 한 부분이 눈길을 끌었다. 박 후보는 또 ""여성 최초 (방송뉴스) 메인 앵커, 해외특파원, 경제부장, 정책위의장, 법사위원장, 원내대표"" 등 자신이 '여성 최초'로 세운 기록을 언급하고는 ""첫 여성 서울시장""이 되겠다고도 했다. 박 후보는 부동산 정책과 관련 ""서대문구 남가좌동 모래내 18평 국민주택. 제가 어렸을 때 부모님은 이곳에 내 집 마련을 하시고 온 세상을 얻은 듯 기뻐하셨다""며 ""똑같은 기쁨을 무주택 서울시민께 드리겠다. 평당 1000만 원대 '반값 아파트'로 서민들의 내 집 마련 꿈을 앞당기는 시장이 되겠다""고 공약했다. 그는 코로나 사태에 빗대어 ""바람이 거세게 불면 어떤 이는 담장을 세우지만 어떤 이는 풍차를 단다. 저 박영선은 여러분의 소중한 뜻을 받들어 위기를 기회로 바꾸는, 바람을 변화의 에너지로 만드는 서울시장이 되겠다""고 포부를 밝히며 ""역사적으로 흑사병은 중세의 종말과 르네상스 시대의 개막을 가져왔다""고 언급하기도 했다. 박 후보는 다음날인 2일 현충원 참배를 시작으로 민주당 서울시장 후보로서 본격 선거전을 준비하게 된다. 그의 앞에 먼저 놓인 과제는 이른바 '범여권 후보단일화'인데, 단일화 대상은 열린민주당 김진애 후보와 시대전환 조정훈 후보다. 민주당은 시대전환 측과는 이날 실무협의를 완료하고 곧 단일화 일정과 방식을 공식 발표할 것으로 알려졌다. 반면 열린민주당 측과는 입장차가 여전한 상태다. 김 후보는 지난달 28일 ""(민주당과 열린민주당이) 1대1 토론을 하자""며 ""일부에서 거론되는 '3자 동시 단일화'는 어불성설""이라고 주장했다. 김 후보는 그 이유로 ""조 후보는 민주당의 비례 위성정당이었던 더불어시민당으로 당선된 의원""이라는 점을 들며 ""당대당 단일화의 대상이 될 수가 없다. 조 의원이 서울시장에 도전하고자 했으면 먼저 민주당에 통합 경선을 요구했어야 한다""고 주장했다. 민주당은 이에 따라 시대전환과 선(先)단일화를 한 뒤, 열린민주당과 2차 단일화를 하는 쪽으로 가닥을 잡은 것으로 전해졌다. ▲더불어민주당 서울시장 후보로 선출된 박영선 전 중소벤처기업부 장관이 1일 서울 여의도 당사에서 열린 당선자 발표대회에서 후보 수락연설을 하고 있다. ⓒ연합뉴스"
469,2021.02.21.,"박영선 ""盧·DJ처럼 혁신"" vs 우상호 ""세빛둥둥섬 떠올라""",서어리,"4월 서울시장 보궐선거 경선에 출마한 박영선·우상호 예비후보가 김대중·노무현 전 대통령을 언급하며 각각 ""혁신""과 ""민주당다움""을 강조했다. 지난 경선 예비후보 토론회 때와 마찬가지로 박원순 전 서울시장에 대한 언급은 나오지 않았다. 두 후보는 21일 서울 모처에서 열린 '서울시장 후보자 선출 경선대회'에 참여해 자기 선전에 나섰다. 각종 여론조사에서 강세를 드러내고 있는 박 후보는 ""매일매일 혁신하는 정신이 민주당의 정신""이라고 강조했다. 경쟁 상대인 우 후보가 ""민주당답지 않다""고 비판한 점을 의식한 듯, 김·노 전 대통령의 업적을 예로 들며 당의 정통성과 '디지털' 정책 가치를 결합해 내세웠다. 그는 '민주당의 방침과 시장의 정책목표가 다르면 어떻게 대응할 것인가'라는 시민 질문에 ""김 전 대통령이 전국적으로 깔았던 초고속 인터넷망, 노 전 대통령이 만든 ICT(정보통신기술) 강국이 없었다면 아마 우리는 지금 코로나19도 제대로 이겨내지 못했고 디지털 강국이 될 수 없었을 것""이라고 말했다. 그러면서 ""민주당의 방침과 제가 시장이 된다면 정책 목표가 다른 경우는 거의 없지 않을까 생각한다""고 말했다. 그는 특히 백신 접종 특수 주사기를 알리는 데 주력했다. 박 후보는 ""제 출마가 늦어진 것이 바로 주사기 생산을 빈틈 없이 마무리 짓고 중소기업 사장에게 신의를 지키기 위해서였다""고 강조했다. '민주당스다움'을 내세워왔던 우 후보는 이날도 ""우리는 김대중처럼, 노무현처럼 당당하게 민주당답게 싸우면 이길 수 있다""며 ""불의에 맞서 싸운 용기, 원칙을 지킨 소신, 서민을 돌보고 배려하는 치열함을 간직한다면 승리할 수 있다고 확신한다""고 했다. 그러면서 ""가장 민주당의 역사성과 정신을 계승하고 서민을 대변하는 공약으로 승부하는 우상호가 적임자""라며 ""이왕이면 범민주진영을 결집시킬 수 있고 야권 후보와 차별화할 수 있는 후보를 내놓는 것이 필승카드""라고 말했다. 우 후보는 이날도 박 후보에 대한 공세를 이어갔다. 우 후보는 박 후보가 서울을 친환경 도시로 재생시킬 대안으로 '수직정원' 공약을 소개하자 ""오세훈 전 시장의 랜드마크인 세빛둥둥섬이 떠오른다""고 맹공했다. 그러면서 ""절절한 서민의 애환이나 좌절하는 청년의 희망이 담겨있지 않다""고도 했다. 이날 경선대회에 함께 참여한 이낙연 민주당 대표는 ""서울시의 발전을 위해 민주당이 승리해야 한다""면서 ""역사의 전진을 위해서 서울시의 흔들림 없는 발전을 위해서 민주당이 승리해야한다는 것 또한 믿는다""고 했다. 민주당의 두 후보는 오는 22·24일 라디오 토론과 25일 TV토론을 통해 선거전을 이어갈 예정이다."
489,2021.02.17.,"'박원순' 금기어? 박영선·우상호, 맥빠진 '지지층 구애' 경쟁",박정연,"17일 진행된 더불어민주당 서울시장 보궐선거 경선 예비후보 토론회에 등장하지 않은 단어는 '박원순'이다. 고 박원순 전 시장의 성폭력·성희롱으로 열린 선거인 데다 여당 지지층 표심이 관건인 당내 경선 단계인 만큼, 여당 후보들로서는 회피할만한 이슈다. 그러나 야당 후보와 맞붙는 본선이 본격화되면 회피가 불가능한 주제를 멀리한 탓에 경선 흥행도, 후보들의 젠더·인권 정치관 검증도 부실해졌다는 평가다. 연합뉴스TV를 통해 1시간 10분여 동안 진행된 이날 경선 토론회에서 박영선, 우상호 후보는 단기간 내에 실현이 불가능한 부동산 정책을 내놓으며 공방을 주고받았다. 박 후보는 ""5년 안에 공공주택 30만호를 마련해서 평당 1000만 원의 반값 아파트를 공급하겠다는 것이 저의 부동산정책의 핵심 요지""라고 했고, 우 후보는 ""16만호의 공공아파트를 공급하겠다""며 공급 위주의 부동산 대책으로 경쟁했다. 우 후보는 ""박 후보가 강남에 재건축 재개발하겠다고 해서 강남 지역의 집값이 들썩거리면 어떻게 하냐""고 공격했으나, 박 후보는 ""우 후보의 부동산 공약에 대해 저는 큰 틀에서 공감한다""고 피해가 논쟁이 확대되지도 않았다. 코로나19 대책을 주제로 한 토론에서도 두 후보는 서울 공공의료 시스템 강화를 강조하며 ""우 후보와 제 공약을 합치면 만점짜리가 되지 않을까 생각한다""(박영선 후보)는 화기애애한 장면도 선보였다. 정책 경쟁에 치중한 토론회였지만, 그보다 눈에 띄는 대목은 민주당 지지층을 향한 구애 경쟁이었다. 우 후보는 ""민주당의 후보는 민주당의 정신에 가장 투철한 후보가 돼야 한다. 김대중 대통령이 영입해 노무현 대통령을 지키고 문재인 대통령 당선에 기여하면서 민주당을 지킨 정통 후보는 우상호""라고 했다. 박 후보는 문재인 정부의 중소벤처기업부 장관을 역임했던 경력을 앞세우는 한편 ""검찰개혁과 관련된 일이 저의 국회의원 16년 경험의 대표적인 실적""이라고 여권 지지층이 많은 관심을 보이는 사법개혁에 대한 찬성 의지를 강조했다. 이같은 지지층 구애 경쟁 속에 박원순 전 시장의 성추행 사건은 언급조차 되지 않았다. 지난 15일 MBC <100분 토론>에서도 이들은 박 전 시장의 언급을 먼저 꺼내지 않았다. 진행자가 ""이번 서울시장 선거는 박원순 전 서울시장 유고로 인해 치러지기 때문에 후유증을 어떻게 봉합해나갈 것인가""라고 질문한 뒤에야 우 후보는 ""박 전 시장 서거로 재·보궐선거가 이뤄지는 점에 대해 송구하다""고만 답했다. 박 후보 역시 여성후보로서의 정체성을 강조하면서도 박 전 시장의 성추행 사건에 대한 성찰을 내놓지 않았으며, 박 전 시장을 '롤모델'이라고 말해 피해자에 대한 2차 가해 논란까지 일었던 우 후보의 발언에 대해서도 짚지 않았다. 하지만 박 전 시장의 성희롱 사건으로 인해 촉발된 서울시장 보궐선거이기에, 박 전 시장에 대한 언급을 피할수록 오히려 해당 이슈에 대한 책임성이 부각될 뿐만 아니라 인권감수성이 부족하다는 지적이 불가피해질 전망이다. 박 전 시장과 거리두기를 하다보니 두 후보는 민감한 젠더·인권 정책에 대한 언급도 꺼리고 있다. 지난 14일 설 민심 기자간담회에 참석한 두 예비후보는 '퀴어 퍼레이드 관련 입장'에 대한 명확한 답변을 피했다. 박 후보는 당시 퀴어퍼레이드에 대한 거듭된 질문에 답변을 하지 않았다. 우 후보는 ""시장에 당선되지 않아서 구체적으로 검토해본 바 없지만, 면밀히 따져보도록 하겠다""고만 했다."
606,2021.01.26.,"박영선, '개인기' 앞세워 서울시장 출마 공식 선언",임경구,"더불어민주당 박영선 전 중소벤처기업부 장관이 26일 4월 서울시장 보궐선거 출마를 공식 선언했다. 이로써 우상호 의원과 박 전 장관의 민주당 양자 경선 구도가 본격화됐다. 박 전 장관은 출마선언 기자회견 장소로 중소기업중앙회관을 택했다. 중기부 장관을 지낸 상징적 이력을 고려해 중소기업, 소상공인, 자영업자를 우선시하는 서울시정에 방점을 두겠다는 의미로 풀이된다. 그는 ""코로나19로 인한 사회적 거리 두기로 대면 소비활동이 위축되면서, 중소기업, 소상공인 자영업자 분들이 매우 어렵다. 소상공인 매출은 전년대비 평균70% 수준으로 하락했다""고 했다. 그러면서 ""이 고난과 어려움을 뚫고 회복과 재도약의 시간을 맞이하기 위해서는 새로운 봄을 가져올 사람이 필요하다""고 했다. 출마선언문에 '문재인 대통령'이라는 단어는 넣지 않았다. 이틀 전 페이스북을 통해 문 대통령의 69번째 생일을 축하하며 ""대한민국은 문재인 보유국""이라고 표현했던 것과 달리, 개인 기량을 앞세워 서울시장 선거에 임하겠다는 의미로 보인다. '더불어민주당'이라는 단어도 사용하지 않았고, 기자회견장에 민주당 의원들도 참석하지 않았다. 비대면 행사로 출마 회견을 계획한 데에 따라 민주당 소속 의원들에게는 초청장을 발송하지 않았다는 설명이다. 그러나 박원순 전 시장의 성추행 사건으로 인해 이번 보궐선거가 유발된 만큼, '민주당 색깔빼기'를 고려한 것으로 해석된다. 그는 우상호 의원과의 당내 경선에 임하는 각오를 묻는 질문에 ""누나, 동생하는 사이다. 서로 보듬어주면서 경선을 치렀으면 한다""고 대립각 세우기를 자제할 의사도 내비쳤다. 출마선언문에서 박 전 장관은 코로나19 위기 극복을 강조하며 ""팬데믹은 경제적, 사회적, 글로벌, 환경적 그리고 과학기술적 대전환을 불러왔다""면서 ""서울시 대전환, 도시 공간의 대전환, 경제의 대전환, 아이돌봄과 교육의 대전환, 소외계층 생애 맞춤형 복지로 대전환해야 현재의 어려움을 극복하고 보다 지속가능한 미래로 갈 수 있다""고 했다. 이를 위해 ""디지털 경제""를 강조하며 ""소상공인, 자영업자들의 생존권을 보호하고, 비대면 온라인으로의 소비 패턴 변화에 대응하여 자생력을 확보할 수 있도록 스마트 상점, 스마트 공방 등에 대한 지원을 확대하고 구독경제 생태계를 만들어 소상공인 매출을 안정화하겠다""고 했다. 주요 쟁점인 부동산 문제와 관련해 그는 ""코로나19 대응을 위한 재정 지출확대에 따른 통화량 증가와 저금리는 최근 주택가격 상승을 더욱 부추겼다""며 ""내집이 없는 세입자와 젊은이들의 주거 불안은 코로나19 이후 서울이 해결해야 할 큰 과제""라고 했다. 또한 ""코로나19 영향으로 취업자는 감소했고, 실업자와 비경제활동인구는 증가했지만, 벤처 스타트업 일자리는 12만개가 늘어나 일자리 이동이 일어나고 있음을 보여주고 있다""며 ""일자리 서울시 대전환이 필요하다""고 했다. 박 전 장관은 이어 ""아이를 낳고, 키우고, 가르치기가 쉽지 않다. 결혼을 한다고 해도 아이를 낳지 않는 현상이 심화되고 있다""고 했다. 그러면서 ""공공 육아와 방과후 교육 서비스의 양과 질을 획기적으로 높여 아이 돌봄과 교육을 서울시가 책임지는 대전환을 이뤄내겠다""고 했다. 아울러 ""서울을 도심중심의 중앙집중에서 인구 50만명 기준의 자족적인 21개의 컴팩트 앵커로, 다핵분산도시 대전환해야 한다""고 했다. 박 전 장관 측은 '21분 컴팩트 도시'을 21분 이내 교통거리에서 직장, 교육, 보육, 의료, 쇼핑, 여가 문화 등이 해결되는 분산형 구조로 바꾸겠다는 의미라고 설명했다."
652,2021.01.20.,"박영선 사의표명, 출마 선언 임박…우상호와 양자대결로 가나",박정연,"박영선 중소벤처기업부 장관이 서울시장 보궐선거 출마를 위해 사의를 표명하면서 더불어민주당의 서울시장 후보경선 구도가 박영선 장관과 우상호 의원의 양자대결로 압축될 전망이다. 중기부는 20일 출입기자 공지를 통해 ""박 장관이 조금 전 이날 아침 사의 표명을 했다""고 전했다. 이날로 예정된 청와대 개각에 박 장관이 포함되면, 박 장관은 대전청사에서 예정된 중기부 확대간부회의를 주재하며 공식 일정을 마친다. 이후 서울시장 보궐선거 출마를 선언할 것으로 보인다. 전날 박 장관은 <SBS 8 뉴스>에 출연해 ""지금은 상황이 상당히 무거워졌기 때문에 (서울시장 보궐선거 출마 외에) 다른 선택할 여지가 당을 위해서는 없지 않나, 그런 생각을 하고 있다""며 출마를 기정사실화 했다. 출마를 검토하던 박주민 의원과 김동연 전 경제부총리가 불출마 뜻을 밝히면서, 민주당 서울시장 후보 경선은 곧 출마 선언을 앞둔 박 장관과 일찌감치 출마를 선언한 우 의원이 경선을 치르게 될 예정이다. 초반 판세는 박 장관이 여론조사에서 앞서고 있다. 지난 5일 발표된 윈지코리아컨설팅 여론조사에서 범여권 후보 중 서울시장 적합도는 박 장관이 18.5%로 가장 높았다. 우 의원은 8.5%로 박주민 의원(9.6%)에도 뒤진 3위였다. 당 안팎에선 중량급 인사들이 뛰어든 야권에 비해 2명이 뛰는 민주당 경선은 관심이 떨어질 수 있다는 우려도 나오고 있다. 박 장관과 우 의원의 지지율 차이가 2배 이상이기 때문에 양자대결 경쟁 구도에 있어서도 흥행이 어려울 것으로 전망된다. 민주당은 서울시장 보궐선거 후보 경선은 설 연휴 이후 2월 말, 부산은 3월 초까지 마친다는 계획이다. 민주당 공천관리위원회는 오는 27일부터 29일까지 4월 재·보궐선거 예비 후보 등록을 받기로 했다. 서울과 부산시장 예비후보 면접은 후보와 면접위원 간 기존 비공개 면접이 아닌 언택트 공개 면접 방식으로 치뤄질 전망이다. 이를 위해 오는 30일부터 다음 달 1일까지 사흘 동안 권리당원 등에게 사전 질문을 받은 뒤, 다음 달 2일 공개 면접을 진행하기로 했다. 한편, 한편 지난 5일 이뤄진 서울시장 적합도 여론조사의 표본오차는 95% 신뢰수준에서 ±3.1%포인트다. 자세한 조사개요는 윈지코리아컨설팅 홈페이지나 중앙선거여론조사심의위원회 홈페이지 참조하면 된다."
1182,2020.11.03.,"박영선 장관, 민주당 서울시장 후보 적합도 1위",이명선,"서울시민을 대상으로 한 여론조사 결과, 내년 4월 보궐선거 서울시장 후보 적합도에서 민주당 지지자는 박영선 중소벤처기업부 장관을 가장 선호하고, 범 야권 후보는 오세훈 전 서울시장을 가장 선호하는 것으로 나타났다. <아시아경제>에 따르면 이 매체가 윈지코리아컨설팅에 의뢰해 지난 1~2일 만 18세 이상 서울시민 1000명을 대상으로 실시한 여론조사(휴대전화 100%, 자동응답) 결과 후보 적합도에서 민주당 후보로는 박영선 장관(13.6%), 박주민 민주당 의원(10.3%), 추미애 법무부장관(7.7%), 임종석 전 청와대 비서실장(6.6%), 우상호 민주당 의원(4.5%) 순으로 지지율이 나타났다. '잘모름·무응답'은 과반에 육박했다. 범야권 보수 후보로는 오세훈 전 서울시장(17.6%), 안철수 국민의당 대표(15.9%), 금태섭 전 민주당 의원(8.4%), 윤희숙 국민의힘 의원(6.5%), 조은희 서초구청장(6.2%), 김동연 전 경제부총리(5.1%) 순으로 지지율이 나타났다. '어느 당 후보가 당선되길 원하느냐'는 질문의 답변으로 민주당이 37.9%, 국민의힘 34.5%로 나타났다. 제3당은 11.0%, 무소속은 5.1%, '없음·잘모름'은 11.5%를 기록했다. 민주당이 보궐선거 직접 원인을 제공할 경우 무공천한다는 내용의 당헌을 뒤집는다는 논란이 있음에도 민주당 후보가 당선돼야 한다는 여론이 더 높게 나온 셈이다. 실제로 이 여론조사에서 민주당의 서울시장 후보 공천에 대해서는 '공천하면 안 된다'는 답이 44.6%로 '공천해야 한다'는 응답 39.3%를 앞섰다. 이 여론조사는 민주당이 당헌 개정을 공식화 한 시점(10월 29일, 전당원 투표 공식화) 이후에 진행됐다. 그럼에도 불구하고 민주당 후보가 당선돼야 한다는 응답이 많은 것은, 국민의힘 등 보수 야당에 대한 신뢰도가 좀처럼 회복되지 않고 있는 것으로 해석될 수 있다. 문재인 대통령에 대해 '정치적으로 지지한다'는 응답은 50.8%, '지지하지 않는다'는 응답은 46.2%로 나타났다. 이번 조사의 응답률은 8.07%였으며 표본오차는 95% 신뢰수준에서 ±3.10%포인트다. 자세한 사항은 중앙선거여론조사심의위원회 홈페이지를 참조하면 된다."
