,Unnamed: 0,날짜,제목,언론사,기자,본문
522,522,2021.04.07 22:39,박영선 “시민 회초리 겸허하게 받아들인다”,경향신문,김상범 기자 ksb1231@kyunghyang.com,박영선 더불어민주당 서울시장 후보는 7일 오후 방송 3사 출구조사 결과를 확인한 뒤 “겸허한 마음으로 모든 것을 받아들일 것”이라고 말했다.박 후보는 이날 오후 서울 여의도 민주당 당사에서 나오며 취재진과 만나 “진심이 승리하기를 바라면서 끝까지 응원해 주셨던 시민 여러분들께는 무한한 감사의 말씀을 드린다”라며 “회초리를 들어 주신 시민들께는 겸허한 마음으로 모든 것을 받아들이면서 가야겠다고 생각한다”라고 말했다.박 후보는 선거 패배의 원인과 향후 계획 등을 묻는 질문에는 별다른 답변을 하지 않았다.박 후보는 당사에 마련된 선거상황실을 찾기 전에는 서울 종로구 안국빌딩에 있는 선거캠프를 방문해 실무자들에게 “수고들 많으셨다”라고 일일히 주먹인사를 나누기도 했다.앞서 이날 오후 발표된 4·7 재보궐선거 방송 3사 출구조사에서는 박 후보의 예상 득표율이 37.7%로 오세훈 국민의힘 후보의 59%에 비해 21.3%포인트 뒤쳐지는 것으로 나타났다.
525,525,2021.04.07 21:59,"[4·7 재보선]오세훈, 서울 25개구 전체에서 박영선에 득표율 앞서",경향신문,박순봉 기자 gabgu@kyunghyang.com,"민주당 강세 강북권도 오세훈이 앞서 등돌린 민심 뚜렷오, 출구조사 결과 40대를 제외한 모든 연령대에서 우세4·7 서울시장 보궐선거에서 오세훈 국민의힘 후보가 8일 오전 1시10분 기준(개표율 78.0%) 서울 25개구 전체에서 박영선 더불어민주당 후보보다 우세했다. 오 후보는 보수 강세 지역인 ‘강남3구’(강남·서초·송파)에선 2~3배 차이를 벌렸다. 오 후보는 출구조사에서 40대를 제외한 모든 연령대에서 박 후보보다 지지율이 높았다. 국민의힘 ‘신지지층’으로 불리는 20대 이하도 출구조사에서 오 후보에게 높은 지지를 보냈다. 민주당의 콘크리트 지지층으로 불리는 40대만이 유일하게 박 후보를 많이 지지했다.8일 오전 1시10분 기준 오 후보는 서울 25개구 전 지역을 석권했다. 특히 강남구에선 73.8%를 받았다. 24.1%를 얻은 박 후보보다 3배 이상을 득표한 것이다. 오 후보는 서초구에서도 70.5%로 27.4%를 얻은 박 후보를 압도했고, 송파구에서도 64.1%를 얻어 33.0%인 박 후보의 2배 가까이를 득표했다. 보수 지지세가 강한 지역인 데다 부동산 보유세와 재건축·재개발 규제 등 문재인 정부 부동산 정책에 대한 불만이 반영된 것으로 해석된다.오 후보가 앞섰지만 가장 근소한 차이를 보인 지역은 강북구와 관악구였다. 강북구에선 오 후보가 48.7%, 박 후보가 48.0%를 얻어 0.7%포인트 차이가 났다. 관악구에선 오 후보(49.1%)와 박 후보(46.5%)의 차이가 2.6%포인트였다.오 후보는 서울을 4개 권역으로 나눠 발표한 방송 3사의 출구조사 결과에서도 모든 권역에서 높은 지지를 얻었다. 민주당 지지세가 강한 은평·마포·서대문구와 혼전 지역인 종로·용산구 등 강북서권에서도 오 후보는 58.0%, 박 후보는 38.3%로 19.7%포인트 차이가 났다. 강서·양천·영등포·동작·구로·금천·관악구가 포함된 강남서권에서는 오 후보가 56.9%, 박 후보가 40.0%의 지지를 각각 얻었다.연령대별로도 오 후보의 지지는 압도적이었다. 오 후보는 40대에서만 48.3%를 얻어 박 후보(49.3%)에 1%포인트 뒤처졌다. 20대 이하, 30대, 50·60대, 70대 이상의 모든 연령대에서 오 후보 지지가 높았다. 가장 많은 차이를 보인 연령대는 70대 이상으로 오 후보가 74.2%, 박 후보가 25.2%로 3배 가까이 차이가 났다. 60대에서도 오 후보(69.7%)가 박 후보(29.1%)보다 40.6%포인트 높았다. 20대에서 오 후보는 55.3%, 박 후보는 34.1%의 지지를 얻었다. 보수정당의 전통적 지지층인 노년층을 비롯해 청년층마저 여권에 등을 돌리면서 오 후보가 앞선 것으로 해석된다.다만 20대 이하에선 성별로 오 후보와 박 후보 지지가 엇갈렸다. 20대 이하 남성은 오 후보에게 72.5%, 박 후보에게 22.2% 지지를 보냈다. ‘이남자’(20대 남성)의 여권 이탈 현상이 확인됐다. 20대 이하 여성은 박 후보 44.0%, 오 후보 40.9%로 오히려 민주당 지지가 높았다. 20대 이하 여성은 민주당과 국민의힘이 아닌 군소정당에 15.1%의 지지를 보내기도 했다."
526,526,2021.04.07 21:51,"[4·7 재보선]박영선, 두 시간여 만에 패배 인정…여 중진 “대선도 위기”",경향신문,윤승민 기자 mean@kyunghyang.com,"등장 대신 등돌린 ‘샤이 진보’두 자릿수 격차 결국 못 좁혀더불어민주당은 4·7 서울·부산시장 보궐선거에서 참패할 것으로 전망되자 무거운 침묵에 휩싸였다. 누구 한 사람 쉽게 입을 떼지 못했다. ‘샤이 진보’ 등장에 따른 ‘박빙’ 승부를 기대했지만 방송 3사 출구조사에서 두 자릿수 격차로 뒤지는 결과가 그대로 유지된 때문이다. 1년도 채 남지 않은 대선의 ‘전초전’ 격인 이번 선거의 패배가 확실해지면서 쇄신 요구가 더 커질 것으로 보인다.7일 재·보궐선거가 끝나기 30분 전부터 여의도 민주당 당사 선거상황실에 모인 관계자들은 선거 패배를 직감한 듯 말을 아꼈다. 불리했던 선거 전황을 반영한 듯 김태년 민주당 대표 직무대행을 비롯한 당 관계자들은 선거운동 기간 착용했던 파란색 당 점퍼를 이날은 입지 않은 채 상황실을 찾았다.오후 8시15분 발표된 방송 3사 출구조사 결과 박영선 서울시장·김영춘 부산시장 후보가 국민의힘 후보에 득표율이 20%포인트 이상 뒤지는 것으로 나타나자 사무실 내 의원과 당직자들은 굳은 듯 움직이지 않고 TV 화면만을 응시했다. 화면을 지켜보던 김 직무대행은 한숨을 쉬기도 했다. 서로 대화도 거의 나누지 않은 채 침통한 듯 앉아있던 김 직무대행과 당 관계자들은 10분 정도 TV를 지켜보다 말없이 상황실을 떠났다. 내부 회의를 위해 자리를 잠시 비운 것이라고 민주당 관계자는 말했다. 상황실에 남은 일부 의원은 눈물을 보이기도 했다.여당 지지 강한 곳서도 밀려당 내부서도 “민심 떠났다”최인호 수석대변인은 “출구조사 결과만 갖고 입장이 나올 수 있는 게 아니다”라며 말을 아꼈다. 이날 다른 일정 없이 자택에서 머물던 박영선 서울시장 후보는 오후 9시쯤 종로구 선거캠프를 들른 데 이어 10시쯤 상황실을 찾아서 관계자들을 위로했다. 이낙연 상임선거대책위원장은 아내가 코로나19 확진자 밀접접촉자로 분류됐다는 이유로 집에서 개표 결과를 지켜봤다.민주당은 한국토지주택공사(LH) 사태 등 여파로 지지율이 떨어진 가운데 선거를 치렀다. 각종 여론조사에서 민주당 후보가 국민의힘 후보에 비해 지지율이 20%포인트 이상 차이가 날 때도 “지지율 격차는 한 자릿수로 줄었다”며 ‘샤이 진보’의 등장에 기대를 하면서 지지층에 투표 참여를 호소했다. 그러나 우려했던 지지율 격차가 출구조사 결과에 그대로 나타나자 민주당 관계자들은 말을 잃었다. 서울의 경우 민주당 지지세가 강한 것으로 알려진 서남권과 동북권에서도 오세훈 국민의힘 후보에 밀린 것으로 나타나자 망연자실한 표정이었다.이번 패배로 당내에서는 책임론 공방이 벌어지는 동시에 쇄신에 대한 목소리도 높아질 것으로 보인다. 한 중진의원은 “부동산 문제가 주로 부각됐지만 민심은 민주당이 유능하고 정직하지도, 민생에 도움을 주지도 못했다고 생각했다고 본다”며 “이대로는 대선에도 위기가 올 수 있다. 쇄신이 불가피하다”고 말했다. 다른 중진의원도 “민주당이 내세운 개혁은 결국 국민들의 신뢰가 유지돼야 성공하는 것인데, 민심이 떠났다”며 “당 내에서 서로 반성하면서 국민들에게 사과하고 몇일간은 자숙하는 모습을 보였으면 좋겠다”고 말했다. 민주당은 8일 오전 10시30분 화상 의원총회를 열기로 했다."
527,527,2021.04.07 21:45,"[4·7 재보선]서울시장 개표율 74% 상황서 오세훈 57.29%, 박영선 39.50%",경향신문,탁지영 기자 g0g0@kyunghyang.com,"8일 1시 기준 서울·부산시장 보궐선거 개표 결과 오세훈·박형준 국민의힘 후보의 당선이 확실시됐다.중앙선거관리위원회 선거통계시스템을 보면 서울시장 보궐선거 개표율 74.67%인 상황에서 오 후보는 57.29%를 득표해 박영선 더불어민주당 후보(39.50%)를 제쳤다. 부산시장 보궐선거는 개표율 96.19%인 상황에서 박형준 후보가 62.91%를 얻어 김영춘 더불어민주당 후보(34.17%)를 앞섰다.박영선 후보는 개표가 진행되던 중 서울 여의도 민주당 당사에서 나오며 취재진과 만나 “겸허한 마음으로 모든 것을 받아들일 것”이라며 “회초리를 들어주신 시민들께는 겸허한 마음으로 모든 것을 받아들이면서 가야겠다고 생각한다”고 말했다.김 후보도 “민심의 큰 파도 앞에서 결과에 겸허히 승복한다”며 “저와 민주당은 앞으로도 부산의 꿈을 결코 포기하지 않을 것”이라고 말했다. 당선이 확실해진 박형준 후보는 “압도적 지지를 보내주셔서 감사하다”며 “선거기간 내내 갖은 어려움에도 불구하고 흔들리지 않고 성원을 보내주신 시민 여러분의 그 마음, 시민을 섬기는 좋은 시정으로 보답하겠다”고 당선 소감을 말했다.앞서 오 후보는 KBS·MBC·SBS 방송 3사 공동 출구조사에서 59.0%를 기록해 박영선 후보(37.7%)보다 21.3%포인트 앞섰다. 박형준 후보는 64.0%를 기록해 김 후보(33.0%)를 제쳤다."
540,540,2021.04.07 20:25,"[속보]방송3사 출구조사, 서울시장 “박영선 37.7% - 오세훈 59.0%”",경향신문,박홍두 기자 phd@kyunghyang.com,"4·7 서울시장 보궐선거가 진행된 7일 KBS·MBC·SBS 등 방송 3사 공동 출구조사 결과 박영선 더불어민주당 후보가 37.7%, 오세훈 국민의힘 후보가 59.0%를 기록했다. 다만 이 예측 결과에는 지난 2~3일 사전투표는 반영되지 않았다."
552,552,2021.04.07 11:28,"박영선 “거짓말 심판, 정직한 서울” 오세훈 “정의·상식 통해야”···막판 SNS 호소",경향신문,김상범 기자 ksb1231@kyunghyang.com,"4·7 서울·부산시장 보궐선거가 시작된 7일 여야 후보는 사회관계망서비스(SNS)를 통해 마지막 지지 호소를 이어나갔다.이날 박영선 더불어민주당 서울시장 후보는 SNS에서 “저는 이미 사전투표를 마쳤지만 시민 여러분의 선택이 어떨지 설레고 두려운 마음으로 하루를 시작했다”라며 “MBC에서 기자와 앵커를 마치고 국회의원 16년, 그리고 중소벤처기업부 장관에 이르기까지 제 인생 고비 고비마다 함께 해준 소중한 분들이 떠올랐다”라고 적었다.박 후보는 그러면서 “BBK로 협박과 외압이 끊이지 않았을 때도 시민 여러분의 지지와 응원이 없었다면 저는 버티지 못했을 것이다. 한결같이 진실과 정의의 편에 함께 서주신 여러분들이 있었기에 저 박영선 여기까지 달려올 수 있었다”라고 썼다.박 후보는 “코로나19 극복과 민생회복, 일상회복, 선거운동 기간 동안 제가 수도 없이 외쳤던 지금 당장 우리 앞에 놓인 큰 숙제다”라며 “검증된 능력과 실력으로, 거짓 없는 정직과 서울의 미래를 향한 진심으로, 하루라도 빨리 천만 서울시민의 삶에 따스한 볕이 들고 봄이 올 수 있게 하겠다”라고 말했다.박 후보는 “거짓말을 심판하겠다! 정직한 서울을 만들겠다! 무능하고 무책임한 서울이 아닌 유능하고 신뢰할 수 있는 서울로 나아가겠다! 공동체 한 사람 한 사람을 아끼는 서울이 되어야 한다! 시민 여러분의 이런 진심이 모이고 있다”라며 “당신 마음도 다르지 않을 거라 믿는다”라고 덧붙였다.오세훈 국민의힘 후보도 이날 오전 SNS에 “환하게 웃어주시며 파이팅을 외쳐주시고, 꼭 당선되어 서울을 살리고 정권심판 해달라시던 열망 어린 표정의 시민 여러분들, 정말 죽을 때까지 잊지 못할 것”이라며 “저는 이번 선거과정을 통해 청년들의 분노를 보았고, 국민들이 원하는 희망을 보았고, 서울시민이 가진 저력을 보았고, 대한민국 회복의 가능성을 보았다”라고 적었다.오 후보는 “제가 잘나서 지지해주시는게 아니라는 것, 잘 안다. ‘위기에 빠진 대한민국을 살려라, 기회를 주겠다, 잘 하는지 지켜보겠다’는 국민 여러분의 그 마음, 잘 안다. 국민 여러분들의 시험대를 꼭 통과하겠다”라고 말했다.오 후보는 그러면서 “저는 우리 아이들과 청년들에게 기성세대가 만든 빚, 물려주지 않겠다. 암울한 미래와 분열의 시대를 물려주지 않겠다. 국민들을 절망 속에 내버려 두지 않겠다”라면서 “정의와 상식이 통하는 나라, 부끄럽지 않은 대한민국을 만들겠다”라고 썼다.오 후보는 “훌륭한 우리 국민들께 좋은 일머리 가진 유능한 일꾼으로서, 직접 보여드리고 싶다”라며 “정치에 응어리진 마음은 투표를 통해 풀어 달라”라고 호소했다."
560,560,2021.04.06 22:35,광화문서 유세 끝낸 박영선 “촛불 정신 되새겨…바람 늦게 불어 아쉬워”,경향신문,박광연 기자 lightyear@kyunghyang.com,"박영선 더불어민주당 서울시장 후보가 6일 광화문 앞에서 유세를 끝으로 공식 선거운동을 마무리했다. 박 후보는 ‘촛불 정신’을 언급하며 “겸허한 자세”를 강조했다. 아울러 지지세가 반등하는 ‘바람’이 불고 있다면서 바람이 늦게 불어 아쉽다고도 말했다.박 후보는 이날 오후 9시30분부터 10시까지 정부서울청사 맞은편에 있는 광화문 시민열린마당 앞에서 각계 시민대표 10명을 만나는 것으로 최종 유세 일정을 마무리했다. 박 후보는 “정말 뜨겁게 환영해주셔서 감사하다”며 “때때로 힘들때도 있었지만 여러분들의 외침에 힘입어 오늘 여기까지 왔다”고 소감을 밝혔다.이날 광화문에서 시작해 광화문에서 마무리한 유세 동선을 두고 박 후보는 “촛불 정신”을 언급하며 의미를 부여했다. 박 후보는 “광화문 광장은 촛불 정신이 대한민국의 민주주의와 미래를 지킨 장소”라며 “촛불 정신에 그 동안 민주당이 미흡했던건 없었는지 반성하고 성찰하는 시간이 반드시 필요하다고 생각했다”고 말했다. 그러면서 “반성과 성찰을 통해 우리가 더 겸손하고 겸허하게 더 잘해야겠다, 더 품이 큰 민주당으로 변화해야겠다고 생각했다”고 말했다.박 후보는 ‘선거운동을 하며 아쉬웠던 점 한가지를 꼽아달라’는 기자들 질문에 “지난 금요일부터 바람이 불기 시작한 것”이라고 답했다. 박 후보는 “바람이 조금 늦게 불은 아쉬움이 있다”며 “그렇지만 끝까지 최선을 다할 것”이라고 말했다. 박 후보는 “지난 금요일부터 매일매일 상승세를 타고 있다. 지금 이 시간에도 상승세를 타고 있다”며 지지자들에게 투표를 독려하기도 했다.박 후보는 광화문 최종 유세 직전에는 젊은층이 많은 마포구 홍익대 인근에서 당 지도부들과 ‘총력 유세’를 벌였다. 박 후보는 ‘20·30대의 지지율이 올랐다고 생각하나’라는 질문에 “그렇다”며 “홍대에 가기 전 경의선 숲길에서 1시간 정도 계속 젊은이들을 만났는데, 투표하신 분과 내일 투표하겠다는 분들이 상당히 많았다”고 말했다.박 후보는 그러면서 “제가 만난 사람이 100명도 넘는데 이들 중 아무 얘기도 안하고 가신 분들은 20~30% 정도”라며 “나머지 분들은 전부 ‘응원한다’ ‘내일 투표한다’ ‘투표했다’고 말했다”고 강조했다. 이를 두고 “많은 변화가 요 며칠 사이에 있었다고 생각한다”고 해석했다.박 후보는 서울시장으로 당선되면 ‘재난위로금 10만원 지급’ 공약을 가장 먼저 결재하겠다고 말했다. 박 후보는 “1호 결재로 10만원 재난위로금을 디지털 화폐로 지급하고 싶다”며 “물론 디지털화폐로 지급해야 하기에 약간 준비기간이 걸릴 것이다. 먼저 결재하고 준비해서 이것으로 소상공인들의 피눈물나는 어려움을 회복시키겠다”고 말했다. 또 “서울의 미래에 투자하면서 젊은이들을 위해 일자리를 만드는 그런 획기적인 정책이 되기를 바란다”고 말했다."
570,570,2021.04.06 21:05,박영선 “민주당의 부족함 반성할 것”…‘집 나간 집토끼’ 잡기 총력,경향신문,박광연 기자 lightyear@kyunghyang.com,"서부권 청년층 많은 곳 집중 유세6411번 ‘노회찬 버스’ 첫차 탑승정의당에 재차 지지 호소하기도박영선 더불어민주당 서울시장 후보는 선거운동 마지막 날인 6일 ‘민생’과 ‘청년’에 방점을 찍고 서울 서부권에서 유세를 벌였다. 이른 새벽부터 노동의 애환이 서린 민생 현장을 방문해 정의당 등 범여권 지지층 결집을 강조했다. 최근 민주당에 등을 돌린 2030세대가 많은 지역을 찾아서는 ‘반성과 쇄신’을 외치며 ‘미워도 다시 한번’ 지지를 호소했다.이날 박 후보 일정은 오전 4시 구로구에서 강남구로 향하는 6411번 버스 첫차 탑승으로 시작됐다. 이른바 ‘노회찬 버스’로 알려진 6411번 버스는 새벽부터 일터로 향하는 노동자들로 가득 차기로 유명하다. 40여분간 버스에서 시민들 애로사항을 들은 박 후보는 하차 뒤 동작구 노량진수산시장을 찾아 영업을 준비하는 상인들을 만났다. 박 후보는 “겸손하고 낮은 자세로 임해 서민들의 삶을 더 알뜰살뜰 챙겨야겠다고 생각했다”며 ‘민생 시장’ 이미지를 부각시켰다.‘노회찬 버스’ 탑승을 계기로 정의당에 지지를 호소하기도 했다. 박 후보는 “노회찬 의원이 동작에 출마했을 때 혼신의 힘을 다해 도와드렸다”고 말했다. 오후 기자회견에서도 “현장에 가면 정의당 당원이나 정의당을 했던 분들이 많이 계신다. ‘너무 염려하지 마라. 돕겠다’는 분들이 상당수 있다”고 말했다.이날 유세의 시작과 끝을 광화문으로 정한 것도 지지층을 겨냥한 메시지였다. 박 후보는 기자회견에서 “우리가 나아가야 할 방향이 촛불정신이라는 걸 다시 한번 생각해보는 시간이라는 의미가 있다”고 말했다. 유세 현장 곳곳에서 “투표하면 승리한다”고 강조하는 등 투표장으로 나가달라고 “간곡히 호소”했다.박 후보는 최근 민주당 지지 이탈세가 강한 젊은층의 마음을 돌리는 데에도 마지막까지 공을 들였다. 2030세대 직장인과 대학생 유동인구가 많은 영등포구 여의도역과 마포구 홍익대 인근에서 집중유세를 펼쳤다. 이낙연 상임선거대책위원장과 김태년 대표 직무대행 등 민주당 지도부가 홍익대 유세에 합류해 ‘총력전’에 힘을 보탰다.박 후보는 젊은층 등 이른바 ‘집 나간 집토끼’와 중도·무당층을 향해 ‘반성’과 ‘쇄신’을 여러 차례 약속했다. 종로구 유세에서 “그동안 민주당의 부족함이 있었다. 철저히 반성하며 내일 투표를 계기로 새롭게 태어나는 민주당이 되겠다”고 말했다. 은평구 유세에선 “더 품이 큰 민주당으로 변화하겠다”고 했고, 기자회견에선 “뼈를 깎는 심정으로 달라지겠다고 진심으로 약속드린다”고 강조했다.야당 후보가 당선되면 정쟁으로 안정적 시정이 어려워질 것이라며 ‘여당 후보’를 찍어달라고 호소하기도 했다. 박 후보는 기자회견에서 “많은 분이 코로나19로 벼랑 끝 위기에 내몰려 있다. 앞으로 1년이 정말 중요하다”며 “서울시와 정부가 빈틈없이 손발을 맞춰 이 위기를 극복해야 한다. 16년 의정활동과 중소벤처기업부 장관으로서의 성과와 성공, 추진력을 믿고 투표해달라”고 말했다."
574,574,2021.04.06 18:08,"유세 마지막날 박영선, 서울 곳곳서 “민주당 변하겠다”",경향신문,박광연 기자 lightyear@kyunghyang.com,"박영선 더불어민주당 서울시장 후보가 공식 선거운동 마지막날인 6일 서울 서부권을 훑으며 “민주당이 변하겠다”고 거듭 강조했다. 민주당의 기존 행보에 대한 ‘반성’과 ‘쇄신’을 외치며 등 돌린 지지층과 중도·무당층에 지지를 호소한 것이다. 서울시를 안정적으로 운영할 시장이 필요하다며 “내일 꼭 투표해달라”고 독려했다.박 후보는 이날 은평구 연신내역 유세에서 “그동안 많은 서울시민들을 만났다”며 “응원도 주셨지만 꾸지람도 있었다. 꾸지람을 더 경청하겠다”고 말했다. 박 후보는 “민주당이 바뀌어야 한다고 생각한다”며 “더 품이 큰 민주당으로 변화하겠다”고 말했다. 종로구 유세에서도 “민주당의 부족함이 있었다. 철처히 반성하고 더 뼈저리게 느껴서 내일 투표일을 계기로 새롭게 태어나는 민주당이 되자”고 강조했다.이날 종로구 선거캠프에서 가진 마지막 기자회견에서도 “반성과 성찰”을 언급했다. 박 후보는 “선거운동 기간 동안 서울시민들이 매서운 민심도 보여주셨다. 반성하고 성찰했다”며 “저는 물론 저희 당 또한 부족했고 뼈를 깎는 심정으로 달라지겠다고 진심을 다해 약속드렸다”고 말했다.박 후보는 경쟁자인 오세훈 국민의힘 후보에 비해 서울시정을 안정적으로 이끌 적임자임을 강조했다. 박 후보는 서대문구 홍제역 유세에서 “지금은 서울시정에만 전념할 시장이 필요하다”며 “민생 회복과 일상 회복을 위해 일분 일초가 아까울 때”라고 말했다. 그러면서 “(오 후보가 되면) 약자 차별과 투기 조장 정책으로 서울시의회와 정부와 부딪혀서 결국 서울은 정쟁의 도가니가 될 것”이라고 주장했다.박 후보는 기자회견에서도 “많은 분들이 코로나19로 벼랑끝 위기에 내몰려있고, 지난 1년간 누적된 피로감에 쌓여있다”며 “앞으로 1년이 정말 중요하다. 서울시와 정부가 빈틈없이 손발을 맞춰서 이 위기를 극복해야 한다”고 강조했다.박 후보는 7일 투표장으로 나서줄 것을 유권자들에게 거듭 호소했다. 박 후보는 영등포구 여의도역 유세에서 “깨어있는 시민들이 모두 투표장으로 갈 것”이라며 “한분 한분 투표해달라. 우리가 승리한다”고 말했다. 서대문구 홍제역 유세에서도 “내일 투표장에 한분이 열분씩만 모시고 가달라”며 “그러면 승리한다”고 목소리를 높였다.오 후보를 상대로 그간 열세였던 민심의 지지세가 점차 변하고 있다고 박 후보는 강조했다. 박 후보는 이날 기자들과 만나 “오늘 오후 유세를 하며 민심이 시시각각 바뀌는 듯한 느낌을 받았다. 굉장히 많은 시민들이 어제하고 또 다르게 호응을 많이 해준다”고 말했다. 그러면서 “상승세를 타고 있는건 분명하다”며 “저쪽은 멈춰있거나 하락세다. 끝까지 해봐야 아는 선거다”라고 말했다."
580,580,2021.04.06 11:38,정의당 여영국 “민주당은 범죄 비호…박영선 ‘노회찬 따라하기’론 안돼”,경향신문,윤승민 기자 mean@kyunghyang.com,"여영국 정의당 대표가 6일 박영선 더불어민주당 서울시장 후보의 선거운동 행보에 대해 ‘노회찬 의원 따라하기’라며 비판했다.여 대표는 이날 민주당 출신 정현복 전남 광양시장 일가의 ‘부동산투기·채용비리 의혹 진상규명 촉구 기자회견’에 참석한 뒤 사회관계망서비스에 이같은 글을 올렸다. 여 대표는 “오늘 전남 광양에 왔다. 부동산 투기, 채용 비리 의혹을 받고 있는 광양시장에 대한 철저한 수사를 촉구하기 위해서”라며 “광양시장의 비리가 불거지자 민주당은 꼬리자르듯 제명조치만 하고 책임은 회피하며 사실상 ‘범죄 의혹 시장’을 비호하고 있다”고 썼다. 민주당은 정현복 시장에 대한 부동산 투기 등 의혹이 불거지자 지난 2일 긴급 최고위원회를 열어 비상징계를 의결하고 제명조치를 내렸다.여 대표는 “이것이 민주당의 민낯”이라며 “박영선 후보님이 지금 할 일은 본인들의 이 민낯을 직시하는 것”이라고도 했다. 그러면서 “노회찬 의원 따라하기로 그 민낯을 가릴 수 없다는 걸 아셔야 한다. 그것이 시민들의 마음을 얻는 첫 걸음”이라고 썼다. 박 후보가 이날 오전 ‘노회찬 버스’로 알려진 6411번 버스 첫 차를 타고 선거운동을 벌였던 점을 가리키며, 민주당이 부동산 투기에 대해 엄정히 촉구하라고 한 것이다."
587,587,2021.04.06 09:12,"D-1 마지막날 ‘노회찬 버스’에 오른 박영선 “더 겸손하게, 더 낮은 자세로 잘하겠다”",경향신문,박홍두,"4·7 서울시장 보궐 선거에 나선 박영선 더불어민주당 후보가 선거운동기간 마지막날인 6일 새벽 ‘노회찬 버스’로 불리는 ‘6411번 버스’에 올랐다. 박 후보는 시민들을 만나 “더 겸손하게, 더 낮은 자세로 잘 하겠다”고 말했다.박 후보는 선거 마지막날 유세의 시작을 6411번 버스에 오르는 것으로 시작했다. 이른바 노회찬 버스로 불리는 6411번 버스는 노 전 의원이 2012년 7월 정의당 대표 수락연설에서 언급했던 버스다. 박 후보의 의원시절 지역구인 구로구에서 강남구 개포동을 잇는 노선이기도 하다.노 전 의원은 당시 ‘6411번 버스를 아십니까’라는 제목의 연설에서 “이 버스는 새벽 4시 정각에 출발합니다”라며 “이분들은 태어날 때부터 이름이 있었지만, 그 이름으로 불리지 않습니다. 그냥 아주머니입니다. 그냥 청소하는 미화원일 뿐입니다”라며 서민들의 애환을 전했다.박 후보도 이날 새벽 4시 6411번 첫차에 올라 시민들을 만났다. 박 후보는 회사 청소원인 한 시민과 만나 “덕분에 다른 사람들이 편안하게 하루를 시작할 수 있다. 감사한 일”이라고 말했다. 이후엔 노량진수산시장을 둘러보고 상인들을 격려했다.박 후보는 기자들과 만나 “민주당과 제가 더 겸손한 자세, 더 낮은 자세로 서민들의 삶을 알뜰살뜰 챙겨야겠다는 생각을 했다”며 “처절하게 반성하고 응어리진 마음을 풀어드리고 두 배로 더 열심히 잘하겠다”고 말했다. 마지막 날 유세 각오로는 “지금은 어느 쪽이 승리할지 예측불허”라며 “마지막 날까지 죽을힘을 다해 최선을 다하겠다”고 밝혔다.이날 박 후보의 ‘노회찬 버스’ 유세는 정의당 지지층 등 진보층에 대한 호소로 읽힌다. 민주당은 범여권 지지를 모으자며 지원을 요청했지만, 정의당 여영국 대표 등은 “염치 없다”며 거부한 터다.이와 관련해 박 후보는 “민주당에 섭섭한 부분이 있으실 거라 생각한다”면서도 “저는 노회찬 의원이 동작에 출마하셨을 때 혼신의 힘을 다해 도와드렸다”고 말했다."
603,603,2021.04.05 10:59,"여영국, ‘심상정 지지 호소’ 박영선에 “염치가 있어야”",경향신문,박광연 기자 lightyear@kyunghyang.com,"여영국 정의당 대표가 5일 박영선 더불어민주당 서울시장 후보에 대해 “염치가 있어야 한다”고 말했다. 박 후보가 정의당 대표를 지낸 심상정 의원에게 “도와달라”고 했다는 발언을 두고서다.여 대표는 이날 국회에서 열린 대표단회의에서 “어제 박영선 민주당 서울시장 후보께서 인터넷 언론과의 인터뷰를 통해 ‘심상정 의원 같은 분이 도와주면 좋겠다’고 하셨다”며 “염치가 있어야 한다”고 말했다.전날 박 후보는 인터넷언론사 기자간담회에서 “제 마음 같아서는 심 의원 같은 분들이 도와주셨으면 좋겠다 생각해 전화를 한번 드리긴 했다”며 “‘좀 도와주면 어떻겠나’라고 얘기했는데, ‘나중에 전화를 다시 한번 하겠다’라고만 (대답을) 들었다”고 말한 바 있다.여 대표는 “박 후보는 중대재해기업처벌법 제정을 위한 국회 논의과정에서 기업 입장을 대변해 법의 실효성을 무력화시킨 당사자”라며 “김미숙, 이용관 두 분과 함께 노동자들의 죽음의 행렬을 멈추기 위해 단식까지 불사했던 정의당을 입에 올릴 자격조차 없다”고 비판했다. 지난해 말 본격화돼 올해 1월 본회의를 통과한 중대재해기업처벌법 입법 당시 박 후보는 중소벤처기업부 장관이었다.여 대표는 “게다가 박 후보가 몸 담고 있는 민주당은 1년 전 총선 당시에는 기만적인 위성 정당을 통해 시민들의 정치개혁 열망을 가로막았다”며 “정치개혁을 이루고자 했던 정의당에게는 가히 정치테러였다”고 말했다.여 대표는 “국민의힘과 기득권 정치 동맹을 공고히 했던 민주당이 그 어떤 반성도 사과도 없이 지금에서야 도와달라니 이게 무슨 염치 없는 것인가”라며 “무엇보다 정의당에 도움을 청하기 전에 촛불정부라 자칭하면서도 개혁은커녕 기득권 이익동맹에만 치중한 나머지 신뢰를 잃어버린 시민들에게 진심으로 사죄하고 도움을 청하는 것이 마땅한 도리”라고 지적했다.민주당은 한자리수 득표율 격차로 오세훈 국민의힘 후보와 승부가 판가름날 것으로 전망하고 있는만큼 정의당 등 범여권의 지지가 절실하다 보고 있다. 김태년 민주당 대표 직무대행은 지난 1일 대국민성명에서 정의당을 거론하며 “더 나은 미래를 위해 헌신하는 정당과 시민의 연대를 호소한다”고 말한 바 있다.그러나 정의당 등 5개 소수정당은 지난 2일 ‘4·7 보궐선거 반기득권 공동정치선언’을 발표하며 “거대 기득권 양당은 국민의 기대를 외면하고 정반대의 길로 질주하고 있다”고 민주당과의 연대에 선을 그은 상태다."
607,607,2021.04.05 08:44,"박영선·오세훈, 오늘 마지막 TV토론 격돌···‘거짓말 의혹이냐, 정권심판론이냐’",경향신문,박홍두 기자 phd@kyunghyang.com,"4·7 서울시장 보궐선거에 나선 박영선 더불어민주당 후보와 오세훈 국민의힘 후보가 5일 오후 2시 선거를 앞두고 마지막 TV토론에서 격돌한다. 박 후보는 ‘오 후보 거짓말 의혹’에, 오 후보는 ‘정권심판론’에 힘을 실을 방침이라 치열한 격전이 예상된다.박, 오 후보는 이날 오후 2시 방송기자클럽이 주최하는 ‘후보자 초청 토론회’에서 맞붙는다. TV토론으로서만 세번째 격돌이다. 이날 토론은 4·7 보궐선거일 이전에 실시되는 마지막 토론이다.한 시간 반 동안 진행되는 이날 토론은 접전이 예상된다.박 후보 측은 오 후보의 내곡동 땅 의혹을 둘러싼 의혹들을 집중 공략할 계획이다. 박 후보 측은 처가의 내곡동 땅을 몰랐다거나 측량 현장에 가지 않았다고 했던 오 후보의 거짓말이 드러났다며 후보직 사퇴를 요구하고 있다. 박 후보 측은 나아가 오 후보가 사퇴하지 않을 경우 ‘중대결심’까지 거론하며 승부수를 던졌다.오 후보는 당시 내곡동에서 생태탕 식당을 운영했던 A씨의 증언이 달라졌다며 “허무맹랑한 주장”이라고 일축하고 있다. 오 후보는 “박 후보도 이제는 좀 이성을 되찾고, 비전과 정책 위주의 토론을 하는 게 유권자에 대한 도리 아닌가”라며 “이 선거는 고 박원순 전 서울시장의 불미스러운 일이 계기가 돼서 치러지는 선거 아닌가”라고 역공했다.두 후보는 이날도 서울 집중유세전을 이어갔다.박 후보는 전통적으로 당 지지세가 강한 서남권을 돌 예정이다. 강서구에서 출발해 금천, 관악, 동작, 영등포를 가로지르며 표심에 호소한다는 계획이다.반면 오 후보는 ‘스마일 이모티콘’을 연상시키는 동선으로 막바지 유세를 이어간다. 강서구 등촌역·양천구 목동역·영등포구 대림역 순으로 차량 유세를 한 뒤 송파구 잠실주공 5단지 앞, 강동구 천호역에서 마무리 유세를 한다."
610,610,2021.04.04 21:05,유세동선으로 본 박영선· 오세훈 선거전략,경향신문,심진용,"유세 동선으로 본 박영선·오세훈의 선거 전략4·7 서울시장 보궐선거에서 박영선 더불어민주당 후보와 오세훈 국민의힘 후보의 발걸음이 바빠지고 있다. 공식 선거 운동 시작일인 지난달 25일부터 선거일을 사흘 남긴 4일 현재까지 두 후보는 서울 전역을 훑으며 강행군 중이다. 지난 11일간의 유세 동선을 살펴본 결과, 유독 비강남 일정이 두드러지는 건 오 후보였다. 오 후보는 강남 이외의 지역을 집중 공략해 압승을 노리는 모습이었다. 특히 오 후보는 청년층 표심에 집중하는 일정도 많았다. 박 후보는 특정 지역에 집중되지는 않았지만 전통적 강세 지역인 강북을 여러 차례 찾으며 표를 다지는 모습이었다. 박 후보는 현안에 따라 대응하면서 갑작스레 ‘용산도시기억전시관’ 등의 일정을 추가하기도 했다.오 후보는 선거 기간 ‘비강남 지역’을 집중적으로 찾았다. 유세 첫날 강북 지역 9개 자치구를 V자로 훑었다. 공식선거일 첫날부터 4일까지 45차례 주요 유세 중 관악·구로·금천구 등 서남권(13회)과 강북·노원·도봉구 등 동북권(13회) 등 비강남권 일정이 전체의 절반을 훌쩍 넘는다. 서남권과 동북권은 지난해 총선에서 국민의힘 총득표율이 40.4%였던 열세 지역이다. 반면 서초·강남·송파구 등 ‘강남 3구’ 유세는 7차례에 그쳤다.오 후보는 비강남 지역 유세에서 부동산 개발 민심 공략에 집중했다. 선거 운동 첫날 그는 은평구 유세에서 “지난 10년간 서울지역에서 가장 변화에 뒤처진 곳이 서북권”이라고 했고, 박영선 후보의 정치적 고향인 구로구를 찾은 지난달 26일에는 “자기 지역구를 역대 최악의 양극화를 만들어 놓고 부끄러운 줄 알아야 한다”며 박 후보를 직격했다. ‘강남북 균형 발전’이란 명분으로 강북 지역 재개발을 강조한 발언들이었다.강남 유세에선 청년층에 공을 들였다. 지난달 28일 코엑스몰 유세에서는 30대 청년이 연단에 올라 오 후보를 지지하는 ‘7분 연설’로 화제를 모으기도 했다. 오 후보 측 핵심 관계자는 이날 통화에서 “비강남·청년 표심 공략에 특히 공을 많이 들였다”면서 “그간 취약했던 동남권 등에서도 지금은 우리가 크게 앞서고 있는 것으로 보인다”고 말했다.박영선 후보는 동요한 부동산 민심 탓에 산토끼와 집토끼를 동시에 잡으려 지역을 가리지 않고 유세를 벌였다. 지지층 결집을 위한 깜짝 일정도 눈에 띄었다.박 후보는 지난달 25일 과거 자신의 국회의원 지역구였던 구로구와 인접 지역인 영등포구 유세를 시작으로 26일 서북권의 서대문구와 마포구, 27일 동북권의 중랑구, 28일 동남권의 서초·강남구를 시계방향으로 순회했다. 3일에는 송파구 잠실역, 강남구 코엑스몰 등 강남권 일대를 돌았다. 민주당 강세 지역으로 분류되는 노원·도봉구는 4일에야 찾았다.박 후보는 갑작스레 일정을 변경해 의미 있는 장소를 찾기도 했다. 지난 1일 양천구 거리유세 일정을 취소하고 용산도시기억전시관을 찾았다. 오 후보가 전날 관훈토론회에서 한 용산참사 관련 발언이 문제가 되자 일정을 잡아 참사 당시 시장이었던 오 후보를 비판한 것이다. 2일 사전투표를 한 뒤에는 광화문광장에 위치한 ‘세월호기억공간’을 방문하려다 공간이 폐쇄돼 발길을 돌리기도 했다. 사전투표 기간 민주당 지지층을 결집시키려는 의도로 보인다.박 후보는 3일 잠실역과 코엑스몰 등 유동인구가 많은 지역을 중심으로 유세를 진행하다 비대면 예정이던 광진구 집중유세에도 집중 참여했다. 최대한 많은 유권자들과 만나 지지율 열세를 만회하기 위한 시도로 풀이된다."
612,612,2021.04.04 21:03,"박영선 “여론조사·현장 민심 달라…오, 당선 땐 서울은 투기장”",경향신문,박광연 기자 lightyear@kyunghyang.com,"박영선 민주당 서울시장 후보 인터뷰박영선 더불어민주당 서울시장 후보는 4일 “이미 한번 실패했고 거짓말하는 후보에게 서울의 미래를 맡길 수는 없다”며 “서울 시민만을 바라보고 ‘열일’하며 서울의 미래에 투자할 박영선의 경험과 추진력, 입증된 성과에 투표해달라”고 말했다. 박 후보는 이날 경향신문과 전화·서면 인터뷰를 하면서 최근 20·30대 청년층의 이탈을 두고 “집값 급등과 정의·공정의 가치에 대한 실망감이 반영된 결과”라며 “두 배로 열심히 일해서 회복시킬 자신이 있다”고 말했다. 박 후보는 재·보궐 선거 역대 최고치를 기록한 사전투표율과 관련해 “민주당 지지자들이 결집하고 있다”며 이른바 ‘샤이진보층’에 대한 기대감을 내비쳤다. 선거일을 사흘 앞두고 “여론조사와 현장 민심은 다르다”며 차분하게 답변을 이어갔다.- 왜 ‘박영선’이어야 하나.“신임 서울시장에게는 코로나19를 조기 종식시키고, 서울시민의 일상을 회복시킬 막중한 임무가 주어져 있다. 시민들은 낡고 실패했고 거짓으로 일관하는 부도덕한 시장이 아닌, 정의를 위해 싸워오고 성과가 검증된 능력 있는 민생시장을 원한다. 지금부터 서울은 정말 안정적인 시정을 통해 전진해야 한다. 그런데 정쟁을 일삼는 정치시장이 되면 서울은 혼란에 빠지고, 현재 국회·시·구의원과 정부와의 관계에서 한발도 못 나갈 것이다. 성공한 장관 박영선이 서울을 세계 디지털 경제수도로 만들겠다.”- 20·30대에서 지지율이 낮다.“집값 상승 등 미래 불안과 좌절감, 공정·정의의 가치를 지키고자 지지를 보냈던 데 대한 실망감이 반영된 추세다. 경제 발전과 민주화의 성과를 독점했던 기성세대에 대한 반발도 있다. 청년층 신뢰를 회복하려면 혁신적 일자리를 많이 만들어야 한다. 중소벤처기업부 장관을 하며 성과를 냈기에 자신 있다. 주거·일자리 등 청년들의 미래를 여는 시장이 되겠다.”- 일부 ‘규제 완화’ 공약이 집값을 높일 수 있다는 지적이 있다.“오세훈 후보와는 부동산 정책의 지향점이 다르다. 저는 서울 무주택자의 내 집 마련을 위한 정책이고, 오 후보는 원주민을 내쫓는 난개발 정책이다. 오 후보는 당선되면 일주일 만에 (재개발·재건축을) 다 하겠다는 건데 그러면 서울은 정말 투기의 장이 될 것이다. 부자들과 가진 자들만을 위한 정책이다.”- 사전투표율이 높았다.“굉장히 긍정적으로 평가한다. 사전투표는 정치에 관심 많은 분들이 주로 한다. 민주당 지지자들이 결집하는 모습이라고 생각한다.”- 현장에서 느낀 민심은 어떤가.“여론조사와 많이 다르다. 민주당이 부족하지만 거짓이 난무하는 서울시를 만들 수는 없지 않으냐, 인물을 봤을 때 이번에는 시장을 해야 하는 것 아니냐는 의견이 많다. ‘일 잘하는 박영선’이 되면 좋겠다는 격려에 큰 힘을 얻고 있다.”- 최근 네거티브 공방이 심해졌다. 남은 기간 전략은.“정직하며 공인의식을 갖췄고 리더십이 있는지를 따져보는 것은 당연한 과정이다. 내곡동 땅에 대해 거짓말로 사태를 키운 건 오 후보 본인이다. 남은 기간 코로나19로 가장 어려움을 겪는 소상공인과 자영업자, 청년 지원 정책을 강조하겠다.”"
620,620,2021.04.04 17:00,박영선 “샤이진보 있는건 분명···깨어있는 시민들 많아”,경향신문,박광연 기자 lightyear@kyunghyang.com,"박영선 더불어민주당 서울시장 후보가 최근 선거유세 중 경험을 토대로 “샤이진보가 있는 것은 분명하다”고 4일 말했다. 박 후보는 “깨어있는 시민들이 많다”며 재·보궐선거 역대 최고 사전투표율을 긍정적으로 평가했다. 정의당 대표를 지낸 심상정 의원에게 지지를 호소한 바 있다고도 말했다.박 후보는 이날 국회 의원회관에서 가진 인터넷언론사 기자간담회에서 ‘전체 유권자 중 샤이진보가 얼마나 있다고 보나’라는 질문에 “샤이진보가 몇퍼센트 있는지까지는 잘 모른다”며 “그런데 샤이진보가 있는 건 분명하다”고 답했다.이른바 ‘샤이진보’는 4월 재·보궐선거에서 민주당을 지지하지만 그러한 속내를 드러내지 않는 ‘숨겨진 지지층’을 지칭하는 용어다. 박 후보 지지율이 오세훈 국민의힘 서울시장 후보에게 뒤처진 상황에서 막판 ‘반전’을 기대하는 민주당의 기대감이 반영돼있다.박 후보는 전날 유세 현장에서의 경험을 들며 샤이진보의 ‘존재’를 설명했다. 박 후보는 “어제 하루만 해도 제가 명함을 쭉 나눠드리는데 저한테 (시민들이) ‘투표하고 왔다. 1번 찍었다. 너무 걱정하지 마라’는 얘기를 아주 작게 했다”며 “제 남편도 똑같은 얘기를 하더라. 어제 서울 이곳저곳에서 명함을 나눠드렸는데 ‘박 후보를 찍었다’는 분들은 작게 얘기했다고 한다”라고 말했다. 박 후보는 “샤이진보가 굉장히 많이 있다”며 “여론조사상에서도 샤이진보가 전화를 받지 않았을 확률이 굉장히 높다고 본다”고 설명했다.재·보궐선거 역대 최고 사전투표율(서울 21.95%)을 두고 박 후보는 자신에게 유리하게 해석했다. 박 후보는 “사전투표율이 높다는 건 민주당이 그동안 여러가지 많이 부족했지만 올바른 길로 나가기 위해 기호 1번(민주당)을 찍어야 되는 것 아니냐는 결집이 시작된 것으로 본다”고 말했다.박 후보는 그러면서 “한 어머님은 ‘아무리 민주당이 밉다지만 그렇다고 거짓말 후보가 시장이 되는 걸 아이들에게 가르쳐줄 수는 없지 않냐. 우리가 그정도로 마음이 망가진 상황은 아니다’라고 말씀하셨다”며 “저는 이러한 깨어있는 시민들이 많이 있다고 생각한다”고 말했다.박 후보는 범여권의 지지를 모으고자 심상정 정의당 의원에게 지원을 요청한 사실을 언급했다. 박 후보는 “제 마음 같아서는 심 의원 같은 분들이 도와주셨으면 좋겠다 생각해 전화를 한번 드리긴 했다”며 “‘좀 도와주면 어떻겠나’라고 얘기했는데, ‘나중에 전화를 다시 한번 하겠다’라고만 (대답을) 들었다”고 말했다.박 후보 캠프 전략기획본부장을 맡은 진성준 민주당 의원이 지난 2일 언급한 “중대 결심”과 관련해 박 후보는 “사전에 저와 교감이 있었던 것은 아니다”라고 말했다. 박 후보는 “의원단 회의를 거쳐 무언가 하기로 결정했는데, 오 후보 측 답변이 있어야 하겠다는 게 진 의원의 답변”이라고 말했다.박 후보는 중대 결심이 후보 사퇴와 관련된 것 아니냐는 질문에 “그런 이야기를 할 가치가 있나”라며 “제가 왜 사퇴를 하나”라며 선을 그었다. 박 후보는 “여기(오 후보)는 사퇴 전문가”라며 “10년 전에도 사퇴했고 이번에도 (내곡동 땅 의혹 관련) 증인이 나오면 사퇴하겠다고 본인이 먼저 얘기하지 않았나”라고 말했다."
625,625,2021.04.03 19:21,“절박하다. 꼭 승리하고 싶다”···마지막 주말 청년·여성 만난 박영선 “여성부시장 도입”,경향신문,박홍두 기자 phd@kyunghyang.com,"박영선 더불어민주당 서울시장 후보는 4·7 보궐선거 전 마지막 주말인 3일 청년·여성들을 만나면서 지지를 호소했다. 박 후보는 10번째 ‘서울선언’으로 “여성부시장, 디지털부시장제도를 도입하겠다”며 여성 고위직 대거 중용 등을 약속했다.박 후보는 봄비가 세차게 내린 이날 하루 종일 서울 곳곳을 돌며 유세에 나섰다.서울 강동구 천호공원 집중유세에서는 “시장이 되면 여성부시장, 디지털부시장제도를 도입하겠다”며 “주요 고위직에 여성 인사를 대거 중용하고 서울시 공공기관 문화를 대대적으로 개혁하겠다”고 발표했다.박 후보는 “이를 통해 성평등한 서울, 디지털 혁신 서울을 만들겠다. 자라나는 여성 후배들에게, 우리 아이들에게 내 마음속의 꿈을 꾸면 이뤄지는 서울, 가능성의 서울을 보여드리고 싶다”며 “꼭 승리하고 싶다”고 했다.그러면서 “이번 시장은 코로나19를 빨리 종식해야 하는 책무를 갖고 있다. 정부, 국회, 서울시·구의회 등이 일치돼야 한다. 이게 흐트러지면 코로나19 종식이 더 늦어질 수 있다”며 정부·여당 ‘원팀’을 위해서라도 자신을 선택해달라고 호소했다. 그는 “그래서 매우 절박하다. 그렇기 때문에 승리하고 싶다”고 거듭 강조하기도 했다.박 후보는 오전에는 2030대 청년층을 만났다. 성북구 안암동의 직주일체형 공공 청년 주택 ‘안암생활’을 방문해 대학생들을 만난 자리에서 자신의 6번째 서울선언인 ‘직주일체형 청년 주택 2만호 건설’을 언급하며 “서대문, 마포, 성북구 등 대학가 밀접 지역에 직주일체형 청년 주택을 지으면 청년들에게 큰 도움이 될 것”이라고 말했다.이후 종로구 선거 캠프로 가서 사회적 경제 청년기업가 간담회를 열고 청년 기업가들의 건의 사항을 듣기도 했다. 박 후보는 이 자리에서 국민의힘 오세훈 후보를 향해 “사회적 경제 분야는 코로나19 이후 확대될 수 있는 분야인데 오 후보가 이를 없애겠다고 해서 깜짝 놀랐다”며 “시대에 역행하는 후보다. 정말 낡은 행정, 낡은 사고란 생각을 많이 했다”고 비판했다.박 후보는 강동 유세 현장까지 지하철로 이동하며 청년들을 만나기도 했다. 이 자리에서 자신의 정책인 ‘청년 대중교통 40% 할인’ 공약을 알리기도 했다. 박 후보는 이후 잠실, 광진구 건국대학교 스타시티, 강남구 코엑스몰, 신촌역 일대를 돌며 집중 유세를 펼친다.박 후보는 이날 저녁 강남 유세 후 기자들을 만난 자리에서 “주말을 고비로 월요일쯤 되면 (판세 역전) 윤곽이 드러날 거라고 본다”며 “특히 사전투표율이 높다는 것은 그만큼 열정적 지지자가 많이 나왔다는 것”이라고 분석했다.박 후보는 “이렇게나 많은 분이 꼭 되어야 한다는 간절함을 많이 표시해주시고 계신다. 저도 할 수 있는 데까지 최선을 다하겠다”고 말했다."
639,639,2021.04.02 20:43,"박영선 “청년 반값 데이터”…오세훈 “DMC, 영상 메카로”",경향신문,김상범,"종로서 첫 일정, 각각 동·서 순회박 “오, 내곡동 방문 증언 나왔다”오 “박, 돈 흔들며 찍어달라는 것”박영선 더불어민주당·오세훈 국민의힘 서울시장 후보는 4·7 재·보궐 선거 사전투표가 개시된 2일 ‘막판 표심’을 잡기 위한 강행군을 이어갔다. 박·오 후보는 모두 서울의 ‘정치 1번지’인 종로구에서 첫 일정을 시작해 각각 동·서 방면을 돌며 시민들의 지지를 호소했다.박 후보는 오전 종로구청을 찾아 사전투표를 했다. 그는 “서울의 정직한 미래에 투표해주십사 하는 마음”이라고 말했다.박 후보는 이날 남대문과 뚝섬유원지 일대에서 유세를 한 뒤 동대문구로 이동해 풍물시장·경동시장·청과물시장 등을 돌며 재래시장 표심을 공략했다. 남대문 유세에선 “적벽대전의 새바람이 불고 있다”며 전세 역전을 자신했다. “깨치고 나아가 끝내 이기리라”라며 노무현 전 대통령의 상징이 된 노래 ‘상록수’를 부르기도 했다. 박 후보는 19~24세 청년에게 매달 데이터 5기가를 사용할 수 있는 바우처를 지급하는 ‘청년 반값 데이터요금’ 공약도 발표했다. 전날 청년들의 대중교통 할인요금 적용을 약속하는 등 반여권 정서가 강한 20대를 향해 ‘맞춤형’ 공약을 잇따라 내놓은 것이다.오 후보를 향한 ‘내곡동 공세’도 이어갔다. 박 후보는 “오 후보가 시장 재임 시절 내곡동 그린벨트 해제를 몰랐다는 것은 앞뒤가 맞지 않는 얘기”라고 주장했다. 박영선 캠프 관계자들은 국회 기자회견에서 오 후보를 2005년 6월 내곡동에서 봤다는 음식점 사장 언론 인터뷰를 언급하면서 “(내곡동 땅을 모른다는) 오 후보의 주장은 완전히 파탄났다”며 사퇴를 촉구했다.오 후보는 이날 광화문에서 출근길 인사를 한 뒤 당의 취약지인 마포·양천·구로 등 ‘서부벨트’를 집중 공략했다. 그는 상암DMC 유세에서 “마이스(MICE·전시컨벤션)와 영상·영화산업의 본거지가 돼 대한민국 심장이자 엔진 같은 역할을 하도록 일으켜 세울 것”이라며 개발 이슈로 민심 잡기에 나섰다.오 후보는 20대 유권자들과 함께 단상에 올라 ‘청년 표심’을 재차 다졌다. 그는 “다시 젊은이들이 좌절하지 않는 대한민국을 만들기 위해 제가 서울시에서 초석을 놓겠다”고 말했다. 박 후보의 청년 공약을 두고는 “본인들의 불공정과 부정에 분노해 등돌린 젊은이들에게 돈을 흔들며 찍어달라는 의사표시 아닌가”라고 비난했다. 동묘벼룩시장에서는 박원순 전 시장이 벌인 창신·숭인 도시재생사업을 두고 “혈세를 써서 이 일대가 변한 것이 없다”고 비판했다."
652,652,2021.04.02 09:42,"사전투표 한 박영선 “제가 시장 되면, 부동산 정책 지금과 확실히 달라진다”",경향신문,박홍두 기자 phd@kyunghyang.com,"박영선 더불어민주당 서울시장 보궐선거 후보는 4·7 재·보궐 선거 사전투표 첫날인 2일 직접 사전투표에 나섰다.박 후보는 이날 오전 8시30분쯤 서울 종로구청에 마련된 사전투표소를 찾아 한 표를 행사했다.투표를 한 뒤 박 후보는 기자들과 만나 “서울의 정직한 미래에 투표해주십사 하는 마음으로 오늘 첫 일정을 사전투표와 함께 시작했다”며 “서울의 전통과 미래의 상징적인 곳인 종로를 선택했다”고 말했다.부동산 정책과 관련해선 “제가 서울시장이 되면 지금과는 확실히 다른 부동산 정책을 펼 것”이라며 “박영선의 서울시는 많은 변화가 있을 것”이라고 말했다.박 후보는 이날 MBC 라디오 <김종배의 시선집중> 인터뷰에서도 당과 정부, 후보의 부동산 정책이 엇박자를 내는 것 아니냐는 지적에 “재건축·재개발은 물론 정부와 소통이 필요하지만 서울시장의 의지가 훨씬 중요한 사안”이라며 “서울시장이 하겠다고 마음 먹으면 국토부도 막을 수 있는 재량은 제한적인 것으로 안다”고 말했다.그러면서 “직장과 주거가 가까이 있어야 하는 새 흐름에 맞춰 재개발 재건축을 해야 한다”며 “단계적으로, 공공과 민간이 함께 참여해 꾸려가는 게 맞다”고 했다.김상조 전 청와대 정책실장과 박주민 민주당 의원 등의 전·월세값 인상 비판과 관련해선 “아프게 받아들이고 있다”면서 “그렇게 안 했어야 되는 일이라고 생각한다. 저희가 더 성찰하고 반성하고 두 배로 잘 해야 된다”고 말했다."
661,661,2021.04.01 20:46,박영선 “청년 교통비 40% 할인”…오세훈 “독거노인들 위한 안심특별본부”,경향신문,박용하,"박영선·오세훈 취약층 공약박영선 더불어민주당·오세훈 국민의힘 서울시장 보궐선거 후보가 1일 나란히 취약계층을 위한 민생행보에 나섰다. 박 후보는 결식이웃을 위한 도시락 배달에 참여했고, 오 후보는 노인복지관을 방문해 독거노인 공약을 소개했다. 박 후보는 또 교통비 할인 공약을 내걸며 2030 민심을 공략했다. 오 후보는 취약지인 강북을 다시 찾았다. 선거를 6일 앞두고 각자의 취약지 표심을 겨냥한 총력전을 펼친 것이다.박 후보는 이날 은평구의 한 사회적기업에서 결식아동과 독거노인을 위한 도시락을 배달했다. 박 후보는 기자들과 만나 “점심을 굶는 어르신의 숫자가 줄지 않는 만큼 무료로 점심을 대접해줬으면 좋겠다는 (관계자들의) 요구사항이 많아 ‘그렇게 해드리겠다’고 했다”며 “사각지대에 있는 아이들과 노인층의 급식 문제를 촘촘히 챙기는 시장이 되겠다”고 강조했다.박 후보는 양천구 유세에선 만 19~24세 청년들에게 40% 할인된 요금으로 이용 가능한 대중교통 정액권을 발급하는 공약을 내놓았다. 그는 “외곽에서 시내로, 시내에서 외곽으로 이동하는 비용이 청년을 위축시키고 있다”며 “(교통비 인하를) 내년부터 바로 시행하겠다”고 말했다. 젊은층 에서의 지지율 열세를 만회하려는 노력으로 풀이된다.오 후보도 종로구에 있는 한 노인복지관을 찾아 취약계층의 목소리를 들었다. 그는 “어르신들이 빠르게 변하는 세상을 따라가지 못해 당황스럽고 서러운 일을 겪지 않도록 하겠다”며 ‘1인 가구 안심특별본부 설치’ 등을 소개했다. 오 후보는 복지관 방문 전 서울의료원을 찾아 코로나19 방역으로 애쓰는 의료진의 고충을 듣기도 했다.오 후보는 김종인 비상대책위원장과 함께 성북구 길음동과 노원구 경춘선 숲길, 도봉구 쌍문동 등 강북 일대를 순차적으로 돌며 지지를 호소했다. 공식 선거유세가 시작된 뒤 강북 지역을 세 차례 방문하며 공을 들인 것이다. 강남에 비해 상대적으로 지지세가 떨어지는 강북을 공략해 ‘승기’를 잡겠다는 전략으로 풀이된다."
664,664,2021.04.01 17:36,"김태년 ‘경고’ 받은 박주민, 박영선 캠프직 사퇴···“질책 무겁게 받아들여”",경향신문,김상범 기자 ksb1231@kyunghyang.com,지난해 ‘전·월세 상한제’ 통과 직전 세입자 임대료를 올려 받아 논란이 된 박주민 더불어민주당 의원(사진)이 1일 박영선 서울시장 후보 캠프 홍보디지털본부장에서 사임했다. 이날 김태년 당대표 직무대행이 박 의원에게 당 차원의 ‘경고 메시지’를 내린 데 따른 결정으로 보인다.박 의원은 이날 페이스북에 “박영선 캠프 홍보디지털본부장직을 사임한다”라며 “국민 여러분과 당의 질책을 무겁게 받아들이며 국민 여러분들이 느끼셨을 실망감에 다시 한번 사죄드린다”라고 썼다. 박 의원은 “비록 직은 내려놓지만 박영선 후보의 승리를 위해 제가 할 수 있는 역할은 어떠한 것도 마다하지 않겠다”고 했다.박 의원의 결정은 이날 당 차원에서 내려진 경고 메시지 및 자성 권고에 따른 것으로 보인다. 허영 민주당 대변인은 이날 기자들과 만나 “김태년 직무대행이 박 의원에게 직접 전화해 강한 경고와 함께 자성을 촉구했다”며 “당 차원의 경고에 대해 박 의원의 합당한 의견 표명이 있을 것으로 기대하고 있다”라고 말했다.
689,689,2021.03.31 21:04,"박영선, 돌봄 공약 등  ‘젊은층’ 공략…오세훈, 직능단체 찾아 ‘조직력’ 보완",경향신문,박용하,"서울시장 보궐선거가 일주일 앞으로 다가온 가운데 여야 후보들은 31일 막판 지지층 결집을 위한 전략적 행보로 분주했다. 박영선 더불어민주당 후보는 “돌봄 인프라를 2배 늘리겠다”는 공약을 발표하고 약점으로 떠오른 젊은층 표심잡기에 나섰다. 오세훈 국민의힘 후보는 ‘조직력’을 끌어올리기 위해 7개 분야 직능·사회단체와 만나 지지를 호소했다.박 후보는 이날 동작구 이수역을 찾아 엄마들의 표심을 겨냥한 집중유세를 벌였다. 박 후보는 유세에서 “돌봄 부담 없는 서울을 만들겠다”며 ‘영·유아 돌봄 두 배로’ 공약을 발표했다. 33% 수준인 국공립어린이집 비율을 두 배로 늘리고, 야간보육을 제공하는 175개 어린이집을 350개로 늘리는 내용이다. 박 후보는 “20·30대 청년과 신혼부부에게는 (전체 집값의) 10%를 내서 내집을 마련하게 하고, 해마다 지분을 조금씩 사들이는 ‘지분적립형’으로 분양하겠다”며 젊은층의 부동산 민심을 다독이기도 했다. 동작구는 평균 연령이 42세인 ‘젊은 구’로 알려져 있다.오 후보는 직능·사회단체들과의 만남으로 쉴 틈 없는 하루를 보냈다. 오전에는 영등포 중소기업중앙회에서 중소기업인·소상공인과 만났고, 그 뒤 농업경영인중앙연합회와 서울시약사회, 주민자치중앙회와 정책건의 전달식을 했다. 충청향우회와 장애인단체, 한국노총과의 간담회도 이어졌다. 이날 하루에만 7개 단체와 접점 찾기에 나선 것이다. 여권에 비해 약점으로 지목된 ‘조직력’을 끌어올리기 위한 행보로 보인다.오 후보는 오전 열린 관훈클럽 초청 토론회에서는 “1가구 1주택의 경우 소득 없는 분들에게는 재산세를 면제해드리는 게 옳다”며 소득 없는 은퇴자들의 ‘부동산 민심’을 공략했다."
703,703,2021.03.31 11:17,"국민의힘 ""박영선을 위한 이해충돌방지법 만들지 말아야""",경향신문,박용하 기자 yong14h@kyunghyang.com,국회 정무위원회 국민의힘 의원들이 31일 “박영선 더불어민주당 서울시장 후보를 위한 이해충돌방지법이 아니라 국민을 위한 이해충돌방지법을 만들어야 한다”며 여당의 입법 속도전을 비판했다.국민의힘 의원들은 이날 국회에서 기자회견을 열고 “이해충돌방지법은 빨리 제정되어야 하지만 꼼꼼하게 심사해서 좋은 법을 만들어야 한다”며 “현재 박 후보와 여당은 자신들 선거에 악재가 되는 LH 사태를 물타기 하기 위해 이해충돌방지법을 선거 전에 통과시키려는 것”이라고 지적했다.이들은 “이 법은 임대차3법이나 김영란법처럼 국민 실생활에 큰 변화를 가져올 법”이라며 “졸속으로 만들었다가는 농축산물 선물 상한액 5만원으로 규정했다가 지금은 20만원까지 풀린 김영란법처럼 부작용이 상당할 것이다. 임대차 3법처럼 국민들에게 고통을 드리는 법을 또 만들어서야 되겠나”라고도 반문했다.국민의힘 의원들은 박 후보의 지난 30일 토론회 발언에 대해 법적대응을 시사하기도 했다. 이들은 “이해충돌방지법이 야당 반대로 통과되지 않고 있으며 국민의힘 소속 법안소위 위원장이 협조하지 않고 있다는 건 새빨간 거짓말”이라며 “여당의 후보가 이런 명백한 허위사실을 유포한 것에 대해 우리당은 모든 법적 조치를 검토할 예정”이라고 강조했다.이들은 “우리 당은 이해충돌방지법 제정에 반대한 적이 없다. 오히려 여당 소위 위원들이 회의에 불참하거나 질의도 하지 않고 자리만 지키고 있었다”라고 덧붙였다.
709,709,2021.03.31 00:27,“거짓말쟁이”“프레임 씌우는 데 도사” 박영선·오세훈 ‘내곡동 공방’ TV 토론 2차 격돌,경향신문,김상범·박용하·박순봉 기자 ksb1231@kyunghyang.com,"4·7 서울시장 보궐선거를 앞두고 30일 열린 KBS 2차 TV 토론회에서 박영선 더불어민주당 후보와 오세훈 국민의힘 후보는 ‘내곡동 땅 문제’를 두고 재차 격돌했다. 두 후보는 서로를 향해 “거짓말쟁이 콤플렉스가 있는 것 같다” “프레임 씌우는 데 도사”라는 등 거친 언사를 주고받기도 했다.포문은 박 후보가 열었다. 박 후보는 토론회 초반 모두발언 순서에서부터 “내곡동 문제는 오 후보의 부적절한 태도가 문제”라며 “거짓말로 논점을 흐리는 불공정한 공인 의식이 문제의 본질”이라며 내곡동 ‘셀프 보상 의혹’을 언급했다.박 후보는 이후 자신의 주도권 토론 순서에서 “보면 볼수록 이상하다”라면서 ‘내곡동 일대 유력인사 토지 보유 현황’이라는 제목의 패널을 꺼내들었다. 박 후보는 서울 내곡동 일대 지도를 가리키면서 “오 후보 처가 땅이 여기 있고, 이상득 전 의원 사유지가 바로 옆에 있다. 이명박 전 대통령의 사저도 바로 근처에 붙어있다”라며 “MB 패밀리와 MB 황태자들의 땅들이 붙어 있는 곳이 결국 그린벨트 해제가 됐다. 들여다 볼수록 이상한 일”이라고 말했다.이어 박 후보는 오 후보 처가가 내곡동 보상금 외에 특별분양 형태로 공급받은 단독주택 택지 문제도 제기했다. 박 후보는 “오 후보는 처가 일가가 해당 택지를 몇 달안에 같은 값에 팔아 문제가 없다고 했는데, 이 땅은 서울주택도시공사(SH)의 ‘협의택지’이기 때문에 원래 분양한 가격대로 팔아야지 그 이상으로는 팔 수 없다”라고 말했다. 그러면서 “부동산 관계자들은 거래 내역서를 원가에 파는 것처럼 하고 프리미엄을 붙여 이중 계약을 한다고들 한다”라며 추가 의혹을 제기했다.오 후보는 “이 사건의 본질은 (내곡동 땅은) 상속받은 땅이고 제가 관여한 바도 없다는 것, 그리고 시가의 85%로 보상받은 강제 수용된 땅이라는 것이다. 이것이 사건의 본질”이라고 맞받았다.오 후보는 이후 자신의 주도권 토론에서 박 후보를 향해 “저를 향해 ‘거짓말 프레임’을 씌우시는데, 이 사건의 본질이 ‘상속받은 땅’이라는 건 인정하시지 않느냐”라고 몰아붙였다. 그러면서 특별분양 의혹에 대해서는 “(8분의3 지분을 가진)큰처남은 협의매수가 이익 안 된다고 봤고, 작은처남은 매수를 신청했는데 외진 곳이 배정돼 이익이 안된다 보고 계약금만 내고 다른 사람에게 넘겼다”라며 “마치 별도의 땅을 받아서 7억 정도의 추가 이익이 생겼다고 말하는 것은 명백한 거짓말”이라고 반박했다. 오 후보는 “심지어 제 처는 지분이 8분의1에 불과해 협의매수 자격도 없었다”라고 말했다.오 후보는 “노무현 정부 시절 국토부와 SH공사가 제가 시장에 취임하기 전 이미 (내곡동을) 임대주택 단지로 예정을 했다”라며 “그 이후 국토부와 SH공사가 논의했기 때문에 주택국장이 제게 보고할 필요가 없었던 것”이라고 반박했다. 그러면서 “제가 거짓말하는 것처럼 몰아가는 것은 정정당당하지 않다”라면서 “이 점에 대해서는 분명 선거가 끝난 이후에도 책임을 물을 것이다. 해당 문제를 제기한 모든 분들이 수사를 받을 수 밖에 없다”라고 말했다.오 후보의 말에 박 후보가 “수사 운운하는 것은 협박하는 것”이라고 말하자 오 후보는 “현 정부가 수사기관을 장악하고 있는데 어떻게 협박이냐”라고 맞받았다. 박 후보는 “거짓말 컴플렉스가 생기신 것 같다”라고 날을 세웠고 오 후보는 “(박 후보가)‘거짓말 프레임’의 도사라는 생각이 든다”라고 말했다."
711,711,2021.03.31 00:00,"박영선 “청년 월세 지원 확대”…오세훈, 청년에 유세 발언권",경향신문,박순봉,"박 “주택정책 바꿀 것” 호소오, 박영선 ‘20대 비하’ 부각여야의 서울시장 보궐선거 후보들은 30일 청년층 쟁탈전을 벌였다. 박영선 더불어민주당 후보는 ‘청년·1인 가구 주택정책’을 발표하며 청년층 사로잡기에 나섰다. 오세훈 국민의힘 후보는 20대 시민들에게 유세 현장 발언대를 양보해 ‘청년 확성기’를 자처했다.박 후보는 청년층의 주택 민심에 호소했다. 이날 성동구 왕십리역 집중유세에서 ‘청년·1인 가구 주택정책’을 발표했다. 청년 월세지원 대상을 현재 5000명에서 대폭 확대하고, 청년주택·직주일체형(직장과 주거가 같은 건물) 주택을 2023년까지 2만호 추가 공급하는 내용이다. 그는 “문재인 정부는 늘어나는 1인 가구를 위한 주택을 적절히 공급하지 못했다”며 “제가 시장이 되면 서울의 부동산정책은 변화할 것”이라고 말했다. 이어 대학가 인근 가게의 문을 두드리며 인사했고, 편의점과 카페 등 청년층이 주로 찾는 곳에서 투표를 독려했다.박 후보는 또 오 후보의 ‘내곡동 의혹’을 거론하면서 “핵심은 거짓말을 했느냐다. 시민에게 거짓말하는 시장이 자라나는 아이들에게 무엇을 가르치겠냐”고 공격했다.오 후보는 이날 영등포역 집중유세에서 대학생과 청년 사업가 등 20대 청년 3명에게 연설 기회를 제공했다. 청년들은 LH 사태, 피해호소인 논란, 김상조 전 청와대 정책실장 경질 등을 거론하며 여권을 비판했다. 오 후보가 20대 여론조사에서 박 후보를 앞서고 있다는 점과 박 후보의 “역사를 경험한 수치가 좀 낮지 않는가”라는 20대 비하 발언을 부각하겠다는 의도다.오 후보는 또 부동산 문제를 꺼내들고 “(문재인 정부가) 잘못한 거 하나만 꼽으라면 국민 전체를 가난하게 만들고, 부자는 더 부자로 가난한 사람은 더 가난하게 만든 것이 모든 나라살림을 어렵게 만든 바탕”이라며 “제가 시장이 되면 부익부 빈익빈이 아니라 위로 위로 위로 중산층이 두꺼워지는 서울시를 반드시 만들겠다”고 말했다.박 후보와 오 후보는 이날 두 번째 토론회에서 맞붙었다. 중앙선거방송토론위원회가 주최하는 ‘후보자 초청 토론회’에서 두 후보는 부동산정책, 오 후보의 내곡동 투기 의혹 등을 두고 창과 방패처럼 맞섰다. 토론회는 이수봉 민생당 후보까지 참여해 ‘3자 토론’으로 진행됐다."
712,712,2021.03.30 23:49,"박영선 “1000만원 반값 아파트” VS 오세훈, 강남·여의도·목동  “재개발·재건축 시동”",경향신문,박순봉,"‘4·7 서울시장 보궐선거’ 두번째 토론회에서 박영선 더불어민주당 후보와 오세훈 국민의힘 후보가 주택 공급 대책을 두고 맞붙었다. 박 후보는 무주택자를 대상으로 한 ‘평당 1000만원 반값 아파트 공급’을 약속했고, 오 후보는 강남, 여의도, 목동 등의 재개발·재건축 단지를 거론하며 1년 안에 시동을 걸겠다고 밝혔다. 박 후보는 무주택자 중심의 대책을, 오 후보는 재개발·재건축 중심의 대책을 제시한 것이다.박 후보와 오 후보는 30일 서울 여의도 KBS에서 열린 서울시장 보궐선거 후보자 초청토론회에서 주택 공급 대책에 대한 각기 다른 방향을 제시했다.박 후보는 무주택자에 집중했다. 그는 “서울시민 두 사람 가운데 한 명은 집이 없는 무주택자”라며 “집 없는 무주택자에게 평당 1000만원의 반값 아파트를 공급하겠다”고 밝혔다. 이어 “강북지역의 30년이 넘는 영구 임대주택단지에 있는 노후단지 34개에서 재건축을 시작해 7만6000호를 공급할 것”이라며 “물재생센터, 버스차고지 등 시유지에 12만4000호, 정부가 8·4대책에서 밝힌 10만호, 그렇게 30만호를 5년 안에 공급할 것”이라고 말했다.오 후보는 “민간주도 재건축, 재개발을 통해 18만5000호를 공급하겠다”며 “일주일 안에 시동을 걸고 1년 내에 성과를 낼 단지를 찾아봤다. 빨리 시동을 걸어 공급하겠다”고 말했다.특히 오 후보는 미리 준비한 시각자료에서 강남, 목동, 여의도 등의 구체적인 단지들도 나열했다. 오 후보는 “안전진단이 보류된 목동과 상계동 아파트 (주민들이) 힘들어한다”며 “압구정, 여의도 아파트도 (재건축이) 지연되고 있다. 단지별 도시계획위원회에 계류된 게 2만4800호로, 대치 은마, 미도, 우성4차, 잠실5단지, 자양한양, 방배15, 여의도 시범, 여의도 공작, 신반포 7차, 사당5가 있다”고 말했다."
735,735,2021.03.30 00:20,“모기 어떡할거냐” “10년 쉬더니 잘 몰라” 박영선·오세훈 ‘수직정원’ 설전,경향신문,심진용 기자 sim@kyunghyang.com,"4·7 서울시장 보궐선거에 나선 박영선 더불어민주당 후보와 오세훈 국민의힘 후보는 29일 방송토론에서 박 후보의 대표공약인 ‘21개 다핵도시’와 ‘수직정원’을 두고 설전을 벌였다.오 후보는 자신이 제시한 ‘강남북 균형발전’을 키워드로 한 토론에서 박 후보의 수직정원 공약을 두고 “21개 다핵도시에 수직정원을 하나씩 조성한다고 하는데, 하나당 5000억원이 든다고 하더라”면서 “서울에 어려운 분들이 많은데 그분들에게 써야지, 어떻게 이런데다 예산을 쓸 수 있나”라고 비판했다.오 후보는 수직정원 공약의 효용도 비판했다. 중국 쓰촨성 청두(成都)에서 추진했다 실패로 끝난 ‘식물 아파트’ 사례와 비교하며 “여름에 모기가 들끓을 텐데 어떻게 할 거냐. 청두와 달리 겨울 온도가 영하로 내려가는 서울에서는 수직정원 수도관 동파도 걱정스럽다”고 비판했다.박 후보는 “(청두 아파트는) 잘못 지어서 실패한 것”이라고 반박했다. 박 후보는 “빗물을 받아 삼투압 방식으로 끌어올리는 방식을 쓸 수 있다”며 “10년간 쉬셔서 요즘 스타트업의 발전을 잘 모르시는 것 같다”고 동파 우려를 일축했다. 자신의 중소벤처기업부 장관 이력을 강조하는 동시에  2011년 시장 사퇴 이후 오 후보의 공백을 공격하는 발언이었다. 박 후보는 모기 문제에 대해서는  “모기가 무섭다고 숲을 베어야 하느냐”고 항변했다.박 후보는 “코로나19 이후 우리를 위협하는 가장 큰 문제가 기후변화”라며 “탄소배출을 줄이기 위해 수직정원이 필요하다”고 주장했다. 오 후보는 “서울에는 산이 많다. 140개 봉우리가 있다”고 지적했다. 그는 이어 “걷기 좋은 도시를 만들자는 주장에는 동의한다”면서도 “수직정원 만큼은 실현가능성이 떨어진다. 산이 많은 도시에서는 사치스럽다는 전문가 지적이 있다”고 비판을 이어갔다. 박 후보는 “공격을 위한 공격, 비판을 위한 비판”이라고 반박했다."
736,736,2021.03.30 00:07,박영선 “무상급식 반대하냐”···오세훈 “성추행 사과하려했다면 ‘3인방’ 쓰지 말았어야”,경향신문,곽희양 기자 huiyang@kyunghyang.com,"서울시장 보궐선거에 나선 박영선 더불어민주당 후보와 오세훈 국민의힘 후보가 ‘무상급식’과 ‘박원순 전 시장 성추행’을 두고 날을 세웠다. 박 후보는 2011년 오 후보가 무상급식에 반대해 시장직을 사퇴한 이력을 공격한 반면 오 후보는 이번 선거가 박 전 시장의 성추행으로 진행된다고 반격했다.29일 밤 <MBC 100분 토론>에 출연한 오 후보는 “무상급식에 찬성햐냐”며 박 후보의 질문에 “그 한가지만 했다면 반대하진 않았을 것”이라고 말했다. 오 후보는 “지금 이른바 부자와 어려운 사람한테 똑같이 10만원을 주는 상황이 벌어지고 있다”며 “복지는 어려운 분들 위주로 해야 한다. 예산은 한정돼 있다”고 말했다.박 후보는 이어 “어린이집에 간식비·급식비 주는 건 무상급식이냐”고 물었다. 오 후보는 “지금 하고 있는 것은 (지속)해야 한다”며 “행정의 연속성은 유지돼야 한다는 게 원칙”이라고 말했다.오 후보는 “부잣집 아이들에게 가는 돈을, 공교육만으로도 진학할 수 있도록 가난한집 아이들에게 교육 혜택을 주자”고 말했다. 박 후보는 “이론적으로 가능하나, 아이들에게 상처를 준다”고 맞받았다.박 후보는 2011년 무상급식에 반대해 서울시장직을 사퇴한 오 후보를 공격했다. 박 후보는 “무상급식 반대가 시장직을 걸 일이었느냐”고 물었다. 이에 오 후보는 “저는 (소득수준)하위 80%까지 양보했지만, 민주당이 (무상급식이) 당론이라고 해서 반대한 것”이라고 말했다.반면, 오 후보는 “성추행에 의한 보궐선거가 똑같다”며 이번 보궐선거가 박원순 전 서울시장의 성추행으로 발생했다는 점으로 역공을 펼쳤다. 이에 “진심으로 (피해자에게) 사과를 드린다”는 박 후보가 말하자 오 후보는 “그렇게 사과하는 거라면 그 (피해호소인) 3인방을 쓰지 말았어야 한다”고 몰아세웠다.박 후보는 “오 후보는 ‘후궁’발언을 한 의원을 대변인으로 쓴다”며 반격했다. 이에 오 후보는 “후궁 발언은 국회의원을 향해 한 것이지만, 그 상처는 대한민국 모든 여성들에 대한 것”이라고 맞받았다."
737,737,2021.03.29 23:34,박영선·오세훈… 코로나19 대책 공방 “터무니 없는 주장” “실현가능성 없어”,경향신문,심진용 기자 sim@kyunghyang.com,"4·7 서울시장 보궐선거에 나서는 박영선 더불어민주당 후보와 오세훈 국민의힘 후보는 29일 방송 토론에서 코로나19 대응방안에 대해서도 상호 공방했다. 서로의 대표공약에 대한 재원조달방안을 특히 문제 삼았다.오 후보는 박 후보가 제시한 ‘재난지원금 1인당 10만원 지급‘ 공약과 ’소상공인 임대료 30% 감면시 감면액 절반 지급‘ 공약 등을 거론하며 “박 후보가 제시한 공약 100여개 중에 대표적인 것 10개 이하만 꼽아도 연간 예산 15조원 이상이 든다”면서 “1년에 1조 몇 천 억원이면 된다는 박 후보 주장은 터무니 없다”고 비판했다. 오 후보는 이어 “서울시 한 해 예산이 40조원 정도 되지만 고정지출비용이 있어서 아무리 마른 수건 쥐어짜도 서울시장이 가외로 쓸 수 있는 돈은 얼마 없다”며 “제 계산대로라면 빚을 내셔야 한다는 것”이라고 지적했다.박 후보는 오 후보의 계산이 틀렸다고 반박했다. 특히 소상공인 임대료 지원과 관련해 “서울시 소상공인 63만명 모두가 지원 대상이 아니다. 자가에 들어가서 (영업)하는 분들도 있다”고 지적했다. 박 후보는 오 후보를 향해 “늘 하시는 일이 부풀리고, 남의 말 끝까지 읽지 않고 성급하게 하시고 그렇더라”며 “남을 공격하려면 정확한 데이터를 가지고 하라”고 날을 세웠다.박 후보는 오 후보의 안심소득 공약을 문제 삼았다. 안심소득 선시행 대상인 200가구를 어떤 기준으로 선정할 것인지를 물으며 “실현가능성 없는 정책”이라고 잘라말했다. 재원에 대해서도 박 후보는 “안심소득은 결국 기본소득이고 일회성으로 다 없어지는 돈인데, 매번 시민 부담으로 돌아온다”고 비판했다. 오 후보는 “독일 베를린에서 120가구를 대상으로 실험을 진행하고 있고, 하후상박 형태로 지급을 하는 내용인데 전혀 공부가 안 된 것 같다”고 반박했다. 재원 관련해서도 “안심소득은 기본소득보다 재원이 훨씬 적게 들기 때문에 연간 4조4000억원이면 된다”면서 “기존의 복지 예산을 통폐합하면 충당할 수 있다”고 주장했다.두 후보는 상대 발언 시간을 두고도 신경전을 벌였다. 박 후보는 오 후보가 자신의 발언 시간을 다 쓰고도 자꾸 끼어든다며 “자꾸 반칙을 쓴다”고 비판했다. 오 후보도 박 후보가 발언 시간을 넘기자 “(남은 시간이) 5초 치고는 너무 길다”고 지적했다."
738,738,2021.03.29 23:23,박영선 “오 후보측 단독주택용지도 받았다” VS 오세훈 “세 사람이 나와서 거짓말”,경향신문,곽희양 기자 huiyang@kyunghyang.com,"4·7 서울시장 보궐선거에 출마한 박영선 더불어민주당 후보와 오세훈 국민의힘 후보가 첫 번째 TV토론회에서 오 후보의 ‘내곡동 땅 셀프 특혜’ 의혹에 대해 공방을 주고 받았다.29일 밤 <MBC 100분 토론>에 출연한 박 후보는 “내곡동 땅 보상금 36억 5000만원 이외에 SH(서울주택도시공사)로부터 오 후보측이 단독주택용지를 받았다”고 말했다. 박 후보는 “(2005년 6월)측량 현장에 오 후보가 갔다고 말하는 증인이 3명으로, 이 3명의 증언이 똑같다”고 말했다. 앞서 “내곡동 땅의 존재와 위치를 알지 못했다”고 말한 오 후보를 몰아세운 것이다.이에 오 후보는 “단독주택용지를 받았는지 정확히 모른다. 장인·장모가 받은 건데 제가 어떻게 아느냐”고 반문했다. 오 후보는 또 ‘측량 현장에 갔는냐’는 박 후보의 질문에 “16년 전 일을 정확히 기억 못해서 제가 여지를 두지만, 옛말에 삼인성호가 있다”며 “기억 앞에 겸손하겠다. 언젠가 그 분들(측량 현장에서 오 후보를 봤다고 말한 이들)은 수사기관에서 마주칠 것”이라고 말했다.오 후보는 내곡동 땅 의혹과 관련해 정리해놓은 패널을 들고 “본질은 다 어디로 가고 측량하는데 갔느냐 안갔느냐로 초점을 옮겨간다”며 “초점은 조상으로부터 물려받은 땅이었고, LH사태처럼 보상을 받으려고 땅을 산 게 아니며, 오 시장이 관여해서 더 (보상을)받도록 영향력을 행사했느냐다”며 “3가지 거짓말을 민주당이 시작했는데, 이것을 입증하지 못했다”고 말했다.박 후보는 “국장전결이어서 몰랐다고 했는데, 양심의 가책을 받지 않느냐”고 물었다. 그러면서 박 후보는 오 전 시장이 내곡동 땅과 관련한 지시를 했다는 정황이 담긴 서울시의회 회의록을 보도한 기사를 인용했다. 또 “MB(전 대통령 이명박씨)와 똑같다”고 몰아세웠다.오 후보는 국장이 전결한 자료를 내보이며 자신이 내곡동 땅의 보금자리주택지구 지정에 관여하지 않았음을 강조했다. 그는 “땅의 존재 자체가 제 마음 속에 없다”며 “처가집 땅이 어디에 있느냐, 얼마냐에 관심을 품는 사람이 얼마나 있겠냐”고 말했다."
741,741,2021.03.29 21:12,‘세대별 투표율’도 승부처…박영선 ‘40대’ 오세훈 ‘20대’ 공략,경향신문,박용하,"‘서울시장 보선’ 오세훈 초반 우세 속 변수는오, 20대 낮은 참여율 걱정…박, 직장인 평일 투표 저조 우려네거티브 격화, 유불리 영향 고심…양측 모두 사전투표 독려서울시장 보궐선거 초반 판세에서 야권이 우위를 점하면서 여야 모두 ‘투표율’을 주목하고 있다. 선거 당일의 전체 투표율이나 세대·정치성향별 투표율은 승패에 적지 않은 영향을 끼치는 만큼 여론조사와 다른 결과를 만들 수 있기 때문이다. 여권은 재·보궐선거의 낮은 투표율을 고려, 적극 지지층 중심의 조직력을 발휘해 ‘막판 역전’을 노리고 있다. 여론조사 흐름대로 우세를 유지하려는 야권은 투표 독려에 들어갔다. ‘누가 투표장에 가느냐’를 두고 여야의 싸움이 시작됐다.■ 투표율에 따른 여야 득실은이번 재·보궐선거는 법정공휴일이 아니기 때문에 평소보다 투표율이 낮을 것으로 예상된다. 코로나19 확산세가 커지면 참여율이 더 낮아질 가능성도 있다. 정치권에서는 그간 투표율이 저조하면 조직력이 탄탄한 여당에 유리하다는 예상이 많았다. 야당이 긴장할 수밖에 없는 이유다. 오세훈 국민의힘 서울시장 후보는 29일 YTN라디오에서 “휴일이 아니라 투표율은 60%가 안 될 것”이라며 “어느 정당의 조직력이 강한가의 싸움인데 서울은 정치적으로 (더불어민주당에) 기울어진 동네”라고 말했다.세대별 투표율도 관건이다. 오 후보는 최근 여론조사에서 20대의 높은 지지를 받았다. 20대는 대부분 선거에서 투표율이 가장 낮은 세대였다. 선거 당일 투표소로 가지 않으면 오 후보의 득표율 하락으로 이어질 수 있다. 박영선 민주당 후보도 안심할 수 없다. 박 후보가 강세를 보이는 연령대는 40대이다. 직장인이 많을 것으로 예상되기 때문에 선거 당일 투표하는 이들이 적을 수 있다는 지적이 나온다.여야의 심해진 ‘네거티브’ 공세 역시 변수다. 중도·무당층이 투표소로 향하지 않을 수도 있기 때문이다. 특히 국민의힘은 문재인 정부에 실망한 중도·무당층이 투표에 다수 참여해야 야당에 유리한데 정치에 염증을 느껴 투표장에 안 오면 여당에 유리할 수 있다고 판단하고 있다. 반대의 견해도 있다. 윤태곤 더모아 정치분석실장은 “네거티브를 잘못하면 정권심판 정서를 더 자극할 수 있다”며 “이번 선거에서는 중도층 투표율이 높을 것”이라고 전망했다.■ 코로나19로 중요해진 사전투표코로나19 확산세가 줄어들지 않고 있는 만큼 오는 4월2~3일 진행되는 사전투표율도 결과에 적잖은 영향을 미칠 것으로 전망된다. 지난 총선에서는 사전투표율이 역대 최대를 기록, 당락에 큰 변수가 됐다.민주당에서는 핵심 지지층인 30·40세대의 투표율 제고를 위해 사전투표의 중요성을 강조하고 있다. 박 후보 측 핵심 관계자는 “선거가 공휴일이 아니라 직장인들은 평일 투표가 어려울 것”이라며 “휴일이 끼어 있는 사전투표를 이용해야 현실적으로 투표율을 올릴 수 있다”고 말했다. 이해찬 전 대표도 지난 17일 유튜브에서 “그 투표(사전투표)에서는 우리가 압도적으로 이긴다”며 사전투표 참여를 독려했다. 적극 지지층의 사전투표 참여로 압도적인 승리를 기록한 지난 총선 사례를 강조한 것이다.국민의힘도 사전투표 독려에 적극적이다. 새롭게 부상한 젊은 유권자들이나 적극 지지층의 투표율을 높이려면 사전투표 참여가 효과적이기 때문이다. 일부 보수 유권자들의 경우 지난 총선 이후 ‘사전투표 조작’을 이유로 사전투표 참여가 크게 떨어질 수 있다는 우려도 나온다. 주호영 원내대표는 이날 중앙선거대책위원회 회의에서 “(조작) 의심을 가지지 말고 모두 연락해 사전투표에 적극 임하길 부탁한다”고 당부했다."
750,750,2021.03.29 17:01,"박영선, 재난지원금 지급 시작일에 “추가로 위로금 10만원 주겠다”",경향신문,박광연 기자 lightyear@kyunghyang.com,"박영선 더불어민주당 서울시장 후보가 29일 “중소기업 장기재직 근로자를 위한 주택 공급을 확대하겠다”고 공약했다. 소상공인·자영업자 4차 재난지원금 지급이 시작된 이날 ‘재난위로금 10만원 지급’ 공약을 재차 강조하기도 했다. 중소벤처기업부 장관 출신의 경험과 전문성을 강조하는 전략으로 풀이된다.박 후보는 이날 서울 성북구 길음역 인근에서 가진 집중유세 현장에서 “시장이 되면 서울시 공공주택 물량의 5%를 중소기업 장기재직 근로자에게 배정해 이들의 내 집 마련 꿈을 앞당기도록 하겠다”고 말했다. 박 후보 측에 따르면 중소기업 장기재직 근로자는 중소기업에 5년 이상 재직하거나 동일 중소기업에 3년 이상 재직한 이들을 뜻한다.박 후보는 “현재는 특별공급 물량 중 기관 추천 물량으로 약 2% 정도를 중소기업 장기재직 근로자에게 배정하고 있다”며 “이 비율을 5%까지 확대해 일단 시행해보고 잘 정착하면 10%까지 더 확대하겠다”고 말했다. 그러면서 “중소기업은 우리나라 경제성장의 핵심 주체로 일자리의 83%를 담당하고, 중소기업 근로자의 4분의 1이 서울에 산다”며 “중소기업 근로자의 주거가 안정되면 서울시의 가장 시급한 현안을 해결하는 것은 물론 대기업 집중의 경제구조도 바꿀 수 있고 새로운 좋은 일자리도 만들 수 있다”고 설명했다.중소기업 장기재직 근로자 주택공급 확대 방안은 박 후보의 다섯번째 ‘서울선언’ 공약이다. 박 후보는 공식 선거운동이 시작된 지난 25일부터 매일 하나씩 새로운 서울선언을 발표하고 있다. 그간 5번의 서울선언 중 4번이 공시지가 인상률 제한, 서울주택도시공사(SH) 분양원가 공개 확대, 민간 참여 공공 재개발·재건축 등 부동산 공약으로 채워졌다.이날 공약은 ‘부동산 민심’에 호소하는 동시에 중기부 장관 이력을 부각하는 ‘1석 2조’ 효과를 노린 것으로 풀이된다. 박 후보는 이날 기자들과 만난 자리에서 “중기부 장관으로 있을 때 서울시·경기도 지방자치단체장들과 협의를 하다가 마무리를 못 짓고 나왔다”며 “서울시장의 권한을 활용해 중소기업 장기재직 근로자에게 꼭 해드리고 싶었다”고 말했다.박 후보는 이날부터 소상공인·자영업자에게 지급되는 4차 재난지원금(버팀목자금 플러스)을 언급하며 추가 지원 필요성을 강조하기도 했다.박 후보는 “중기부 장관으로 있을 때 오전에 (재난지원금을) 신청하면 오후에 지급되는 K-행정력을 만들었다. 현장에서 실제로 잘 지급되고 있는지 점검했다”며 “상가에 가서 한 분 한 분 여쭤보니 정말 지금 힘들다고 한다”고 말했다. 그러면서 “시장이 되면 버팀목 자금에 더해 재난위로금 10만원을 서울시민들에게 디지털 화폐로 지급해 소비진작 효과를 한번 더 일으키겠다”고 강조했다.이날 밤 박 후보는 오세훈 국민의힘 서울시장 후보와 본선 첫 TV토론회에서 맞붙는다. 박 후보는 ‘토론회 핵심전략이 있나’라는 기자들 질문에 “이따 토론회에서 보면 되지 않을까 생각한다”고 답했다. 박 후보는 성북구 집중유세 이후 별도의 현장 선거운동 일정을 잡지 않고 토론회 준비에 들어갔다."
751,751,2021.03.29 16:57,"김종인, 박영선에게 별의 순간? “아무한테나 하는 말 아냐”",경향신문,박순봉 기자 gabgu@kyunghyang.com,"김종인 국민의힘 비상대책위원장이 29일 박영선 더불어민주당 서울시장 후보에게 ‘별의 순간’이란 표현을 썼느냐는 질문에 “그런 얘기 한 적이 없다. 박 후보가 급하니까 별의 별 소리 다하는 것 같다”며 “별이라는 건 아무한테나 하는 소리가 아니다”라고 말했다. 박 후보가 지난 27일 사회관계망서비스(SNS)에 “5년 전인 2016년, 김종인 비대위원장께서 제 개소식 축사에서 ‘박영선 의원이 의정 활동하는 것을 보고 저분이 앞으로 큰 별이 될 수도 있겠구나 생각했다’고 말씀을 하셨다”고 적은 데 대한 반박이다.김 위원장은 이날 서울 강북구 유세현장에서 기자들의 질문에 이같이 답했다. 김 위원장은 ‘별의 순간’을 ‘유력 대권 주자’ 혹은 대통령이 되는 순간을 의미하는 용어로 윤석열 전 검찰총장에게 썼다. 김 위원장은 ‘별의 순간’은 윤 전 총장에게만 썼다는 입장인 것으로 전해졌다.하지만 김 위원장은 박 후보에게 ‘별의 순간’이란 표현은 쓰지 않았지만 ‘큰 별’이란 표현은 쓴 것으로 확인됐다. 박 후보가 당시 언급한 김 위원장의 발언은 20대 총선에 출마한 박 후보 선거사무소 개소식 때 나왔다. 김 위원장은 당시 축사를 하며 박 후보와의 인연을 거론한 뒤 “‘저분이 앞으로 큰 별이 될 수도 있겠구나’라는 생각을 했다”고 말한 바 있다."
770,770,2021.03.28 21:25,“박영선·오세훈 말고도 있습니다”,경향신문,박광연 기자 lightyear@kyunghyang.com,"서울시장 군소 후보 10명 ‘존재감 알리기’ 분투기본소득·탄소중립·성소수자 등 정책 의제 다양더불어민주당과 국민의힘의 경쟁 틈바구니에서 10명의 군소 후보가 “서울시장이 되겠다”며 목소리를 내고 있다. 이들은 코로나19로 더욱 중요해진 ‘기본권 의제’ 등을 앞세워 존재감 알리기에 몰두하고 있다.28일 중앙선거관리위원회에 따르면 박영선 민주당·오세훈 국민의힘 후보 외에도 10명의 후보가 4·7 서울시장 보궐선거에 출마했다. 이들의 5대 공약을 살펴본 결과 기본소득 도입과 여성·성소수자 지원 강화, 탄소중립 등 시민 기본권과 관련된 내용이 많았다.후보들은 코로나19로 심화된 불평등 완화 방안으로 ‘서울형 기본소득’을 내걸었다. 신지혜 기본소득당 후보는 모든 서울시민에게 월 25만원을, 오태양 미래당 후보는 만 19~34세 청년에게 3년간 매월 최저생계비(105만원) 수준의 금액을 기본소득으로 주겠다고 약속했다.이수봉 민생당 후보는 25~60세를 대상으로 청년·중년·장년기별로 1년씩 매달 80만원을 지급하는 생애주기별 기본소득을 공약했다. 허경영 국가혁명당 후보는 만 17세 이상에게 평생 매달 국민배당금 20만원을 주고, 만 19세 이상 미혼자에게는 매달 연애수당 20만원을 지급하겠다고 밝혔다.박원순 전 서울시장 성추행 사건으로 치러지는 선거임을 감안한 여성 공약도 제시됐다. 스스로를 ‘페미(니스트) 시장’으로 소개한 신지혜 후보는 공직사회 성폭력 전수조사와 생리대 무상 지급, 보건소 미프진(임신중지 의약품) 상시 구비를 약속했다. 김진아 여성의당 후보 등은 여성폭력 대응기구 신설과 남녀 임금격차 해소 등을 내걸었다.일부 후보들은 거대 정당이 회피하는 성소수자 보호·지원을 공언했다. 오태양 후보와 신지예 무소속 후보는 서울시의 퀴어문화축제 공식 후원을 약속했다. 소수자청 설치(오태양 후보), 서울시 차별금지조례 제정(신지혜 후보)과 서울시민인권헌장 재수립(신지예 후보) 등도 내놓았다.탄소중립 달성을 위한 환경 공약도 주요하게 다뤄졌다. 송명숙 진보당 후보는 2030년까지 내연기관차량 등록 폐지 등 ‘탄소제로 시스템’으로의 전환을 약속했다. 다른 후보들도 기후예산제 실시, 2030년까지 서울시 에너지자립도 20~30% 달성 등을 제시했다. 2025년까지 서울시 쓰레기 50% 감축(이수봉 후보), 취수원을 팔당댐에서 청평댐으로 바꿔 ‘특급수’ 공급(허경영 후보) 등 이색 공약도 포함됐다."
773,773,2021.03.28 21:16,“공공·민간 참여형 재건축”…박영선 ‘부동산’ 정면돌파,경향신문,윤승민,"서초 찾아 “층고 규제 해제”부동산 감독청 재차 강조‘SH 원가 공개 공약’ 비판에“오세훈, 내용도 몰라” 역공박영선 더불어민주당 서울시장 후보가 공식 선거운동 첫 주말, 부동산 공약을 잇달아 내놓았다. 여당을 향해선 부동산 투기 근절 대책과 관련 입법을 촉구했다. 4월 재·보궐 선거가 ‘부동산 선거’가 된 가운데 문제 해결 방안을 내놓는 ‘해결사’의 모습을 강조하면서 부동산 민심 달래기에 주력한 것이다.박 후보는 28일 서초구 고속터미널과 강남역을 방문해 “공공과 민간이 함께 협조하는 공공·민간 참여형으로 재건축·재개발을 추진하겠다”는 공약을 발표했다. 박 후보는 전날 서울주택도시공사(SH) 분양원가 정보 공개 확대를 약속했고, 지난 26일에는 공시지가 9억원 이하 주택의 공시지가 인상률을 10% 이내로 제한할 것이라고 했다.이날 유세에서는 서초·강남구 맞춤 개발 공약도 내놨다. 박 후보는 “남산의 경관을 해치지 않는 곳은 35층 (층고) 규제를 해제할 필요가 있다”며 “경부고속도로 한남대교~양재터널 6㎞ 구간을 지하화하면 10만평의 땅이 나온다. 5만평에는 공원을 만들고 5만평에는 평당 1000만원의 반값 아파트를 분양하겠다”고 말했다. “서울시 산하에 부동산을 모니터링하는 부동산 감독청을 만들겠다”며 투기 근절 대책도 함께 내놨다.오후에는 종로구 캠프 사무실에 들러 기자회견을 열고 여당·정부를 향해 부동산 투기 근절 대책을 차질 없이 이행하라고 촉구했다. 박 후보는 “3월 임시국회에서 이해충돌방지법과 부동산거래법이 야당의 소극적 대응으로 통과되지 못했다고 들었다. 두 법안을 반드시 4월 국회에서 통과시켜달라”며 “당에서 진행 중인 소속 의원·직계 존·비속 부동산 소유실태 전수조사 결과를 투명하게 공개해달라”고 말했다.이런 행보는 ‘한국토지주택공사(LH) 사태’로 걷잡을 수 없이 악화된 부동산 민심을 달래는 데 집중하기 위한 것으로 보인다. 지역 맞춤 개발 공약을 내놓는 동시에 ‘부동산 투기 근절 대책’ 및 ‘반값 아파트’ 등 주거 취약계층의 불신을 달랠 만한 이슈를 강조해 열세에 놓인 표심을 끌어안으려는 의도가 읽힌다.오세훈 국민의힘 후보를 공격하는 데도 부동산 이슈를 활용했다. 당이 오 후보의 ‘내곡동 투기 의혹’을 공격하는 가운데, 박 후보는 오 후보의 ‘SH 분양원가 공개 공약 비판’에 역공을 가했다. 오 후보가 박 후보 공약에 대해 “제가 서울시장 취임 후 했던 일”이라고 하자 박 후보는 “(제가 공개하겠다고 한) 하도급내역서는 공개된 적이 없다”며 “(과거) 서울시장으로서 SH 분양원가의 무엇이 공개됐는지도 제대로 파악하지 못하고 있는 사람”이라고 비판했다."
774,774,2021.03.28 21:14,"박영선·오세훈, ‘부동산 표심 잡기’ 강남 대전",경향신문,박용하 기자 yong14h@kyunghyang.com,"서울시장 보선…박 “경부고속도 지하화” 오 “안철수와 공동 경영”여야, ‘오 후보 내곡동땅·부산 박형준 엘시티 특혜 의혹’ 공방 격화4·7 재·보궐 선거가 열흘 앞으로 다가온 가운데 여야가 서울 강남권 등에서 공식 선거운동 시작 후 첫 주말 유세전을 치렀다. 한국토지주택공사(LH) 사태로 불붙은 부동산 민심을 달래기 위한 여당과, 부동산 문제를 통한 ‘정권심판’을 강조하는 야당이 부동산 문제에 민감한 강남에서 정면 대결을 벌인 것이다. 오세훈 국민의힘 후보의 ‘내곡동 땅 특혜보상’ 의혹과 박형준 부산시장 후보의 ‘엘시티 특혜’ 의혹 등을 둘러싼 여야의 네거티브 공방도 주말 간 격화됐다.여야 서울시장 후보들은 28일 야권 지지세가 강한 서울 강남에서 유세 대결을 벌였다.박영선 더불어민주당 후보는 서초구 고속터미널역 인근에서 열린 유세에서 “서초구를 관통하는 경부고속도로를 지하화하겠다”며 강남의 ‘부동산 표심’을 공략했다. 박 후보는 “재건축·재개발 추진이 느렸던 곳을 한 곳 한 곳 직접 찾아가 챙겨보겠다”며 “분양원가를 공개하고 공공과 민간이 함께하는 참여형 모델을 만들겠다”고도 강조했다.오세훈 후보는 안철수 국민의당 대표와 삼성동 코엑스에서 공동유세를 벌이고 보수층과 청년층을 공략했다. 오 후보는 유세에서 “대통령이 통합과 화합을 뒤로하고, 취임사에서 약속하고도 계속해서 분열의 정치만 하고 있다”며 “저와 안 대표는 절대 그런 모습을 보이지 않고 서울시를 공동경영해 모범사례를 반드시 만들겠다”고 약속했다.여야는 주말 오 후보의 내곡동 땅 의혹을 두고 첨예한 공방을 벌였다. 민주당은 ‘오 후보가 내곡동 땅의 측량에 직접 관여했다’는 내용의 한 언론보도를 인용하며 “언제까지 거짓말로 거짓을 덮는 모르쇠 행태로 서울시민을 기만할 것인가”라며 오 후보 사퇴를 요구했다. 이에 오 후보 측은 허위사실 공표 등의 혐의로 해당 언론사를 검찰에 고발한다고 밝혔다.앞서 윤호중 민주당 의원은 지난 27일 중랑구 면목동에서 열린 박 후보 지원 유세에서 “내곡동 땅이 있는 것을 뻔히 알면서 거짓말하는 후보는 쓰레기인가, 아닌가”라며 오 후보를 비난해 논란이 됐다. 오 후보는 26일 유세에서 문재인 대통령을 ‘중증 치매환자’에 빗댄 데 이어 27일에는 “대역죄”라고 했다."
778,778,2021.03.28 14:37,"박영선, 서초구서 “민간·공공 재건축·재개발 추진”···부동산 민심 잡기 총력전",경향신문,박광연 기자 lightyear@kyunghyang.com,"박영선 더불어민주당 서울시장 후보가 28일 서울 서초구를 방문해 “공공과 민간이 함께 협조하는 공공·민간 참여형으로 재건축·재개발을 추진하겠다”는 공약을 발표했다. 전날 서울주택도시공사(SH) 분양원가 정보 공개 확대를 약속한 데 이어, 부동산 이슈에 민감한 지역을 방문해 ‘맞춤형 공약’을 내세우는 등 성난 부동산 민심을 잠재우는 데 총력을 쏟는 모습이다.박 후보는 이날 오전 서울 서초구 고속터미널 광장에서 가진 현장유세에서 “공공·민간 참여형 재건축·재개발을 추진하겠다”며 “이것이 오늘 박영선의 네번째 서울선언”이라고 말했다. 박 후보는 “그동안은 주로 공공주도 원칙이 지켜져왔지만 주민들 의견을 완전히 수렴하지 못하는 경우가 있었다”며 “제가 시장이 되면 그동안 재건축·재개발 추진이 느렸던 곳을 한 곳 한 곳 직접 찾아가 챙겨보겠다”고 말했다.박 후보는 그러면서 “남산의 경관을 해치지 않는 곳은 35층 (층고)규제를 해제할 필요가 있다”고 말했다. “스카이라인을 아름답게 만든다면 서울의 경쟁력이 더 높아지고 서울에 주택난도 해소할 수 있다”는 취지다. 또한 “서울의 주택 수급을 조사하고 계획하고 투기꾼을 깨끗이 잡아내는 역할을 할 것”이라며 서울시 산하에 ‘부동산감독청’ 설치를 공약했다.박 후보가 지난 25일 공식 선거운동이 시작된 이후 매일 새롭게 내놓은 공약들은 부동산 문제에 집중돼있다. 전날에는 SH 분양원가 공개를, 지난 26일에는 공시지가 9억원 이하 주택의 공시지가 인상률 10% 이내 제한을 약속했다. 한국토지주택공사(LH) 땅 투기 사태로 걷잡을 수 없이 악화된 부동산 민심을 달래는 데 집중하는 행보다.박 후보가 이날 고가 주택이 밀집한 서초구를 찾아 지역 맞춤형 ‘규제 완화’식 부동산 공약을 내세운 것도 이러한 맥락으로 풀이된다. 박 후보는 이날 “서초구를 관통하는 경부고속도로를 지하화해 도심형 생태공원을 만들겠다”며 “한남대교 입구에서 양재까지 6㎞를 지하화하면 약 10만평 이상의 땅이 나온다”고도 강조했다.부동산 공약과 관련해 오세훈 국민의힘 후보를 견제하는 발언도 이어갔다. 박 후보는 “재건축·재개발을 제대로 해야한다. 그렇지 않으면 도시가 망가진다”며 “오 후보처럼 일주일만에 재개발·재건축을 다 허가해주면 서울은 다시 투기의 장소가 될 것”이라고 주장했다.박 후보는 SH 분양원가 공개 공약를 두고 “옛날에 내가 한 일”이라는 오 후보 발언에 대해 “사실이 아니다. 또 거짓말을 했다”고 지적했다. 박 후보는 “(SH 분양원가 관련) 하도급내역서는 지금까지 공개된 적이 없다”며 “(과거) 서울시장으로서 SH 분양원가에 무엇이 공개됐는지도 제대로 파악하지 못하고 있는 사람”이라고 비판했다.오 후보가 당선되면 서울시정이 혼란에 빠질 것이라고 박 후보는 강조했다. 박 후보는 “만약 시장이 매일 문재인 대통령과 싸우고 서울을 정쟁으로 만들면 서울은 갈등의 도가니가 될 것”이라며 “그러한 갈등은 결국 서울을 파괴시키고 후퇴시킬 것”이라고 말했다."
781,781,2021.03.28 12:39,"박영선 '청년비하' 논란에… 윤희숙 ""사다리 걷어차고 절규까지 헛소리로 치부""",경향신문,박용하 기자 yong14h@kyunghyang.com,"윤희숙 국민의힘 의원이 28일 박영선 더불어민주당 서울시장 후보의 ‘청년 비하’ 발언 논란을 두고 “청년들의 절규까지 헛소리로 치부한다”고 비판했다.윤 의원은 이날 사회관계망서비스(SNS)에 “박 후보가 ‘20대는 역사에 대해 경험치가 낮아서 지금 상황을 지금 시점에서만 보기 때문에 민주당 지지율이 낮다’고 했다는 보도를 보고 여러가지 생각이 들었다”며 이같이 밝혔다.그는 “왜 박 후보는 지금 청년이 무식해서 자기들을 싫어한다는 오만한 말을 당당히 할까”라며 “그들 자신이 이미 얼굴 두꺼운 기득권이 됐기 때문이고, 자기들끼리 노나먹는 데 바빠 안간힘을 쓰는 젊은이들을 하찮게 여기는 것”이라고 비난했다. 이어 “3년간 전일제 일자리가 200만개 날라갔다는데 정부·여당 누구 하나 무릎끓고 죄스러워 하지를 않는다”라며 “경험도 빽도 자산도 없는 청년들이 오르겠다는 사다리를 뻥뻥 걷어차놓고 이젠 청년들의 절규까지 헛소리로 치부한다”고 적었다.윤 의원은 “야당이 옳아서 젊은이들이 여당을 싫어한다는 착각을 야당이 하고 있다면, 아직 갈 길이 먼 것”이라며 “다음 세대의 마음을 읽으려 애쓰고 그들과 함께 하려는 겸손함이 조금이라도 있는 쪽이 가능성이 있다고 생각한다”고 밝혔다."
786,786,2021.03.27 19:46,'정청래 코로나19 음성' 박영선 28일부터 유세 재개,경향신문,조해람 기자 lennon@kyunghyang.com,박영선 더불어민주당 후보가 잠시 중단했던 선거유세를 오는 28일부터 재개한다.27일 박 후보 캠프 관계자는 경향신문과 통화에서 “이날 정청래 더불어민주당 의원이 코로나19 음성 판정을 받아 28일부터 유세를 정상적으로 진행할 예정”이라고 밝혔다.박 후보의 유세는 전날 마포구 일대 유세 현장에 동행했던 정 의원이 이날 오전 코로나19 확진자의 밀접 접촉자로 분류되면서 잠정 중단됐다. 박 후보는 이 사실이 알려진 후 정 의원의 코로나19 검사 결과가 나올 때까지 오후 예정된 현장 일정을 중단한 상태였다.이날 오후 정 의원이 코로나19 음성 판정을 받으면서 박 후보는 유세를 다시 진행할 계획이다.
790,790,2021.03.27 14:58,"박영선 선거 유세 중단, 동행 정청래 코로나19 확진자 접촉 탓",경향신문,윤승민 기자 mean@kyunghyang.com,"박영선 더불어민주당 서울시장 후보가 코로나19 여파로 유세를 중단했다. 전날 유세에 동행했던 정청래 민주당 의원이 코로나19 확진자와 밀접 접촉했기 때문이다.박 후보 캠프는 이날 “전날 유세에 참가한 정청래 의원이 코로나19 확진자와 밀접 접촉한 사실을 방역당국으로부터 통보받았다”며 “정 의원은 오늘 오전 코로나19 검사를 받았다. 이 검사 결과가 나올 때까지 방역수칙에 따라 박 후보와 배우자는 유세를 중단한다”고 밝혔다. 박 후보와 정 의원은 전날 마포구 망원시장과 홍대 상상마당 유세를 함께 했다.박 후보는 이날 오후부터 예정된 유세 일정도 일부 취소했다. 박 후보는 오후 2시 서울 강동구 암사중앙시장을 방문할 예정이었으며, 오후 6시부터는 송파구 잠실새내역과 잠실역, 방이동 먹자골목 일대를 방문할 계획이었다. 박 후보는 이날 오전에는 중랑구 면목역과 동원시장 등을 방문했다. 다만 박 후보는 취소 공지 이후 잠실새내역에서 진행하려던 ‘박영선의 힐링캠프’ 일정을 현장에 참석하지 않고 영상 연결을 통해 진행하기로 했다.박 후보 캠프는 “정 의원의 코로나19 검사 결과가 나오면 박 후보와 배우자의 선거운동 재개 시점과 향후 일정에 대해 다시 알려드리겠다”고 밝혔다."
801,801,2021.03.26 14:33,박영선 “9억원 이하 아파트의 공시지가 인상률 10% 넘지 않게 할 것”,경향신문,박홍두 기자 phd@kyunghyang.com,박영선 더불어민주당 서울시장 후보는 26일 “9억원 이하 아파트의 공시지가 인상률이 10% 수준을 넘지 않도록 조정제도를 마련하는 방안을 당에 건의하겠다”고 밝혔다.박 후보는 이날 서울 서대문구의 한 백화점 앞에서 집중 유세를 하면서 “최근 부동산 가격이 상승하면서 서울시 공시지가가 큰폭으로 올랐다. 부동산 가격 급등으로 가장 큰 고통 받는 사람이 서울 시민 가운데서도 서민”이라며 이같이 말했다.그는 “공시지가가 오르면 세금이 늘어나는데 코로나19로 민생경제가 어려운 상황에서 서민의 부담이 많아 완충지대가 필요하다고 생각한다”며 “중산층과 서민의 세액 부담을 줄여드리겠다”고 강조했다. 그러면서 “민주당 홍익표 정책위의장님께 이 문제를 건의하고 4월 국회에서 이 법을 통과시키는 것을 강력히 촉구할 것”이라고 했다.박 후보는 부동산 투기 근절을 위해 4월 국회에서 이해충돌방지법과 부동산거래법이 통과돼야 한다고 촉구하기도 했다. 그는 “해당 상임위에서 국민의힘 소속인 소위원장이 이해충돌방지법을 지연시키고 있다. 이러면 안 된다. 국민의힘은 국민들의 이 물음에 빨리 답해야 한다”고 목소리를 높였다.그러면서 “서울시장이 되면 부동산 감독청을 만들고 국회에서 통과되는 법을 기초로 서울시 조례에 서울시 공직자들의 부동산 사전신고제를 만들겠다”고 했다.박 후보는 무주택 서민과 청년들을 위해 “불로소득이 아니라 땀흘려 일하는 사람이 보상받고 존중받는 서울시를 만들겠다는 공약과 함게 평당 1000만원 반값아파트를 토지임대부방식으로 분양해드리겠다”고 했다.박 후보는 공식 선거운동 개시일인 지난 25일부터 하루에 1가지씩 서울선언 정책을 발표하겠다고 한 바 있다. 전날 발표한 첫번째 정책으로는 올해 수험생인 고등학교 3학년에게 여름방학 중 백신을 접종시킬 수 있도록 정책당국에 건의하겠다고 밝혔다.
812,812,2021.03.25 21:02,"‘정치 고향’ 구로 간 박영선, 청년·소상공인 정책 강조",경향신문,곽희양,"박영선 더불어민주당 서울시장 후보는 25일 편의점 야간 아르바이트로 공식 선거운동을 시작했다. 그러면서 자신이 청년과 1인 가구, 소상공인을 위한 후보라고 강조했다. ‘부동산 프레임’에서 벗어나 ‘청년·소상공인을 위한 중소벤처기업부 장관’ 이미지로 바닥 민심을 끌어모으려는 것으로 풀이된다. 본격적인 유세는 ‘정치적 고향’인 서울 구로구를 비롯해 영등포구 등 전통적으로 민주당의 지지세가 강한 곳에서 이뤄졌다. 지지층부터 결집시키겠다는 의도로 읽힌다.박 후보는 이날 0시부터 1시간 동안 마포구의 한 편의점에서 상품을 진열하고 손님을 맞았다. 그는 “청년들이 최저임금 8720원에 야간수당 50%를 받으며 꿈을 위해 고단하게 산다”며 “생활시장, 민생시장이 되겠다”고 말했다. 편의점에서 1인 가구를 위한 물품이 많이 팔리는 것을 두고도 “1인 가구를 위한 도시정책이 필요하다”고 말했다.박 후보는 중기부 장관 시절 스마트상점·무인스토어를 확산시켰다는 점을 강조했다. 그는 “밤 12시부터 아침 7시까지 무인으로 가게가 돌아가고, 밤에 올라가는 매출만큼 (아르바이트생에게 임금을) 지불하면 된다”며 “일자리가 없어지지 않고 건강한 도시가 될 수 있다”고 말했다.구로디지털단지에서 이어진 유세단 출정식에서도 ‘소상공인을 위한 장관’이라는 점을 강조했다. 박 후보는 또 고등학교 3학년 수험생의 코로나19 백신 ‘화이자’ 우선 접종을 제안하기도 했다. 이낙연 민주당 상임선거대책위원장은 “순대 가게 계산도 키오스크가 해주는 자영업자를 만든 것이 박영선”이라고 추켜세웠다.이날 박 후보의 유세현장은 주로 구로구와 영등포구에 집중됐다. 출근길 인사도 신도림역 앞이었다. 박 후보의 남편도 ‘박영선 남편’이라고 쓰인 목걸이형 이름표를 달고 함께 명함을 돌렸다.박 후보는 구로구 유세에서는 “정치적 고향”이라고 강조하며 “2008년 이명박 정권 당시 선거에서 구로 시민들의 박영선에 대한 선택이 없었으면 BBK 진실도 밝혀지지 않았을 것”이라고 말했다. 18대 총선에서 당선된 경험을 거론한 것이다. 박 후보는 “시민분들이 지금 부동산 문제 때문에 가슴에 응어리가 졌는데 제가 서울시민의 화를 풀어드리겠다”고 강조했다.오세훈 국민의힘 후보에 대한 견제도 이어갔다. 박 후보는 “내곡동 관련된 세 가지 거짓말에 대해 확실히 답을 줘야 한다”고 그를 몰아세웠다. 박 후보는 TBS라디오 인터뷰에서도 “아이들의 밥그릇을 차별하는 일에 시장직을 걸어 퇴출됐던 사람”이라고 비판했다. 오 후보와의 지지율 격차에 대해선 “따박따박 하루에 2%포인트씩 올릴 자신이 있다”고 말했다."
815,815,2021.03.25 20:59,"재·보선 후보 공약 키워드…박영선 ‘대전환’, 오세훈 ‘스피드’",경향신문,김상범,"박, 21분 생활권·디지털화폐 등 미래지향적 이미지 부각오, 민간 아파트 공급·장기 도로사업 등 임기 내 해결 초점부산 김영춘·박형준 모두 신공항 중심 경제 활성화에 방점4·7 재·보궐 선거 공식 선거운동이 시작된 25일 박영선 더불어민주당, 오세훈 국민의힘 서울시장 후보가 중앙선거관리위원회에 제출한 5대 공약에는 두 후보가 앞으로 선거전에서 부각할 이미지와 전략 등이 고스란히 담겼다. 박 후보가 ‘21분 도시’ 같은 대표 키워드와 함께 ‘디지털화폐’ ‘유치원 무상급식’ 등 진취적 이미지에 방점을 뒀다면, 오 후보는 ‘용적률 완화’ ‘월드컵대교 개통’ 등 서울시의 고질적인 주택·도로 난맥상들을 ‘최대한 빠르게’ 해결하는 데 초점을 맞췄다.박 후보는 1순위 공약으로 ‘도시 공간과 경제 대전환’을 꼽았다. 주거와 직장, 쇼핑과 여가, 건강·의료·교육·보육 등 모든 생활이 21분 안에 해결되는 ‘21분 생활권 도시’를 만들겠다는 공약이 대표적이다. 이를 위해 박 후보는 “다핵 분산도시 공간 재편으로 강남·북 균형발전을 추진하겠다”고 밝혔다. 시민 1인당 10만원의 보편적 재난지원금을 블록체인 기반의 서울디지털화폐로 지급하고, 대전환펀드 1조원을 조성해 혁신기술 중소기업을 지원하는 등의 대책도 제시했다. 서울시의 미래상을 제시하는 진취적 이미지를 부각하려는 의도로 보인다.부동산대책으로 박 후보는 공공이 주도권을 쥐는 정책을 제시했다. 공공주택 30만호를 공급하고, 저층주거지 재개발과 노후 아파트단지 재건축을 활성화하는 등의 공약을 담았다. 재건축·재개발에 따른 이익을 공공과 민간이 공유하고, ‘서울형 지분적립형 주택’ 등의 공공자가주택을 공급하겠다는 공약은 문재인 정부가 추진 중인 공공개발 중심의 부동산대책과도 일맥상통한다. 박 후보는 녹색길 조성 등과 함께 유치원 전면 무상급식 추진 등의 돌봄·교육 공약도 제안했다. 오세훈 후보의 과거 무상급식 반대 전력을 부각하기 위한 성격의 공약으로 보인다.오 후보의 공약을 관통하는 키워드는 ‘속도’다. 1년 임기의 야당 시장으로서 최대한 성과를 내는 면모를 강조하려는 것으로 해석된다. 오 후보의 1순위 공약으로는 ‘스피드 주택공급’이 꼽혔다. 서울시 용적률 규제 완화, 한강변 아파트 35층 이하 규제 철폐 등으로 민간 참여를 유도해 아파트 공급을 늘리겠다는 것이다. 2순위 공약인 ‘스피드 교통’ 공약도 마찬가지다. 11년째 공사 중인 월드컵대교를 개통하고, 13년 동안 진행되고 있는 동부간선도로 확장공사도 임기 내 마치겠다고 약속했다.오 후보는 이외에도 지역 불균형을 해결하기 위한 낙후지역 개발공약 및 ‘1인 가구 안심특별대책본부 설치’ 공약도 내걸었다. ‘청춘이 밥 먹여준다!’라는 제목의 청년 취업 활성화 대책도 포함시켰다. 반면 박 후보가 중점을 둔 기후·환경·교육·돌봄 분야 관련 정책들은 오 후보 공약집에 담기지 않았다.부산시장 선거 공약은 가덕도신공항을 중심으로 한 도시 경제 활성화 대책에 초점이 맞춰졌다. 김영춘 민주당 후보는 “2029년 가덕도신공항 완공과 2030년 엑스포 유치”를 대표 공약으로 꼽았다. 신공항을 발판 삼아 매년 일자리 25만개를 공급하겠다는 구상이다. 박형준 국민의힘 후보는 “가덕신공항에서 엑스포 개최지인 북항까지 도심형 초고속철도 ‘어반루프’를 건설할 것”이라고 밝혔다."
831,831,2021.03.25 09:26,단일화 후 첫 여론조사 결과는?···박영선-오세훈의 격차 ‘여전’,경향신문,박홍두 기자 phd@kyunghyang.com,"4·7 서울시장 보궐선거 야권 후보 단일화 후 첫 여론조사 결과가 25일 나왔다. 오세훈 국민의힘 후보가 박영선 더불어민주당 후보를 20% 가까이 크게 앞서는 것으로 나타났다. 다만 ‘적극 투표층’에선 10%포인트 가량 격차를 보여 향후 선거전에 따라 변수는 있을 것으로 보인다.리얼미터가 오마이뉴스 의뢰로 야권후보 단일화가 이뤄진 다음 날인 24일 서울시민 806명에게 ‘어느 후보에게 투표할 것인지’를 물은 결과 응답자의 55.0%가 오 후보, 36.5%가 박 후보라고 답했다.후보 간 격차는 18.5%포인트다. 이는 오차범위(95% 신뢰수준에 ±3.5%포인트)를 크게 벗어난 것이다.연령대 응답 결과는 오 후보가 20대에서 높은 지지를 보이는 것이 눈에 띄었다. 오 후보는 20대의 60.1%를, 박 후보는 21.1% 지지를 얻었다. 3배 가량 지지율이 차이가 난 것이다. 박 후보의 20대 지지율은 60세 이상 노인층(26.7%)보다 낮았다.박 후보는 여권 지지층이 두텁다는 평가를 받는 40대(57.9%)에서 오 후보(34.7%)에 비해 많은 지지를 받았다.50대에서는 두 후보가 접전을 펼쳤다.거주 지역을 기준으로 보면 오 후보가 서북권(53.1%), 동북권(49.4%), 강서권(56.6%), 강남권(62.8%) 등 모든 지역에서 박 후보를 앞섰다.다만 이번 선거에 반드시 투표하겠다는 적극 투표층에서는 오 후보 57.9%, 박 후보 36.4%의 지지율을 보였다.투표 의향 조사에서는 투표할 것이라는 응답이 95.5%을 기록했다.정당 지지도는 국민의힘이 37.7%, 민주당이 30.1%, 국민의당이 9.1%, 정의당은 5.0%, 열린민주당은 3.7%였다.문재인 대통령의 국정수행을 어떻게 평가하느냐는 질문에는 긍정 평가가 35.0%, 부정 평가가 61.3%로 나타났다.자세한 여론조사 내용은 리얼미터나 중앙선거여론조사심의위원회 홈페이지를 참고하면 된다."
833,833,2021.03.25 08:59,"‘0시’부터 시작한 공식선거운동···편의점 간 박영선, 지하철로 간 오세훈",경향신문,박홍두,"25일 ‘0시’부터 4·7 서울시장 보궐선거의 공식 선거운동이 시작됐다. 박영선 더불어민주당 후보는 편의점 아르바이트로, 오세훈 국민의힘 후보는 지하철 코로나19 방역 활동으로 선거운동 테이프를 끊었다.박 후보는 이날 0시 서울 마포구 와우산로에 있는 한 편의점을 찾아 아르바이트를 했다. 20대 남성 직원과 함께 매대를 정리하며 알바 생활의 고충을 들은 박 후보는 “서울시에서 20만원씩 월세를 지원해주는 정책을 할 생각”이라고 말했다.박 후보는 일정을 마치고 취재진과 만나 “코로나로 제일 힘든 소상공인, 자영업자, 청년들의 아픔과 고단함을 몸소 느껴보고 싶었다”며 “생활 시장, 민생 시장이 되어야겠다고 느꼈다”고 말했다.같은 시각 오 후보는 서울 지하철 1·2호선 열차를 관리하는 군자차량사업소를 찾았다. 현재 가장 현안인 코로나19 방역에 직접 나선 것이다.방역복을 갖춰 입은 오 후보는 늦은 밤 마지막 운행을 마치고 돌아온 지하철 객차 안으로 들어서 수건으로 손잡이와 좌석 등을 닦았다.오 후보는 기자들과 만나 “대한민국의 심장 서울이 다시 뛰는 계기가 되는 선거를 시작한다는 뜻”이라며 “3~4량 정도 했는데 벌써 온몸이 땀으로 젖어온다”고 말했다. 이어 “우리가 알지 못한 사이에 새벽까지 고생하는 분들이 계신다”며 “정책과 공약으로 선거에 임해 다시 뛰는 서울시를 반드시 만들겠다”고 다짐했다.날이 밝자 박 후보는 지하철 2호선 신도림역에서 서울시민들에게 출근 인사를 했다. 선거운동 첫날 박 후보는 오전에는 유세 출정식을, 오후에는 구로동 먹자골목과 영등포 골목시장 등을 돌며 시민들을 만날 계획이다.오 후보 역시 서울시내 곳곳을 다니며 시민들을 만나 지지를 호소할 계획이다."
841,841,2021.03.24 20:58,"여성, 진보층, 30·50대 표심 한 달 새 역전 ‘박영선 타격’",경향신문,박홍두 기자 phd@kyunghyang.com,"서울시장 보선 ‘박원순’ 책임론에부동산 민심·코로나 경제난 영향박영선 ‘정책·공약’ 안 통해 하락오세훈은 ‘컨벤션 효과’로 상승세4·7 서울시장 보궐선거 흐름이 한 달여 만에 완전히 뒤바뀌었다. 여성, 진보층, 30대와 50대가 선거 판세를 뒤흔들고 있다. 이들이 보여주고 있는 표심은 박영선 더불어민주당 후보의 ‘하락세’로, 오세훈 국민의힘 후보의 ‘상승세’로 연결되고 있다. ‘박원순 전 서울시장 성범죄 책임론’ ‘실망한 부동산 민심’ ‘코로나19로 인한 민생경제 악화’ 등의 요인이 복합적으로 작용한 결과로 풀이된다. 결국 2주일가량 남은 선거기간 여야 후보들의 선거전도 이들 ‘3대 표심’을 얻는 것이 핵심 과제가 될 것이라는 전망이 나온다.리얼미터가 24일 발표한 박·오 후보 간 가상대결 여론조사 결과는 지난달 9일 같은 기관이 발표한 결과와 ‘정반대’로 나타났다. 전체적으로는 박 후보의 지지율이 40.6%에서 29.2%로 11.4%포인트 급락했고, 오 후보는 29.7%에서 48.9%로 19.2%포인트 상승했다. 한 달여 만에 ‘반전’된 것이다.특히 여성과 진보층, 30·50대에서의 반전이 두드러졌다. 여성층은 한 달여 만에 박 후보 지지에서 14.7%포인트 빠져나갔고, 오 후보로 21.3%포인트 이동했다. 박원순 전 시장 성범죄 사건을 놓고 여권 인사들의 ‘2차 가해’ 논란이 계속되면서 책임론이 부각된 것이라고 여론조사 전문가들은 지적했다.민주당의 주요 지지층인 진보층과 30·50대에서도 박 후보 지지가 10%포인트 이상씩 빠졌다. 진보층에서는 오 후보 지지로 일부 이동했지만 ‘잘 모름’ 등 응답 유보로 이동한 것으로 보인다. 이는 한국토지주택공사(LH) 투기 의혹 등으로 가열된 부동산 민심이 작용했다는 분석이 지배적이다. 민주당 관계자는 이날 통화에서 “LH 사태로 인한 부동산 민심 악화, 일자리 부족 등 코로나19로 인한 경제적 어려움 등으로 정부·여당 지지율이 빠진 것도 원인으로 작용한 것 같다”고 말했다.이 때문에 박 후보가 내놓은 공약 효과도 보이지 않는 분위기다. 서울의 권역별 여론조사를 보면 박 후보는 강남·강북 모두에서 한 달 전에 비해 하락했다. ‘중도·보수’ 공략을 위해 재개발 허용 공약도 발표했지만 통하지 않은 셈이다.반면 오 후보의 경우 야권 단일화 ‘컨벤션 효과’를 누리며 상승세를 이어가고 있다. 오 후보는 보수와 중도층에서 한 달여 만에 20%포인트 가까이 결집시키는 데 성공한 것으로 나타났다.4·7 보궐선거는 25일 공식 선거운동일을 기점으로 본격적 여야 대결이 시작된다. 박 후보 측은 남은 선거기간 최대한 지지층을 결집시켜 ‘3대 표심 회복’에 집중할 방침이다. 오 후보 측은 이들 표심의 근원이 ‘정부·여당 심판론’이라고 보고 이를 더 부각하기 위해 나설 것으로 전망된다."
847,847,2021.03.24 20:46,오세훈 “박영선은 박원순 시즌2”,경향신문,박용하 기자 yong14h@kyunghyang.com,"국민의힘 오세훈 ‘반문 결집’안철수·금태섭 합류 ‘결합 속도’박영선엔 “문 대통령의 아바타”정권 심판·성추행 프레임 ‘맹공’서울시장 보궐선거 야권 단일후보로 선출된 오세훈 국민의힘 후보가 24일 안철수 국민의당 대표에 이어 제3 지대 경선 주자였던 금태섭 전 더불어민주당 의원도 공동선거대책위원장으로 영입하며 ‘반문연대’ 결집에 나섰다. 빨간색 넥타이를 매고 국민의힘 의원총회를 찾은 안 대표는 “오 후보를 돕겠다”며 서로 포옹했다. 단일화 이후 ‘화학적 결합’에 속도를 내는 모습이다.오 후보는 단일화 이후 첫 선대위 회의에서 “든든한 원군이 왔다”며 선대위원장으로 임명한 금 전 의원을 소개했다. 오 후보는 빨간색 국민의힘 점퍼를 금 전 의원에게 직접 입혀줬다. 오 후보는 전날 금 전 의원에게 선대위 합류를 요청했고, 금 전 의원은 즉각 수락한 것으로 전해졌다. 금 전 의원은 기자들과 만나 “단일화 과정에 참여한 사람으로 ‘이겨야만 정상 정치가 회복된다’는 마음에서 할 수 있는 일은 다하겠다고 마음먹었다”고 밝혔다. 다만 국민의힘 입당에는 선을 그었다.친문재인 세력과 각 세우다 민주당을 탈당한 금 전 의원의 영입은 ‘반문연대’ 확장으로 해석된다. 오 후보는 기자회견에서 “(문재인 정부에서) 장관직을 수행했던 박영선 (더불어민주당) 후보가 대통령의 잘못된 행태에 한 번이라도 비판한 적 있나”라며 “실정과 무능의 대명사 문재인의 아바타가 아닌가”라고 말했다. 선대위 회의에선 “(민주당이) 성추행 당으로서의 면모를 부인하지 않고 있다”며 “박 후보의 당선은 ‘박원순 시즌2’”라고 말했다. 정권심판론과 박원순 성추행 프레임으로 박 후보를 공격한 것이다.국민의힘은 의원총회에 안 대표를 초청해 ‘범야권의 화학적 결합’을 강조했다. 안 대표가 의총장에 나오자 국민의힘 의원들은 기립박수로 환영했다. 주호영 원내대표가 “우리 지지율이 앞서 나간 데 가장 큰 공이 있다”고 치켜세우자 안 대표는 “오 후보를 도와 최선을 다하겠다”고 화답했다. 안 대표와 오 후보는 포옹을 하며 서울시장 선거 승리와 정권교체를 위해 ‘원팀’으로 함께하겠다는 뜻을 보여주기도 했다.그간 안 대표를 저격해온 국민의힘 관계자들도 달라진 모습을 보였다. ‘안잘알’(안철수를 잘 알고 있는 사람)이라며 안 대표의 약점을 공격했던 이준석 전 최고위원은 CBS 라디오에 나와 “(안 대표가) 나중에 수틀리면 ‘제3 지대론’으로 가는 게 아니냐는 오해가 있었는데 그것이 풀렸다”며 “앞으로 저희 선대위원장(안 대표)은 제가 지킬 것”이라고 말했다.오 후보는 25일 0시 서울 성동구의 서울메트로 군자차량기지를 방문하면서 공식 선거운동을 시작한다."
848,848,2021.03.24 20:46,박영선 “LH 의혹 원조는 오세훈”,경향신문,곽희양 기자 huiyang@kyunghyang.com,"민주당 박영선 ‘선명성 강화’임종석에 “박원순 옹호 자제를”취약층 노인 ‘무상 점심’ 차별화이재명 만나 지지층 결집 호소박영선 더불어민주당 서울시장 후보가 ‘선명한 행보’를 본격화하고 나섰다. 박원순 전 서울시장의 성추행과 관련한 여권 인사들의 잇따른 ‘2차 가해 발언’에 경고를 하고, 취약계층 노인을 위한 무상점심 공약을 내걸었다. 오세훈 국민의힘 후보와의 ‘일대일’ 대결구도가 확정된 만큼 오 후보와 차별화하기 위해 보다 더 선명한 ‘공격과 방어’를 하겠다는 전략이다. 여권 유력 대선주자인 이재명 경기지사와도 만나 당내 지지층 결집을 호소했다.박 후보는 24일 MBC 라디오 인터뷰에서 박 전 시장을 옹호하는 글을 사회관계망서비스(SNS)에 쓴 임종석 전 대통령비서실장을 향해 “앞으로 그런 일은 안 해주셨으면 좋겠다”고 말했다. 박 후보는 임 전 실장의 글이 여권 지지층을 결집하는 데도 도움이 안 된다고 밝혔다. 임 전 실장이 이날 같은 취지의 글을 재차 올리자 박 후보는 YTN 인터뷰에서 “누구든지 피해자의 일상 회복을 방해하는 발언은 삼가달라”고 강조했다.이는 ‘박원순 성추행’ 관련 문제에 적극적으로 대처하겠다는 신호로 풀이된다. 전날만 하더라도 박 후보는 “임 전 실장 개인 의견일 뿐” “임 전 실장이 무슨 뜻으로 얘기했는지 모르겠다”고 에둘러 지나갔다. 지난 17일 박 전 시장 성추행 피해자의 기자회견 이후 하루가 지나 ‘피해호소인’ 논란이 된 의원들이 ‘늑장 사퇴’하면서 20·30대와 여성층 표를 잃었다는 게 박 후보 캠프 내부의 평가다.박 후보는 이날 서울 종로구 노인복지관을 찾아 “어르신들이 점심을 무상으로 드실 수 있는 체계를 갖추겠다”며 정책 행보를 이어갔다. 앞서 발표한 ‘유치원 무상급식’의 연장선으로, 무상급식에 반대했다가 시장직을 사퇴했던 오 후보와 차별화하려는 시도로 해석된다.오 후보의 내곡동 보금자리주택지구 지정 ‘셀프보상’ 의혹에 대한 공세도 이어갔다. 박 후보는 CBS 라디오에 출연해 “내곡동 문제는 지금 LH 사태의 원조 격”이라고 비판의 날을 세웠다. 오 후보에 대해 “실질적으로 ‘MB 황태자’로 불리던 사람”이라고 표현하기도 했다.당내 지지층 결집 행보도 계속했다. 박 후보는 국회를 방문한 이 지사를 만나 디지털화폐로 재난위로금 10만원을 지급하는 자신의 공약을 함께 논의하며 덕담을 주고받았다. 이 지사는 선거법을 의식해 보다 적극적인 발언은 내놓지 않았지만 박 후보 측은 현재 여권 내 대선주자 1위인 이 지사의 지지층을 끌어안는 효과를 기대하는 분위기다.박 후보는 25일 0시 서울 마포구에서 편의점 야간 아르바이트를 시작으로 공식 선거운동에 돌입한다."
850,850,2021.03.24 19:52,"박영선 “박원순 사건 피해자, 필요하면 선거 전 만날 것”",경향신문,박광연 기자 lightyear@kyunghyang.com,박영선 더불어민주당 서울시장 후보가 다음달 7일 열리는 보궐선거 전에 박원순 전 서울시장 성추행 피해자를 만날 수 있다는 뜻을 밝혔다.박 후보는 24일 YTN 방송에 출연해 ‘피해자를 선거 전에 만날 의향이 있나’라는 질문에 “제가 만나는 게 필요하다면 만날 것”이라며 “피해자의 마음의 상처가 가장 빨리 아물 수 있는 쪽으로 제가 해야할 일이라면 하겠다”고 말했다. 그러면서 “이 부분은 제가 짊어지고 가야할 부분이라 생각한다”고 말했다.박 후보는 박 전 시장의 업적을 치켜세우며 연이틀 ‘2차 가해’ 논란을 빚고 있는 임종석 전 대통령비서실장에 재차 ‘자제’ 요청을 했다. 박 후보는 “박 전 시장의 공과 관련한 부분에 아쉬움이 많다는 뜻으로 글을 올린게 아닌가 짐작한다”면서 “누구든 피해자의 일상 회복을 방해하는 발언은 앞으로 삼가주면 좋지 않을까 생각한다”고 말했다.박 후보는 이날 기자들과 만난 자리에서도 ‘임 전 실장이 또 한번 박 전 시장을 찬양하는 글을 올렸는데 어떻게 봤나’라는 질문에 “앞으로 그런 하고 싶은 말이 많이 있을 것으로 압니다만 조금 자제해 주셨으면 하는 게 제 마음”이라고 답했다.이날 박 후보의 연이은 “자제해달라” 발언은 전날보다 한층 수위가 강해진 표현이다. 전날 박 후보는 ‘2차 가해 관련 발언의 자제를 당부할 생각이 있나’라는 질문에 “상식과 집단 지성이 작동할 것”이라며 분명한 입장을 밝히지 않았다.결국 본격적인 선거 국면에서 박 전 시장 ‘부각’이 지지층 결집보다 성추행 사건을 환기시키는 부정적 효과가 크다고 판단한 것으로 보인다. 이에 따라 애매한 ‘선 긋기’보다 강한 ‘경고 메시지’를 보낸 것으로 풀이된다. 박 후보는 이날 오전 MBC 라디오 <김종배의 시선집중>에 출연해 ‘임 전 실장 발언이 지지층 결집에 도움이 안 된다고 보나’라는 질문에 “그렇다”고 답했다.박 후보는 자신의 당선을 ‘박원순 시즌2’로 비판한 오세훈 국민의힘 서울시장 후보를 향해 “오 후보 당선은 이명박 시즌2”라며 물러서지 않았다. 박 후보는 “오 후보는 이명박 대통령 시절 시장을 하며 4대강이나 여러 잘못된 시정을 덮어주려 노력한 후보”라며 “서울이 다시 과거로 후퇴해서는 안된다. 새 술은 새 부대에 담아야 한다”고 말했다.▶[관련기사] 연이틀 박원순 띄운 임종석 “박원순 당선은 서울시민 생각 변했다는 방증”▶[관련기사] 이 와중에…임종석 “박원순이 그렇게 몹쓸 사람이었나”
860,860,2021.03.24 10:10,박영선 ‘2차 가해’논란 임종석에 “그런 일 하지 마시라”,경향신문,곽희양 기자 huiyang@kyunghyang.com,"박영선 더불어민주당 서울시장 후보가 24일 오세훈 국민의힘 후보의 내곡동 땅 ‘셀프보상’ 의혹을 두고 “지금 LH사태의 원조격”이라고 비판했다. 전날 ‘2차 가해’ 논란을 빚었던 임종석 전 대통령비서실장을 향해서도 경고성 메시지를 보냈다. 오 후보와 ‘일 대 일’ 대결 구도에서 박 후보가 발언 수위를 한층 높인 모습이다.박 후보는 이날 CBS라디오에 나와 “내곡동 이 문제는 LH사태의 원조격”이라며 “공직자의 이해충돌 문제”라고 말했다. 박 후보는 “‘셀프특혜’라는 문제도 있지만 지금까지의 해명과정에서 세 번의 말바꿈이 있었고 거짓말이 있었다”며 “거짓말들을 하면서 핵심을 피해가고 있는 상황”이라고 말했다.오 후보측은 내곡동 관련 의혹과 관련해 “흑색선전”이라고 선을 그었지만, 박 후보는 공세 수위를 연일 높이고 있다.박 후보는 전날 ‘2차 가해’ 논란을 빚은 임 전 실장이 발언에 대해 “앞으로 그런 일 안 해주셨으면 좋겠다”고 말했다. 전날 토론회에서 “임 전 실장하고 최근에 거의 연락한 적이 없어서 무슨 뜻으로 그런 얘기를 했는지는 모르겠다”고 말한 것보다 강한 발언이다. ‘박원순 성추행’ 관련 문제에서는 앞으로 적극적으로 대처하겠다는 신호로도 풀이된다. 임 전 실장은 이날 사회관계망서비스(SNS)에 “박원순은 내가 아는 가장 청렴한 공직자”라는 글을 올려 논란을 빚었다.전날 서울 아파트 35층 높이 규제를 변경할 수 있다고 밝힌 박 후보는 “도시 미관을 고려해 꼭 35층을 규제하는 것은 아니어도 35층에서 50층 사이로 탄력적 운영이 가능하다”고 설명했다."
861,861,2021.03.24 08:56,"오세훈 48.9%, 박영선 29.2%···좁혀지지 않는 격차, ‘부동산 민심’이 문제?",경향신문,박홍두 기자 phd@kyunghyang.com,"4·7 서울시장 보궐선거에 출마한 오세훈 국민의힘 후보가 박영선 더불어민주당 후보를 가상 양자대결에서 오차범위 밖으로 앞선다는 여론조사 결과가 24일 나왔다.리얼미터가 YTN·TBS 의뢰로 지난 22~23일 서울시민 1042명에게 ‘서울시장 선거에서 후보단일화로 다음 후보들이 출마한다면 누구에게 투표할 것인지’를 조사한 결과, 오 후보가 48.9%를 기록해 29.2%를 나타낸 박 후보를 20%포인트 가까이 앞섰다.이번 조사는 오 후보와 안철수 국민의당 후보 간 야권 단일화 조사가 시작된 22일부터 단일화 발표 당일인 23일에 걸쳐 이뤄졌다.오 후보는 국민의힘 지지층(93.3%), 보수층(76.0%), 60세 이상(70.2%), 가정주부(62.8%) 등에서 평균 대비 높은 지지를 받았다.박 후보는 민주당 지지층(88.9%), 진보층(59.5%), 40대(53.5%)에서 상대적으로 높았다.거주 지역을 기준으로 보면 오 후보가 강북서권(45.8%), 강북동권(50.1%), 강남서권(46.5%), 강남동권(53.1%) 등 모든 지역에서 박 후보를 앞섰다.‘반드시 투표하겠다’는 적극 투표층에서는 오 후보 52.5%, 박 후보 29.6%의 지지율을 나타냈다.정당 지지도는 국민의힘이 32.7%, 민주당이 23.5%이었고, 국민의당이 13.4%, 정의당은 3.5%, 열린민주당 3.1% 순이었다.이번 재보선의 의미와 관련해 응답자들은 절반 이상(59.2%)이 ‘정부·여당 심판’을 꼽았다. ‘안정적 국정운영’이 32.9%로 뒤를 이었다.차기 서울시장의 중점 현안으로는 ‘부동산시장 안정’을 꼽은 응답이 41.8%로 가장 많았다. ‘민생경제 활성화 및 일자리 창출’ 27.4%, ‘강북·강남간 균형발전’이 7.8%, ‘환경 및 생활안전’ 7.2%, ‘저출산 및 고령화 정책’ 7.0% 순이었다.투표율 여론조사는 93.6%로 투표 의향이 높았다.이번 조사의 표본오차는 95% 신뢰수준에 ±3.0%포인트다. 자세한 내용은 리얼미터나 중앙선거여론조사심의위원회 홈페이지를 참조하면 된다."
864,864,2021.03.23 21:20,박영선 “미래 시장 대 낡은 시장 대결”,경향신문,곽희양,"오세훈 후보 확정에 ‘총공세’“MB 아바타…실패한 시장” 과거 약점 소환해 흠집 내기캠프 내부선 “오 후보, 안철수보다 더욱 까다로워” 평가LH 악재 맞대응 카드로 ‘내곡동 의혹’ 고소·고발 시작서울시장 보궐선거의 야권 단일후보로 오세훈 국민의힘 후보가 23일 선출되자 더불어민주당과 박영선 후보 측은 총공세에 나섰다. 오 후보를 “MB(이명박) 아바타” “실패한 시장”으로 규정하고 ‘내곡동 땅 셀프보상’ 의혹에 대한 수사도 촉구했다. ‘일대일’ 대결 구도가 확정된 만큼 오 후보의 ‘약점’에 화력을 집중한 것이다. 박 후보 측은 단일화 컨벤션 효과 등 야권에 호재가 됐던 요소들이 줄어들고 있어 여권 지지층의 결집으로 ‘역전 드라마’가 가능하다고 보고 있다. 다만 안철수 국민의당 후보보다 까다로운 상대를 만났다는 평가도 나왔다.박 후보는 이날 여의도에서 기자들과 만나 “ ‘미래를 이야기하는 박영선 시장이냐 아니면 낡고 실패한 시장이냐’ 이 구도의 싸움”이라고 밝혔다. 그는 “오 후보는 무상급식으로 아이들을 차별하겠다는 생각에 변함이 없다. 낡은 사고를 계속한다”고 말했다. 2011년 무상급식에 반대해 시장직을 중도 사퇴한 오 후보를 재차 공격한 것이다.박 후보 캠프의 강선우 대변인도 오 후보를 “ ‘셀프탄핵’하며 서울시장직을 내팽개친 사람, 입만 열면 거짓말을 쏟아내는 사람”이라고 비판했다. “MB(이명박 전 대통령) 아바타다운 거짓말 정치인”(김태년 당대표 직무대행) 등 당 차원의 공세도 쏟아졌다.박 후보 캠프 내부에선 오 후보가 안 후보보다 ‘상대하기 까다롭다’고 본다. 국민의힘의 조직력으로 보수층 표를 끌어모을 수 있는 데다 오 후보가 가진 대중적 인지도와 ‘합리적 보수’라는 이미지로 중도·무당층에 다가갈 수 있기 때문이다. 재선 시장으로서 시정 운영 경험이 있다는 점도 강력한 경쟁력이라는 게 박 후보 캠프 내부의 평가다.그럼에도 선거일까지 남은 15일 동안 ‘역전 드라마’는 가능하다고 본다. 컨벤션 효과는 이날 단일화가 끝나면서 더 이상 지속되지 않을 것으로 판단한다. 안 후보 지지층이 오 후보에게 그대로 옮겨가지 않을 가능성도 있다. 역대 재·보선 투표율이 낮은 만큼 지지층을 투표장으로 이끌어오면 ‘팽팽한 승부’가 될 수 있다는 것이다. 박 후보 캠프 상임선대위원장인 안규백 의원은 이날 “당원들의 의지와 결의가 모이고 있기 때문에 충분히 승산이 있다”고 말했다.이를 위해 오 후보의 내곡동 땅 의혹 등에 대한 고소·고발로 공세 수위를 높이고, 부동산 민심을 겨냥한 발언도 내놨다. 여권의 악재인 LH 사태발 ‘부동산 분노’ 역시 이해충돌방지법 입법 등에 속도를 내 영향력을 상쇄하겠다는 복안이다.박 후보 측은 이날 내곡동 땅 의혹과 관련해 오 후보가 보금자리주택지구 지정 과정에 관여한 정황이 담긴 서초구의회 보고서를 추가자료로 검찰에 제출하며 “신속하게 수사해달라”고 요구했다. 또 박 후보의 일본 도쿄 소재 아파트를 두고 ‘초호화’ ‘야스쿠니 뷰(View)’ 등으로 표현한 성일종·김은혜 국민의힘 의원 등을 공직선거법 위반 등의 혐의로 검찰에 고소했다. 박 후보는 “해당 아파트는 20평 정도의 소형으로, 야스쿠니신사는 보이지 않는 위치”라고 밝혔다.박 후보는 한국기자협회 등이 주최한 토론회에서 서울 아파트의 높이를 35층으로 제한한 것에 대해 “일률적으로 규제하는 것은 고쳐야 한다”고 말했다. 강남의 대표적 재건축 단지인 은마아파트에도 ‘35층 규제’를 풀 수 있냐는 질문에는 “마음이 열려있는 것은 맞다. 주민들이 어떤 방향으로 생각하는지 보고 공감대가 형성되어야 하는 부분”이라고 했다. 공시지가 인상에 따른 재산세 부담에 대해선 “(인상의) 속도조절이 필요하다”고 밝혔다. 서울 강남 등의 부동산 민심 껴안기에 나선 것이다."
873,873,2021.03.23 17:55,"박영선 “나는 살짝 진보적, 오세훈은 극보수”···공시지가 인상 “속도조절”",경향신문,박광연 기자 lightyear@kyunghyang.com,"박영선 더불어민주당 서울시장 후보가 자신을 “살짝 진보적인 사람”으로 규정했다. 그러면서 부동산 세금 인상 요인으로 작용하는 공시지가의 급격한 인상은 바람직하지 않다는 입장을 밝혔다. 오세훈 국민의힘 서울시장 후보에 대해서는 과거 ‘무상급식 사태’를 언급하며 ‘극보수’ 후보로 평가했다.박 후보는 23일 한국기자협회·방송기자연합회·한국PD연합회가 주최한 서울시장 후보 토론회에서 ‘0에 가까울수록 진보, 10에 가까울수록 보수라고 한다면 박 후보는 어디쯤인가’라는 질문에 “저는 살짝 진보적인 사람”이라며 “4에서 4.5 정도”라고 답했다. 문재인 정부의 이념 지표를 두고는 “우리가 진보정권이라고 얘기한다”며 “사안에 따라 저보다 조금 왼쪽으로 갈 수 있지 않나 생각한다”고 말했다.스스로를 사실상 ‘중도 진보’로 평가한 박 후보는 정부·여당이 추진하는 주요 현안에 대해 “속도 조절”을 강조했다. 일각에서 부동산 재산세 부담을 키우는 요인으로 비판하는 공시지가 인상에 대해 “속도조절이 필요해보인다”고 말했다.박 후보는 “서울시민을 놓고 보면 (공시지가 인상으로) 세금이 올라 불만을 갖는 사람의 비중은 언론보도만큼 높지는 않다”면서도 “어쨌든 어떤 정책을 하던간에 급작스레 변화를 갖고 오는건 좋지 않다고 생각한다”고 말했다. ‘시장 당선 후 재산세 감면을 고려할 수 있나’라는 질문에는 “좀 더 생각해봐야 할 것 같다”며 신중한 입장을 보였다.여당의 검찰 수사권 완전 박탈 방안을 두고도 박 후보는 속도 조절을 언급했다. 박 후보는 “기소와 수사의 궁극적 분리는 나아가야할 방향”이라며 “다만 검·경 수사권을 조정하는 데 20년이 걸렸다. 완전한 (검찰)수사권 배제도 조금 더 시간을 요하지 않나 생각한다”고 말했다. 그러면서 검·경 수사권 조정을 “문재인 정부의 가장 큰 업적”이라고 평가했다.박 후보는 이날 야권의 단일후보로 확정된 오 후보를 ‘극보수’ 성향으로 평가했다. 박 후보는 “무상급식 문제를 봤을 때는 거의 10 아닌가”라며 “발언하는 것을 보면 아이들을 차별하겠다는데 지금이 그런 세상인가”라고 말했다.이날 사회관계망서비스(SNS)에 “박원순이 정말 그렇게 몹쓸 사람이었나”라고 써 ‘2차 가해’ 논란에 휩싸인 임종석 전 대통령비서실장에 대해 박 후보는 선을 그었다. 박 후보는 “임 전 실장하고 최근에 거의 연락한 적이 없어서 무슨 뜻으로 그런 얘기를 했는지는 모르겠다”고 말했다. 박 후보는 ‘직접 당의 주요 인사들에게 2차 가해 관련 발언을 자제해달라고 당부할 생각은 있나’라는 질문에 “상식과 집단 지성이 작동할 것이라 생각한다”고 답했다.박 후보는 “박원순 전 서울시장이 복지 문제와 관련해서는 굉장히 시스템을 잘 갖췄다”며 계승할 만한 정책으로 공용자전거 ‘따릉이’를 꼽았다. 아파트 높이를 35층으로 규제하는 정책은 “고쳐야 한다”며 “35층 기준이 뭐냐고 했을 때 정확히 답하기 힘들다”고 말했다.박 후보는 “엄마 같은 시장” “엄마 리더십”을 강조하는 것과 관련해 “엄마 역할과 아빠 역할과 관해서는 서로 잘할 수 있는 장점이 있는 것도 부인하지 못한다”고 말했다. 전날 “박 후보는 엄마의 마음으로 아이를 보살피고 기르는 마음가짐을 갖췄다”는 이낙연 민주당 상임선대위원장 발언에 정의당 등 야당이 “성역할 프레임을 씌운다”고 비판한 데 대해 박 후보는 “요즘 사회 가치를 보는 눈이 변하고 있는 것은 사실이다. 그런 변화 가치에 방점을 찍는다면 그런 비판이 가능하다”고 말했다."
876,876,2021.03.23 14:37,‘고소·고발전’으로 공격 나선 박영선·민주당···“오세훈 단일화 효과에 역공” 노림수?,경향신문,박홍두 기자 phd@kyunghyang.com,"4·7 서울시장 보궐선거에 나선 더불어민주당과 박영선 후보 측이 23일 ‘고소·고발전’ 공격을 본격화했다. 오세훈 국민의힘 후보의 ‘내곡동 땅 지정 관련 의혹’에는 형사 고발로, 박 후보에 대한 비방·모욕에는 박 후보가 직접 고소하고 나서면서다. 오 후보로 단일화된 ‘야권 단일화 효과’에 공세를 가하는 식으로 지지율 열세를 만회하기 위한 강수를 둔 것으로 풀이된다.박 후보는 이날 국민의힘 성일종·김은혜·김도읍 의원과 이준석 전 최고위원을 공직선거법 위반(허위사실유포, 후보자 비방) 및 모욕 혐의로 고소했다고 밝혔다.박 후보는 “피고소인들은 일본 도쿄 아파트를 ‘초호화 아파트’ ‘야스쿠니 뷰’ ‘진정한 토착왜구’ 등으로 표현해 박 후보의 아파트 구입과 관련한 경위, 목적, 규모, 위치 등을 의도적으로 왜곡 및 과장한 허위사실을 언론매체, SNS 등에 퍼뜨렸다”고 밝혔다. 이어 “아파트를 구입했다는 사실만으로 ‘토착왜구’ ‘위선영선’ 등의 비방과 모욕을 했다”고 고소 이유를 설명했다.박 후보는 고소장에서 “(남편이) 2008년 9월 한 로펌의 동경사무소에 취업하게 돼 처음에는 월세집을 구해 생활했으나 어차피 도쿄에서 근무하게 될 상황이라면 비싼 월세보다는 거주할 집을 구입해야겠다는 판단에 2009년 6월 제로금리에 가까운 은행대출을 받아 아파트를 구입한 것”이라고 설명했다. 그러면서 “해당 아파트는 20평 정도 되는 소형 아파트로 초호화 아파트도 아니고 야스쿠니 신사와는 반대 방향이어서 신사 자체가 보이지 않는 위치”라고 덧붙였다.박 후보의 남편은 근무 중이던 로펌이 한국사무소를 개소하기로 하면서 귀국, 한국사무소 대표와 도쿄사무소 한국파트 대표를 겸임하고 있다.민주당은 오 후보의 시장 시절 내곡동 땅 보금자리특구 지정 의혹 관련 허위사실 공표 혐의 고발도 이어갔다.민주당 김회재 법률위원장과 신영대 중앙선거대책위 대변인은 이날 오 후보에 대해 내곡동 땅 관련 허위사실 공표 혐의로 고발한 것과 관련해 과거 서울시 회의록 자료를 추가 증거로 서울중앙지검에 제출할 방침이라고 밝혔다.이들은 “2007년 3월6일, 서초구의회 운영위원회 심사보고서에는 피고발인이 내곡지구를 시찰했었다는 답변이 기재돼 있고, 2009년 10월16일 서울시의회 도시관리위원회 회의록에 의하면 당시 주택국장은 피고발인이 관련 보고를 받았고 피고발인의 지시로 보금자리주택의 주요정책 방향이 바뀌었다는 취지의 답변을 했다”고 했다.이어 “2009년 10월13일 국회 국토해양위원회 서울시 국정감사 회의록에 의하면 오 후보가 ‘협의 과정에서 서울시의 의견을 전달했습니다’ ‘다만, 이번 정부에서 활용하는 그린벨트 지역은 대부분 이미 훼손된 지역이라는 게 그나마 위안을 받을 수 있는 부분입니다’라는 식으로 답변했다”고 전했다.민주당은 이 자료들을 토대로 “관련 현안을 분명히 인식하고 있고 국토부와 협의를 했다는 사실을 알 수 있으며, 나아가 2008년 10월14일 국회 국토해양위원회 국정감사에서 피고발인은 그린벨트에 고층아파트가 들어서는 데 대한 의견을 묻는 의원들의 질문에 반대 입장을 밝히고, 저층형 주택이 들어서도록 국토해양부와 협의를 거쳐 대응하겠다고 강조하는 등 관련 현안에 대해 분명히 인식하고 있었다”고 주장했다.그러면서 “피고발인의 허위사실 공표가 민심을 호도하고 있으며 4·7 재보선에 미치는 악영향 등 그 피해의 광범위함을 감안하여 빠른 시일 내에 수사를 해 줄 것을 강력히 촉구한다”고 밝혔다."
885,885,2021.03.23 10:28,"오세훈과 대결하는 박영선 “실패한 시장이냐, 미래 시장이냐의 구도”",경향신문,곽희양 기자 huiyang@kyunghyang.com,"박영선 더불어민주당 서울시장 후보가 23일 야권 최종 후보로 오세훈 국민의힘 후보가 확정된 것에 대해 “‘실패한 시장이냐, 미래를 말하는 박영선 시장이냐’라는 구도가 확실해졌다”고 말했다.박 후보는 이날 오전 서울 여의도 국회에서 열린민주당 대표를 방문한 뒤 기자들과 만나 이 같이 말했다. 박 후보는 “‘서울 미래 박영선 시장이냐, 낡고 실패한 시장이냐’의 구도라고 생각한다”며 재차 말했다.박 후보 캠프 강선우 대변인은 오 후보가 야권 최종후보로 확정된 직후 논평을 내고 “스스로 ‘셀프탄핵’하며 서울시장직을 내팽개친 사람, 입만 열면 거짓말을 쏟아내는 사람, 남은 1년의 서울시정을 정치투쟁에만 쏟을 사람, 서울시장은 그런 사람에게 어울리는 자리가 아니다”고 밝혔다.야권단일화 과정에 대해 “서울시민을 따돌린 끼리끼리 ‘단일화 쇼’에 불과하다”며 “자리 나누기식 억지 단일화로 대한민국 정당정치의 격만 떨어졌다”고 밝혔다.강 대변인은 또 오 후보를 향해 “본인이 시장이었던 시절에 직접 찾았다던 내곡동 땅에 보금자리주택지구가 지정되어 36억 원을 보상 받으셨다”며 “자기 잇속부터 챙길 후보에게 서울시를 맡길 수 없다”고 밝혔다."
891,891,2021.03.22 21:30,오세훈 공격할수록…존재감 줄어드는 박영선,경향신문,구혜영 선임기자 koohy@kyunghyang.com,"민주당, ‘강자’ 판단 파상공세박, 중도경쟁력 부각 안 되고안 후보 확장력에도 ‘고심’더불어민주당이 4·7 서울시장 보궐선거에서 야당 후보에 대한 분리 전략을 강화하고 있다. 야권 후보 단일화 여론조사 첫날인 22일에도 오세훈 국민의힘 후보에겐 파상 공세, 안철수 국민의당 후보에겐 무대응 기조를 이어나갔다. 여러 면에서 안 후보보다 오 후보가 본선 경쟁 상대로 강자라고 판단한 것이다. 오 후보의 ‘내곡동 셀프 특혜’ 의혹이 한국토지주택공사(LH) 사태를 잠식할 수 있다는 기대도 깔려 있다.김태년 민주당 대표 직무대행은 이날 국회에서 열린 선거대책위원회 회의에서 “2007년 오 후보가 서울시장 재직 당시 해당 부지를 현장 시찰했다. 손바닥으로 하늘을 가리는 격”이라고 비판했다. 김원이 민주당 의원은 국회 기자회견에서 2009년 내곡동 보금자리주택지구 지정·사업 과정에 오 후보 관여 의혹을 제기했다.민주당의 오 후보 집중공략은 투표율이 낮은 재·보선 특성상 지지층 결집이 관건이라 판단하기 때문이다. 오 후보의 내곡동 셀프 특혜 의혹에 대한 네거티브전도 조직력을 키우는 요인이다. 이는 달리 말하면 ‘까다로운 오 후보보다 상대적으로 약한 안 후보와 겨루는 게 낫다’는 논리다. 박영선 후보 측 핵심 관계자는 “오 후보는 비리 문제로 시장직을 중도 사퇴하지 않았고, 정권심판론까지 강해 1년 정도는 맡겨볼 만하다는 여론에 올라타 있다”고 평가했다. 안 후보가 본선에 오를 경우 야권의 화학적 결합이 어려울 것이라는 점도 민주당과 박 후보 측의 기대를 키우고 있다.하지만 오 후보에 대한 공세가 지속될수록 박 후보 측의 딜레마가 커지고 있다. 박 후보의 중도 경쟁력이 부각되지 않으면서 후보로서 존재감이 가려지기 때문이다. 안 후보 확장력이 확인된 점도 박 후보의 고심을 더한다. 이날 발표된 여론조사에서 안 후보는 오 후보보다 큰 격차로 박 후보를 이겼다.민주당 핵심 관계자는 “오 후보 공략에 치중하는 공중전 대신 2018년 지방선거 때 박원순 전 시장처럼 나홀로 골목길 유세전 같은 전략을 고민할 때”라고 말했다."
895,895,2021.03.22 17:38,"민주당의 ‘박영선, 엄마의 마음가짐’ 문구 논란···야권 “성인지 감수성 부족”",경향신문,박홍두 기자 phd@kyunghyang.com,"더불어민주당이 4·7 서울시장 보궐선거 후보인 박영선 후보에 대해 “엄마의 마음을 갖춘 후보”라고 홍보한 것을 놓고 야권이 “성인지 감수성 부족”이라고 비판하고 나서면서 논란이 일고 있다.논란의 발단은 22일 이낙연 민주당 중앙상임선거대책위원장이 선대위 회의에서 박 후보에 대해 “엄마의 마음으로 아이를 보살피고 기를 마음가짐, 딸의 심정으로 어르신을 돕는 자세를 갖춘 후보”라고 말하면서 본격화됐다.김종민 최고위원은 오세훈 국민의힘 서울시장 후보의 시장 시절 내곡동 보금자리주택지구 지정 특혜 의혹을 비꼬면서 “그린벨트 해제는 남성을 여성으로, 여성을 남성으로 성별을 바꾸기보다 더 어려운 일”이라고 발언했다.그러자 야권은 민주당의 이 같은 발언들을 맹비판하고 나섰다.조혜민 정의당 대변인은 국회 논평을 내고 “자당의 여성후보를 두고 서울시장으로 적합한 이유에 대해 설명할 말이 고작 (엄마라는) 성역할 프레임을 씌우는 것 밖에 없었나”라며 “이 위원장은 지난해 7월 차별적인 발언을 일삼고 사과했었다. 갈수록 가관”이라고 직격했다. 지난해 이 위원장은 한 강연에서 “인생에서 가장 크고 감동적인 변화는 소녀가 엄마로 변하는 순간”이라고 말해 비판을 받은 바 있다.황규환 국민의힘 상근부대변인은 논평에서 “여성의 역할을 아이를 보살피고 기르는 것으로 국한지은 이 대표의 왜곡된 성역할 인식이 개탄스럽다”며 “박원순 전 시장의 성추행 피해자의 울부짖음에도 외면했던 민주당과 박 후보가 ‘여성’과 ‘딸’을 운운할 자격은 있기나 한가”라고 비판했다.황 상근부대변인은 김종민 최고위원에 대해서도 “아무리 상대방 후보에 흠집을 내는 데에 혈안이 돼 있다지만 그렇게도 비유할 표현이 없나”라며 “차별금지법을 발의하겠다면서 차일피일 미루더니 결국 그 속내가 드러나는 것”이라고 말했다.조 대변인은 “트랜스젠더가 겪는 어려움을 가볍게 여기고 있음을 여실히 보여준다”며 “성소수자 차별 발언에 대해 즉각 사과하라”고 했다."
897,897,2021.03.22 16:24,"안철수, 박영선 향해 ""도쿄에 아파트 가진 아줌마""…단일화 앞 거친발언",경향신문,박용하 기자 yong14h@kyunghyang.com,"안철수 국민의당 서울시장 후보가 22일 박영선 더불어민주당 후보를 향해 “도쿄에 아파트 가진 아줌마는 충분히 상대 가능하다”고 말했다. 다소 모욕적으로 느껴질 수 있는 발언이라 논란도 예상된다.안 후보는 이날 보수 성향의 한 유튜브 방송에서 박 후보의 ‘도쿄 아파트’ 논란을 겨냥해 이같이 밝혔다. 안 후보는 “(나는)집은 전세고, 땅도 없다. 부동산으로 재산 증식 안 해야겠다고 생각하고 안 한 것”이라고도 말했다.앞서 박 후보는 전날 남편 소유의 일본 도쿄 아파트를 지난 2월 처분했다고 밝힌 바 있다. 안 후보는 이날 서울 종로구 경제정의실천시민연합(경실련)에서 정책 협약식을 마친 뒤 기자들고 만나서도 “저는 집 없는 아저씨”라며 박 후보와 다른점을 강조하기도 했다.안 후보는 앞서 오전 발표한 기자회견문에서는 오세훈 국민의힘 후보의 내곡동 ‘셀프 보상’ 의혹을 지적하기도 했다. 보수 지지층 일각에서 반발 조짐이 일자, 화살을 박 후보에 다시 돌린 것으로 해석된다. 그는 자신의 오 후보 비판과 관련해서는 “나와 토론회를 할 때 사퇴도 말씀하셔서 우려의 말을 드린 것뿐”이라고 설명했다.안 후보는 유튜브 방송에서 “범야권 대통합을 위해 극우 태극기 세력과도 함께 할 수 있다”는 취지의 발언을 내놓기도 했다. 단일화 여론조사가 진행되는 만큼, 보수 표심 잡기에 들어갔다는 해석이 나온다."
917,917,2021.03.21 15:22,"‘친일 공세’ 받던 박영선 “도쿄 아파트, 지난 2월 처분했다”",경향신문,곽희양 기자 huiyang@kyunghyang.com,"박영선 더불어민주당 서울시장 후보가 야권으로부터 ‘친일 공세’를 받고 있는 일본 도쿄 아파트 보유에 대해 “지난 2월 처분했다”고 21일 밝혔다.박 후보는 이날 사회관계망서비스(SNS)에 “남편은 이명박 대통령 취임 후 2008년 회사에서 쫓겨나 일본으로 가게됐고, 거기서 직장을 구해 일본에서 살았고 그래서 아파트를 구입한 것”이라며 이 같이 밝혔다. 박 후보는 “재산신고에 들어있는 것은 작년 12월말 기준으로 재산신고를 했기 때문”이라고 덧붙였다.이날 오전 홍준표 무소속 의원은 SNS에 박 후보 남편이 이명박 정부에서 사찰을 받은 것은 아니라고 밝혔다. 그는 2007년 BBK사건을 거론하며 “그 때 불거진 사건이 김경준 기획 입국설이었고, 김경준의 변호사인 심모씨와 박 의원의 남편 되시는 분이 LA로펌에 같이 동료로 근무했었기 때문에 김경준 기획입국에 모종의 묵계가 있을 것으로 봤다”며 “증거가 부족해 고발하지는 못하고 진상을 규명해달라는 취지로 검찰에 수사의뢰한 바 있다”고 밝혔다.홍 의원은 이어 “대선 후 검찰수사는 박 후보의 남편 관여 여부로 번졌고, 남편이 근무하는 법무법인 사무실까지 압수수색하니 박 후보의 남편은 그 법무법인에 근무하지 못하고 일본으로 건너간 것”이라며 “박 후보 남편이 기획입국에 관여한 증거가 없어 제가 사과한 일도 있었다”고 밝혔다.박 후보는 “홍 (전)대표가 고백해 주셔서 감사하다. 아무 죄 없는 민간인을 내사하고 압수수색한 사실을 실토하셨다”고 말했다. 그는 이어 “그런데 또 뚱딴지 같은 허위사실이 있다”며 “남편은 미국에서 심씨 성을 가진 사람과 근무를 한 적이 없다고 한다. 심모씨가 누군지 이름을 밝혀 달라”고 말했다."
924,924,2021.03.20 11:20,"악재 또 악재, 흔들리는 박영선 반전카드 있나",경향신문,반기웅 기자 ban@kyunghyang.com,"4·7 재보궐 선거를 위한 후보자 등록이 3월 18일 시작됐다. 박영선 더불어민주당 서울시장 후보 입장에서 첫 시작은 쉽지 않다. LH 임직원 투기 의혹은 초대형 악재였다. 나쁘지 않았던 판세가 한순간에 뒤틀렸다. 국민의당 안철수 후보나 국민의힘 오세훈 후보, 둘 중 누가 나서더라도 박 후보를 앞선다는 여론조사가 나왔다. 3자 구도로 간다 해도 박빙이다.민주당과 열린민주당, 시대전환의 범여권 단일화 경선 효과도 기대하기 어렵다. 지난 3월 17일 박 후보는 김진애 열린민주당 후보를 꺾고 단일 후보로 낙점됐다. 하지만 컨벤션효과도 LH 악재에는 기를 못 썼다.돌파구를 찾기 위한 박 후보의 행보가 빨라지고 있다. ‘LH 특검’과 ‘3기 신도시 토지소유자 전수조사’ 강수를 던졌다. 디지털 도시와 그린 도시 등 간판 공약 대신 지역 밀착형 공약으로 민심 잡기에 나서고 있다. 달라진 박 후보의 전략은 지지율 반등을 이뤄낼 수 있을까.■예상치 못한 ‘디지털’ 공약의 흥행 부진“하나는 디지털 서울로의 대전환이고 또 하나는 그린으로 가야 한다는 것입니다. 디지털 플러스 그린, 이것이 서울의 방향입니다(3월 12일 JTBC 정치부회의 서울시장 후보 단일화 토론). ‘디지털’은 박 후보의 공약을 아우르는 단어다. 디지털 대전환이라는 슬로건 아래 블록체인(분산형 데이터 저장 기술) 기반 스테이블 코인(KS-코인)을 발행과 프로토콜(protocol) 경제 도입을 핵심 공약으로 내세웠다.박 후보의 공약은 재개발·재건축, 세금 부담 경감 등이 단골소재로 나오는 기존 선거 공약 문법과는 달랐다. 중소벤처기업부 장관 시절 경험을 녹여내 혁신 이슈를 선점했다는 평가를 받기도 했다. 그런데 공약에 대한 호평은 지지율 상승으로 이어지지 않았다. 왜일까.박 후보의 디지털 공약 가운데 핵심 정책은 KS-코인이다. 블록체인 기술과 원화 가치에 기반을 둔 암호화폐로 결제·송금 수수료 없이 서울의 온·오프라인 상점에서 사용할 수 있고, 지방세 납부에도 쓸 수 있는 스테이블 코인이다. 스테이블 코인은 가격 변동성이 큰 비트코인 등 다른 암호화폐와 달리 가치가 일정하게 유지되는 가치고정형 암호화폐다. KS-코인만 놓고 보면 새로운데 혜택은 익숙하다. 결제·송금 수수료 무료화, 세금 납부는 이미 서울시에서 만든 제로페이와 은행 모바일 뱅킹, 민간 간편 송금·결제 앱을 통해 쓰고 있는 상용화된 서비스다. 류한석 류한석 기술문화연구소장은 “블록체인 기반 암호화폐라면 해당 코인이 단독으로 제공하는 혜택이나 가치가 있어야 한다”며 “하지만 KS-코인에서는 새로운 가치를 찾아볼 수 없다”고 말했다.일반적으로 스테이블 코인은 법정화폐 담보 방식으로 발행된다. 서울시가 보유한 원화만큼만 가상화폐를 발행할 수 있다는 의미다. 블록체인 보안 전문기업 웁살라시큐리티의 김형우 대표는 “서울시가 스테이블 코인을 발행하려면 시 자산이나 세금으로 충분한 예치금을 마련해야 한다”며 “적지 않은 예산이 투입되는 프로젝트로 블록체인 업계에서는 환영할 만한 공약이지만 서울시민 입장에서 보면 투입 예산 대비 효용성이 낮은 사업이다”라고 평가했다.박 후보가 제안한 디지털 공약의 한 축은 프로토콜 경제다. 프로토콜 경제는 이른바 ‘참여형 공정경제 시스템’으로 플랫폼에 모인 참여자들이 합의를 통해 정한 프로토콜(규약)에 따라 발생하는 이익을 공정하게 나누어 갖는 차세대 경제 모델을 뜻한다. 요약하자면 블록체인 기술과 암호화폐를 기반으로 조성된 경제 생태계다. 박 후보는 독점 폐해 논란을 빚고 있는 플랫폼 경제의 대안으로 프로토콜 경제를 꼽는다. 예컨대 배달의 민족(플랫폼)의 성장에 기여한 라이더들도 기여도에 비례해 암호화폐(시큐리티 토큰)를 통한 보상 배분을 받는다. 보상 내역과 배분 과정 등 모든 정보가 투명하게 공개된다. “프로토콜 경제에서는 갑과 을이 사라지고 소비자와 노동자 모두 공정한 대가를 받을 수 있다.”(책 <박영선과 대전환> 발췌)문제는 프로토콜 경제의 필요성이 정작 현장에 스며들지 못한다는 점이다. 박정훈 라이더유니온 위원장은 “정치인의 언어로 프로토콜 경제를 말하고 있기 때문에 플랫폼 종사자들은 프로토콜 경제가 왜 필요하고 어떻게 도움이 된다는 것인지 이해하지 못하고 있다”며 “정말 플랫폼 노동자에게 필요한 정책이라면 직접 우리를 만나 설명해주길 바란다”고 말했다.■LH 투기 의혹, 우세에서 열세로디지털 대전환 공약이 흥행하지 못한 데는 LH 임직원 투기 악재도 컸다. 이 의혹은 모든 이슈를 빨아들이는 블랙홀이 됐다. 박 후보는 3월 12일 LH 사태 관련 민주당에 특검 수사를 건의하면서 “서울시에서 투기라는 두 글자가 다시는 들리지 않도록 제 가진 모든 것을 쏟아붓겠다”며 강경 메시지를 내놨다. 박 후보의 발언은 강한 워딩에 비해 주목을 받지 못했다. 같은 시기 대통령과 국무총리를 비롯한 정부·여당에서 강경 대책을 쏟아내 메시지가 분산됐다. 이날 문재인 대통령은 “국민의 분노를 직시해 부동산 적폐를 청산하고 사회의 공정을 바로세우는 계기로 만들자”며 한동안 언급하지 않던 ‘적폐 청산’을 다시 화두로 던졌다. 3월 14일에는 정세균 국무총리의 ‘LH 임직원의 토지취득 금지’ 조치 발언이 미디어를 도배했다. 최영일 시사평론가는 “박 후보의 특검 제안과 강경 발언 타이밍은 나쁘지 않았다. 공정에 대한 열망을 어필하고 ‘내 자식 내가 먼저 때린다’는 전략을 택한 것도 현명했다. 다만 효과가 없었다는 게 문제다. 대통령부터 국무총리, 원내 대표까지 다 같은 전략을 취하다 보니 차별화가 이뤄지지 않았다”고 말했다.LH 사태 이후 박 후보의 지지율은 하락세를 보이고 있다. 3월 15일 여론조사업체 리얼미터가 문화일보 의뢰로 지난 13∼14일 서울 유권자 1030명을 상대로 조사한 결과(신뢰수준 95%, 표본오차 ±3.1%포인트) 3자 대결에서도 박 후보(33.3%)는 오세훈 국민의힘 후보(35.6%)에게 뒤진 것으로 집계됐다. 안철수 국민의당 후보는 25.1%를 기록해 뒤를 이었다. 양자 가상 대결에서는 안 후보(55.3%)가 박 후보(37.8%)를 크게 앞섰고 오 후보(54.5%) 역시 박 후보에 우세한 것으로 나타났다. (자세한 사항은 중앙선거여론조사심의위원회 홈페이지 참조)박원순 전 서울시장 성폭력 피해자는 3월 17일 기자회견을 열고 박 후보에게 진정성 있는 사과와 선거운동본부에 참가한 남인순·진선미·고민정 의원의 퇴출을 요구했다. 앞서 거대 담론을 담은 공약을 지우고 지역 공약으로 바닥 민심 잡기 전략으로 선회하려던 박영선 후보 입장에서는 박원순 전 시장 악재에 발목을 잡힌 셈이다. 3월 17일 박 후보는 페이스북을 통해 피해자에게 사과의 뜻을 전하고 “저희 당 다른 분들에게 하고 싶은 이야기는 모두 제게 해달라. 제가 모든 것을 짊어지고 가겠다”는 뜻을 밝혔다. 하지만 박 후보의 사과는 오히려 성난 여론을 진정시키지 못했다. 국민의힘뿐만 아니라 정의당도 박 후보의 무성의한 SNS 사과를 비판했다. 조혜민 정의당 대변인은 논평에서 “피해자에게 용서를 구한다면 절두산 성지에 두 손 모아 기도할 것이 아니라 기자회견장에 서서 공식적인 사과 입장을 밝혀야 한다”며 “어떻게 짊어지겠다는 것인지 당 차원에서의 명확한 입장을 내놓았어야 한다”고 지적했다.■박원순 프레임에 발목박 후보에 대한 언론의 관심도 박 전 시장 이슈로 몰렸다. 박 후보는 3월 18일 서울 관악구에서 지역 공약을 발표한 뒤 기자들과 만나 “제가 모든 것을 짊어지고 가겠다”는 뜻이 무엇이냐는 질문에 “짊어지고 가는 것이 가장 어려운 일이라고 생각한다”며 즉답을 피했다. 남인순·고민정·진선미 의원을 처벌하거나 캠프에서 퇴출하지 않겠다는 의사로 읽혔다. 하지만 비판 여론이 높아지자 이날 오후 고민정 의원은 서울시장 선거운동본부 대변인직에서 사퇴했다. 고 의원은 SNS에 “저의 잘못된 생각으로 피해자에게 고통을 안겨드린 점 머리 숙여 사과한다”며 “박영선 더불어민주당 서울시장 후보 캠프 대변인을 내려놓는다”고 밝혔다. 이어 남인순, 진선미 의원도 사퇴의사를 밝혔다.이들 의원의 사퇴에도 불구하고 박 후보의 선거 레이스는 험난할 것으로 보인다. 2차 가해 논란을 빚은 의원들의 사퇴를 두고 극렬 지지층 사이에서 ‘선거를 위해 박원순을 버렸다’며 반발이 이어지고 있다. 서울시 차원의 보편적 재난지원금 지급 공약 카드가 남아 있긴 하지만 약발이 얼마나 먹힐지는 장담하기 어렵다. 그나마 다행인 것은 아직 본격적으로 선거운동이 시작되지 않았다는 점이다. 선거까지 20여일이 넘는 반전을 위한 시간이 남아 있다는 얘기다. 야당도 단일화를 놓고 혼란스럽다. 최영일 시사평론가는 “LH 투기 악재가 터진 상황에서 늦어도 선거 일주일 전까지는 반전 모멘텀을 만들어야 하는데 주변 여건이 호락호락하지 않다”며 “현재로서는 토론에 강점이 있는 후보 개인 역량에 기대 실전 토론 과정에서 지지율 회복을 노릴 수밖에 없다”고 말했다."
927,927,2021.03.19 21:13,박영선 “서울시민 1인당 디지털화폐 10만원씩”,경향신문,김상범 기자 ksb1231@kyunghyang.com,"민생 챙기기로 지지율 만회 나서‘박원순 악재’ 털고 다시 심기일전더불어민주당은 야권이 단일화 협상으로 충돌하는 사이 민생 행보로 떨어진 지지율을 만회하겠다는 전략을 짜고 있다. 박영선 민주당 서울시장 후보(사진)는 19일 유력 후보군 가운데 제일 먼저 후보 등록을 마치고 ‘서울시 보편적 재난위로금 10만원’ 공약을 발표했다. 계속 거론되는 박원순 전 서울시장의 성추행 사건과 한국토지주택공사(LH) 사태로 악화된 민심을 반등시키기 위해 ‘정책’ 행보를 가속화하겠다는 것이다.일각에선 야권 단일화 협상을 놓고 유불리를 따지기도 하지만 막판 성사 가능성이 높아지면서 상대적으로 박 후보를 향한 주목도가 떨어질지 염려하는 모습도 보인다.박 후보는 이날 기자회견을 열고 “서울시민에게 현재 가장 절박한 과제는 코로나19를 극복하고 일상생활을 회복하는 일”이라며 ‘서울시 보편적 재난지원금’을 공약했다.박 후보는 “시민 모두에게 1인당 10만원씩 블록체인 기반의 ‘KS서울디지털화폐’로 지급되는 재난지원 계획에 서명하겠다”고 밝혔다.박 전 시장 성추행 피해자의 ‘2차 가해자’로 지목된 남인순·진선미·고민정 의원이 전날 선거캠프에서 하차하면서 잠재적 악재를 털어낸 만큼 이제는 최대한 ‘민생 이미지’를 축적하겠다는 것이다.당내에선 야권 단일화의 지지부진한 모습에 일말의 기대감을 드러내는 모습도 보인다. 오세훈 국민의힘·안철수 국민의당 후보가 단일화 방식을 놓고 다투는 모습에 피로감을 느낀 중도층 유권자들을 흡수할 수 있다는 계산이다. 최인호 민주당 수석대변인은 기자들과 만나 “오직 자신에게 유리한 방식에 몰두하는 것이 정치에 대한 혐오를 가중시킬 수 있다”고 말했다. 박진영 민주당 중앙선거대책위원회 대변인도 이날 논평에서 “오 후보와 안 후보는 오로지 욕망의 밑바닥만을 보여줬다. 서울 시민은 안중에도 없는 ‘막장 단일화’의 막을 내려야 한다”고 깎아내렸다.그러나 ‘야권 단일화는 시간문제’라는 전망이 앞서면서 우려 목소리가 적지 않다. 박 후보 캠프 관계자는 통화에서 “단일화 효과를 극대화하기 위한 정치적 ‘쇼’일 수 있다고 본다”고 말했다. 야권이 끝내 막판 단일화를 극적으로 성사시킨다면 ‘컨벤션 효과’로 인해 박 후보의 주목도를 모두 뺏길 수 있다는 것이다.한국갤럽이 이날 발표한 여론조사(지난 16~18일 성인 1005명 대상, 오차범위는 95% 신뢰수준에 ±3.1%포인트)를 보면, 서울에선 ‘야당 후보가 당선돼야 한다’는 응답률은 61%, ‘여당 후보가 당선돼야 한다’는 응답률은 27%였다."
942,942,2021.03.18 22:13,박영선 캠프 ‘박원순 피해호소인’ 3인방 모두 사퇴,경향신문,박광연 기자 lightyear@kyunghyang.com,"피해자 “직접 사과” 기자회견 다음날 뒤늦게 악재 털기 나서박 “고민정 떠나니 통증이 훅”…여권 지지층 의식한 행보도박영선 더불어민주당 서울시장 후보(사진)가 ‘박원순 전 서울시장 성추행 사건’이라는 근본적인 선거 악재를 떨쳐내는 데 부심하고 있다. 박 전 시장 성추행 피해자를 ‘피해호소인’으로 불러 논란이 된 남인순·진선미·고민정 민주당 의원이 피해자 기자회견 다음날인 18일 박 후보 선거대책위원회에서 사퇴했다. 피해자의 요구와 동떨어진 사과 등 ‘소극적 대처’로 비판받은 박 후보 측의 ‘뒤늦은 대응’이다. 그러나 박 후보는 고 의원 사퇴에 “아프다”고 말하는 등 여권 강성 지지층을 의식하는 모습도 보였다.박 후보 측 공동선대본부장인 남 의원은 이날 “피해자에게 고통을 드린 데에 깊이 사과하고 피해자가 일상생활을 회복할 수 있기를 진심으로 바란다”며 사퇴했다고 박영선 캠프가 밝혔다. 공동선대본부장인 진 의원도 사회관계망서비스(SNS)에 “피해자에게 용서를 구한다”며 “온전히 일상이 회복될 수 있기를 진심으로 기원한다. 선대위 직책을 내려놓겠다”고 밝혔다. 박 후보 대변인을 맡은 고 의원도 SNS에 “잘못된 생각으로 피해자에게 고통을 안겨드린 점 머리 숙여 사과드린다”며 “캠프 대변인직을 내려놓겠다”고 밝혔다.이들의 사퇴는 전날 피해자 기자회견 이후 박 후보 사과가 피해자 요구와 동떨어져 있다는 지적이 나오자 이를 수습하려는 차원으로 풀이된다. 박 후보는 전날 밤 SNS에 올린 사과문에서 “저희 당 다른 분들에게 하고 싶은 이야기는 모두 제게 해달라. 제가 모든 것을 짊어지고 가겠다”고 밝혔다. 피해자가 ‘피해호소인 3인방’ 의원을 두고 “제게 직접 사과하도록 따끔하게 혼내달라”고 촉구했는데, 박 후보의 메시지는 이를 사실상 거부한 것으로 해석됐다. 당 관계자는 “무엇을 잘못했고 어떻게 할 것인지 구체적 언급이 없었다”며 “사과에 진정성을 담기 위한 내용과 시점, 형식 모두 놓쳤다”고 말했다.박 후보는 고 의원 사퇴에 안타까운 심정을 밝히기도 했다. 이날 SNS에 “고민정. 말없이 글을 남기고 떠난다 한다”며 “통증이 훅 가슴 한쪽을 뚫고 지나간다”고 썼다.사과하면서도 문제 해결에 소극적인 박 후보의 대처에는 여권 지지층 결집을 노린 선거 전략이 자리 잡고 있다는 해석이 나온다. 박 전 시장 사건이 계속 그림자처럼 따라다니는 상황이 부담스럽지만, 강성 지지층에서 박 전 시장 성추행 사건에 ‘반론’이 나오기 때문이다. 실제 박 후보는 이날 한 유튜브 방송에서 “조금 전 댓글을 보니 ‘고 의원 사퇴로 20만표는 날아갔다’고 한다. 그만큼 우리 지지자들이 많이 섭섭해진 것”이라고 말했다.야당 공세가 먹혀든 것처럼 비춰질 우려도 박 후보가 ‘피해호소인 3인방’을 선제적으로 조치 못한 이유로 보인다. 진성준·기동민·천준호 의원 등 ‘박원순 서울시’ 요직에 있던 의원들이 박 후보의 주요 의사결정에 영향을 미치기 때문이라는 의견도 나온다."
954,954,2021.03.18 19:10,"박영선, ‘피해호소인 논란’ 고민정 사퇴에 “아프다”",경향신문,박광연 기자 lightyear@kyunghyang.com,박영선 더불어민주당 서울시장 후보가 18일 고민정 민주당 의원이 박원순 전 서울시장 성추행 피해자에게 사과하며 후보 대변인직을 사퇴한 데 대해 “통증이 훅 가슴 한쪽을 뚫고 지나간다”는 심정을 밝혔다.박 후보는 이날 사회관계망서비스(SNS)에 “고민정. 말없이 글을 남기고 떠난다 합니다. 하늘을 봅니다. 잿빛입니다”라며 이 같이 밝혔다.박 후보는 그러면서 “이렇게 해서라도 치유가 된다면 하루 빨리 해야하지 않겠냐고 고민정 대변인이 저한테 되묻는다”며 “삶이란 것을 다시 생각합니다. 아픕니다”라고 썼다.앞서 이날 고 의원은 SNS에 “제 잘못된 생각으로 피해자에게 고통을 안겨드린 점 머리 숙여 사과드린다”며 박 전 시장 성추행 피해자에게 사과했다. 그러면서 “박영선 캠프 대변인직을 내려 놓겠다”고 밝혔다. 고 의원은 박 전 시장 성추행 사건 발생 당시 피해자를 ‘피해호소인’으로 호칭했다가 2차 가해 논란을 야기한 바 있다.전날 박 전 시장 성추행 피해자는 기자회견을 열고 “저를 피해호소인이라고 명명했던 그 의원들에 대해서 직접 저에게 사과하도록 박영선 후보님께서 따끔하게 혼내주셨으면 좋겠다”며 “그 의원들에 대한 당 차원의 징계가 있어야 한다고 본다”고 요구했다.▶[관련기사] 고민정 “잘못된 생각으로 피해자에게 고통” 사과···박영선 캠프 대변인 사퇴
956,956,2021.03.18 17:18,고민정 “잘못된 생각으로 피해자에게 고통” 사과···박영선 캠프 대변인 사퇴,경향신문,박광연 기자 lightyear@kyunghyang.com,"박원순 전 서울시장 성추행 사건 피해자를 ‘피해호소인’으로 불러 논란이 된 고민정 더불어민주당 의원이 18일 “제 잘못된 생각으로 피해자에게 고통을 안겨드린 점 머리 숙여 사과드린다”고 말했다. 그러면서 박영선 민주당 서울시장 후보 대변인직에서 사퇴했다.고 의원은 이날 사회관계망서비스(SNS)에 “어떻게 해야 피해자의 아픔을 치유해드릴 수 있을까 지난 몇개월 동안 끊임없이 고민해왔다”며 이 같이 말했다. 고 의원은 “한 사람의 여성으로서, 여성 정치인으로서, 엄마로서 함께 보듬어야 할 아픔을 어떻게 위로할 수 있을까 고민하며 숱한 날들을 지내왔다”며 “어떤 시점에 어떤 방식으로 미안함을 전해야 할까 늘 전전긍긍했다”고 말했다.고 의원은 피해자에게 사과하며 “피해자의 일상이 회복될 수 있기를, 이 괴로운 날들 속에서 벗어날 수 있기를 간절히 바란다”며 “직접 만나뵙고 진실한 마음을 전할 수 있기를 바란다”고 말했다. 그러면서 “더불어서 박영선 캠프 대변인직을 내려 놓겠다”고 말했다.고 의원의 사과와 대변인직 사퇴는 박 전 시장 성추행 피해자가 직접 기자회견에 나서 “진정한 사과”를 요구하고 하루가 지나 이뤄졌다. 전날 피해자는 기자회견에서 ‘민주당 선거 캠프에 피해자를 피해호소인으로 지칭한 이들이 소속돼있는데 추가 대응할 계획이 있나’라는 질문에 “이제 그분들이 조치하고 행동하셔야 할 때라고 생각한다”고 말했다.피해자는 그러면서 “저를 피해호소인이라고 명명했던 그 의원들에 대해서 직접 저에게 사과하도록 박영선 후보님께서 따끔하게 혼내주셨으면 좋겠다”며 “그 의원들에 대한 당 차원의 징계가 있어야 한다고 본다”고 말했다. 이날까지 민주당에서 이른바 ‘피해호소인’ 의원들에 대한 징계 절차는 착수되지 않은 상태다."
