,Unnamed: 0,date,title,press,reporter,content
10,10,2021.05.03 16:00,"“윤석열 32% 이재명 23.8%, 이낙연 9%”···대선 지지율 1~2위 격차 한자릿수로",경향신문,박홍두 기자 phd@kyunghyang.com,"내년 차기 대선 주자별 지지율 격차가 좁혀지고 있다는 여론조사 결과가 3일 나왔다. 윤석열 전 검찰총장이 1위를 지키고 있지만 이재명 경기지사가 한자릿수대로 격차를 좁히면서다. 이낙연 전 대표 등 다른 주자들도 뒤를 이었다.리얼미터가 오마이뉴스 의뢰로 지난달 26~30일 2578명을 대상으로 차기 대권주자 선호도를 조사한 결과 윤 전 총장은 32%, 이재명 경기지사는 23.8%로 나타났다고 이날 밝혔다.지난달 같은 조사 결과와 비교하면 윤 전 총장은 2.4%포인트 하락하고 이 지사는 2.4%포인트 올랐다. 두 사람의 지지율 격차는 13.0%포인트에서 8.2%포인트로 줄었다.윤 전 총장은 서울(4.2%포인트), 60대(6.1%포인트), 보수층(4.1%포인트), 진보층(3.3%포인트) 등에서 주로 하락한 반면, 이 지사는 충청(8.1%포인트)과 서울(6.7%포인트), 30대(7.6%포인트)와 50대(4.4%포인트), 진보층·중도층(각 2.8%포인트) 등에서 올랐다.이낙연 전 대표는 지난달보다 2.9%포인트 내린 9.0%로, 2개월 연속 하락했다. 홍준표 무소속 의원은 0.5%포인트 올라 5.0%로 4위를 유지했다.이어 오세훈 서울시장 4.5%, 안철수 국민의당 대표 4.1%, 정세균 전 국무총리 4.0%, 추미애 전 법무부 장관 2.2%, 유승민 전 의원 2.1% 등 순이었다.이번 조사의 표본오차는 95% 신뢰수준에 ±1.9%포인트다. 자세한 내용은 리얼미터나 중앙선거여론조사심의위원회 홈페이지를 참조하면 된다."
174,174,2021.04.25 07:46,"대권주자 이낙연, 회생 가능할까",경향신문,정용인 기자 inqbus@kyunghyang.com,"6월 예비경선과 9월 본경선 관문 통과가 우선 과제“참석하실 겁니다.”지난 4월 20일 서울 여의도에서 열린 ‘생활ESG행동 국민제안’ 행사 전날, 보도자료를 보낸 행사관계자에게 물었다.기자가 받은 행사개최 보도자료에 그의 이름은 언급돼 있지 않았다. 하지만 그의 ‘행보’와 관련된 행사라는 것은 알려진 사실이었다.그? 이낙연 더불어민주당 전 대표다.그러나 이 전 대표는 이날 행사에 모습을 드러내진 않았다. 대신 자막으로 올라간 행사제안자 명단엔 전 국무총리 명의로 이름을 올렸다.이낙연 측 핵심인사는 “5월 1일까지 외부 공개일정에 나서지 않는다는 방침을 정해 행사에 참석하지 않은 것일 뿐”이라고 밝혔다.이 전 대표 측으로서는 ‘재보궐선거 패배의 여운이 채 가시지도 않았는데 전 당대표이자 선대위원장으로서 책임을 져야 할 사람이 본격 대권경쟁에 나서느냐’는 힐난을 피하기 위한 정무적 판단으로 보인다.반면 이날 비슷한 시간, 국회 인근 글래드호텔에서 열린 ‘청소·경비 등 취약 노동자 휴게시설 개선 정책 토론회’에는 또 한명의 대권주자인 이재명 경기도지사가 참여해 재보궐선거 결과와 향후 전망 등 최근 정국에 대한 자기 의견을 기자들과 질의응답형식으로 밝혔다.■ 이낙연 대선정책은 “생활ESG·신복지체제” 조희연 서울시교육감, 홍성국 국회의원, 김정희 아이쿱생협전국연합회 회장, 김은정 소비자기후행동 대표 등이 참여한 ‘생활ESG행동 국민제안’ 행사는 기후변화(Environment)와 사회(Social)위기, 민주주의(Governance) 위기에 대한 대응을 목표로 만들어진 생활ESG행동본부가 주최한 행사였다.재보궐선거 기간이었던 지난 3월 23일 이 전 대표는 중앙대에서 ESG책임국가를 주제로 특별강연을 하기도 했다.당시 주최 측은 “선거기간임에도 불구하고 이 대표가 이 운동의 최초 제안자이기 때문에” 특별강연에 나선다고 밝힌 바 있다.이날 강연에서 그는 “ESG를 정치영역으로 맨 처음 공식 제기한 것이 자신”이라면서 지난 2월 초 교섭단체 공식연설에서 내놓은 이익공유제가 ESG와 관련된 제안이라고 밝혔다.이 강연에서 그는 자신이 구상하고 있는 ‘신복지체제’의 개괄적인 틀도 제시했다. 소득, 주거, 노동, 교육, 의료, 돌봄, 문화체육, 환경 등 8개 삶의 분야에서 국가가 보장해줘야 할 의무적 영역으로 최저기준에서 대한민국 국민이 마땅히 누려야 할 적정기준을 선정해 그쪽으로 가도록 해야 한다는 것이다. 대권조직과 향후 제시할 공약의 개괄적인 틀을 밝힌 것이다.“코로나19 이후 세계가 신기후체제로 가는 것은 이미 예정된 일이다. ESG 문제가 신기후체제의 핵심으로 본 것이다. 기후위기 문제에 대해서 자신의 입장을 명확하게 밝힌 사람은 대권주자 중 이낙연밖에 없는 것으로 알고 있다.”앞의 핵심관계자의 말이다.재보궐선거 패배의 책임론에서 자유롭지 않지만 여의도와 마포 일대에는 이낙연캠프가 여럿 만들어져 활동하고 있다.당대표 경선 때 대산빌딩에 만들어졌던 선거캠프는 이후 연대와 공생이라는 시민단체로 변경돼 활동하다가 최근 위에서 언급한 생활ESG행동본부로 이름을 바꿔 활동하고 있다. 대산빌딩 사무실은 비서나 홍보·전략 부문 캠프가 됐고, 싱크탱크는 정우빌딩에 마련돼 있다.이밖에도 극동빌딩의 행복국가포럼, 예전 새누리당 당사가 있었던 한양빌딩의 정의평화포럼, 진미파라곤 빌딩의 NY포럼, 신태진빌딩의 우분투패밀리, 그리고 최근 극동빌딩으로 옮긴 생활ESG행동본부 등이 여의도에 포진한 이낙연계 단체로 알려져 있다.공개단체만 다섯이다.“적어도 조직이나 세만 놓고 보면 이재명·정세균 등 다른 주자를 이낙연이 압도하고 있는 셈이다.” 앞서 이낙연 측 핵심인사의 말이다.여의도와 별도로 광흥창에는 이낙연계 의원들이 모이는 사무실이 별도로 있다.최근 이 모임과 관련한 흥미로운 보도가 있었다.자가격리를 마친 이 전 대표가 당내 이낙연계 의원 20여명과 만난 자리에서 대권주자로서 문 대통령과 차별화가 필요하다는 의견이 나오자 “문재인 정부에서 절반 이상을 2인자를 했는데 다른 소리를 하는 것은 사기다. 배신할 수 없다”는 반응을 보였다는 것이다. 또한 “자신이 대통령을 안 했으면 안 했지 문재인 대통령을 지키겠다”고 밝힌 것으로 알려졌다.현재까지 뚜렷한 후보자가 없는 친문의 대표주자로 나서겠다는 것일까.■ “문 대통령 지키겠다” 발언 왜 했나 이 전 대표 측 또 다른 핵심인사는 “그냥 여담이라 생각하고 들어주면 좋겠다”며 다음과 같이 밝혔다.“일단 대선으로 가는 1차 관문은 당내 경선이다. 솔직히 거기서 떨어지면 본선에 못 가는 건 당연한 것 아닌가. 대권주자로서 자기경쟁력을 보여주기 위해서는 차별화가 필요하지만 기존에 같이해온 그룹들과의 공동보조는 맞추면서 가야 하는 딜레마가 있다.”정책에서 차별화라고 했지만 그간 이 대표로서 자신을 드러낼 기회는 거의 없었다고 이 인사는 덧붙였다.“총리를 하면서 다른 의견을 내거나 행동을 하는 것은 부자연스럽다. 대표가 되면 자유로울 줄 알았는데, 코로나 시국이 겹치면서 국난극복이라는 과제가 떨어졌다. 선거에 진 뒤도 마찬가지다. 패장이 무슨 할 말이 많냐, 이런 비판이 나올 수 있다는 것 역시 잘 알고 있다.”“한두 차례 변곡점은 있을 것이다. 5월 2일 전당대회가 끝나면 여러 후보가 공식출마할 것이다. 당헌당규에 따르면 6월에 예비경선을 하고 9월에 본 경선을 하는데, 아마 누구도 1차에서 과반을 받기는 힘들 것이다.”안일원 리서치뷰 대표의 말이다. 예비경선과 본경선 사이가 첫 변곡점이라면 본경선 결선투표가 두 번째 변곡점이라는 것이다.“예비경선 때 대권후보를 6인 이하로 컷오프를 하도록 돼 있다. 이 6명 중에 의외의 후보가 예비경선을 통과하게 된다면 돌풍을 일으키는 후보로 주목을 받으면서 변곡점이 만들어질 수 있다. 둘째, 본 경선에서 과반이 안 나오면 결선투표를 하는데 3위 이하의 후보들이 어느 후보와 연대하느냐가 또 하나의 변곡점이 될 것이다.”이낙연 전 대표의 경우 재보궐선거 참패에 가장 큰 책임이 있고 현재 원탑으로 선두를 달리고 있는 이재명 지사에 밀리겠지만 경선룰에 따라 최종후보가 될 수 있는 가능성은 남아 있다는 것이다.■ 사면론·총선패배 책임 넘어설 수 있을까그러나 기자가 접촉한 대부분의 정치평론가·선거컨설턴트는 이 전 대표의 회생 가능성은 쉽지 않다는 진단을 내리고 있다.“대권주자로서 이낙연의 가장 큰 문제는 민주당 핵심지지층 40대와 소통키워드가 없다는 것이다. 사면론의 경우도 집권 후반기에 가면 탄력을 받을 수 있지만, 설사 탄력을 받더라도 그것이 이낙연 지지로 이어지기는 어렵다.”(엄경영 시대정신연구소 소장)“지금은 이낙연 조직이 탄탄하더라도 그 조직들 대부분은 이낙연 대권지지율이 40%대까지 올라갔을 때 만들어진 것이며, 이번 선거결과를 보면 당내 친문 지지 흐름을 업어 자기 것을 만들려고 한다고 하더라도 그 공백을 메꿀 수 있는 역량이 있는지 의문이 들 수밖에 없다.”(박신용철 더체인지플랜 선임연구위원)시사평론가 유창선 박사는 지금대로라면 내년 대선은 “2007년 대선 때 상황이 재연될 가능성이 높다”고 전망했다.“2007년 당시 현 민주당 쪽의 후보가 정동영으로 결정되자 당시 집권세력이었던 친노는 사실상 손을 놓으면서 정권 재창출에 실패했다. 이번 재보궐선거를 경과하면서 친문들 사이에서 이낙연 책임론·회의론이 확산된 마당에서 과거의 지지율을 다시 회복하기는 어렵다고 본다.”유 박사는 “한편으로 임종석 전 비서실장 같은 인사가 친문과 586을 망라해 출마하려는 움직임을 보이는데, 그 역시 지난 재보궐선거 민심을 악화시킨 장본인으로서 반향이 얼마나 있을지는 회의적”이라고 덧붙였다.과거 고 노무현 전 대통령 후원회장을 맡았던 이기명씨나 김종인의 복심으로 불렸던 최운열 전 의원 등이 현재 이낙연 전 대표와 함께하고 있는 인물들이지만 정치적으로 운명을 같이할 사람들의 부족도 이 전 대표의 약점으로 거론되고 있다.“지금보다 더 인재를 널리 구해야 한다. 완벽주의는 무기력을 초래한다. 자신의 이너서클, 참모들이나 같이하는 사람들이 본인의 눈높이에 못 미칠 수는 있다. 그러나 그들이 주요한 업무를 분장해 전략을 세우게 해야 한다. 후보가 너무 완벽주의를 추구한다는 이야기를 들었다. 얼핏 듣기로는 책을 낼 계획이었지만 책도 마무리 못 했다고 들었다. 그 정도로 까다롭다. 그러면 참모들이 창의성이나 역동성을 가지고 일하는 건 쉽지 않다. 국가를 운영하는 리더를 만드는 것은 자신과 뜻을 같이하는 크고 작은 동지들을 만드는 것이 아닌가.”만약 평가를 떠나 ‘선거컨설턴트로서 대권주자 이낙연 후보에게 조언을 한다면 어떤 말을 할 것이냐’는 물음에 대한 안일원 대표의 답이다."
346,346,2021.04.16 16:31,이낙연 “서로 존중” 도종환 “조금 절제”···강성당원에 잇따른 ‘자제’ 메시지,경향신문,박광연 기자 lightyear@kyunghyang.com,"더불어민주당의 유력 대권 주자 중 한명인 이낙연 전 대표가 16일 “우리 내부의 분열주의적 기류를 억제하며, 서로를 아끼고 존중해야 한다”고 말했다. 도종환 비상대책위원장도 “절제하고 서로 경청하고 포용하자”고 말하는 등 이른바 ‘강성 당원’의 자중을 촉구하는 메시지가 잇따라 나오고 있다.이 전 대표는 이날 사회관계망서비스(SNS)에 “민주당의 우선 목표는 문재인 정부의 성공과 차기 민주당 정부로의 계승, 발전”이라며 “이 목표 앞에 우리는 서로의 작은 차이를 용납하고 하나로 융화돼야 한다”고 밝혔다. 그러면서 “우리 내부의 분열주의적 기류를 억제하며, 서로를 아끼고 존중해야 한다”고 밝혔다.이러한 발언은 강성 당원들에 ‘자제’를 요청하는 취지로 해석된다. 20·30대 의원들은 재·보궐 선거 패배 ‘반성문’에서 이른바 ‘조국 사태’를 거론했다가 지지층들로부터 ‘초선 5적’으로 지목돼 ‘문자 폭탄’과 같은 고초를 겪고 있다. 당 내에서는 강성 당원들의 이러한 ‘실력 행사’가 건강한 토론과 소신발언을 가로막는다는 비판이 제기된다.이 전 대표는 “우리는 재·보선 패배의 아픔을 겪으며 당 안팎의 많은 의견을 들었다”며 “실패를 복기하고 발전을 모색하는 논의는 활발하게 진행돼야 한다”고 밝혔다. 그러면서 당원들을 향해 “변함없이 우리를 지지해줬던 헌신을 기억한다”며 “이번에 우리에게서 마음을 돌렸던 분들의 선택을 깊이 헤아려야 마땅하다”고 말했다.이날 윤호중 신임 원내대표가 선출되기 전까지 당의 수장이었던 도 비대위원장도 ‘절제’를 당부했다. 도 비대위원장은 이날 오전 열린 원내대표 선거 모두발언에서 “사랑하는 당원 여러분께 한 말씀 드린다”며 운을 뗐다. 도 비대위원장은 “패배 앞에 조금 절제합시다. 절제하는 것도 깊어지는 것”이라며 “서로 경청합시다. 경청하는 것은 존중하는 것”이라고 말했다. 그러면서 “서로 포용합시다. 포용하는 것은 더 커지는 것”이라고 강조했다.도 비대위원장은 “동지 여러분의 충정과 헌신을 충분히 이해한다‘며 ”여러분의 무한한 애정을 빠짐없이 담아내고 더 적극적으로 일하겠다“고 말했다. 아울러 ”변화를 위한 다양한 의견들이 분출되고 있다“며 ”당은 이 모두를 용광로처럼 녹여내야 한다“고 말했다.당 일각에서는 강성 당원들 주장에 더 귀기울여야 한다는 목소리도 나온다. 당내 강경파로 평가되는 김용민 의원은 이날 국회에서 최고위원 출마선언 뒤 기자들과 만나 “민주당이 어떤 정책을 펼치거나 개혁을 할 때는 당원을 이해하고 설득하는 것부터 시작해야 국민을 설득할 수 있다”고 말했다.김 의원은 20·30대 의원들을 향한 강성 당원들의 ‘과격한 반발’에 대해 “당원들도 그들의 입장을 표명한 것”이라며 “민주당 의원들이 (그동안) 당원과 소통하고 (이들을) 설득하는 과정이 부족한 것이 아닌가 생각한다”고 말했다. 재·보선 패배와 ‘조국 사태’의 연관성에 대해서는 “그 부분을 다시 끄집어 낼 필요는 없다”며 “지금은 무엇을 할 수 있을 것인가에 더 중요한 방점을 찍어야 한다”고 선을 그었다."
378,378,2021.04.15 14:15,"자가격리 풀린 이낙연 “당심 표현, ‘절제의 범위’ 지켜야”",경향신문,김상범 기자 ksb1231@kyunghyang.com,"이낙연 더불어민주당 전 대표가 코로나19 자가격리가 해제된 15일 “재보선 패배는 아프고 민주당이 직면한 과제들은 무겁다”라며 “더 낮은 자세로 국민의 삶 속으로 들어갈 것”이라고 밝혔다. 이 전 대표는 민주당 초선의원들을 향한 강성 당원들의 ‘문자 폭탄’ 사태에 대해서는 “절제의 범위를 지키도록 노력해야 한다”라고 말했다.이 전 대표는 이날 페이스북에 쓴 글에서 “집에 머물며 4·7 재·보궐선거를 함께 뛰어주신 의원과 당원들께 전화로 감사와 사과를 드렸다”라며 “기대와 도움에 부응하지 못한 터에 그런 전화를 드리자니 면목이 없었다”라고 말했다. 재보선에서 민주당 상임선거대책위원장을 맡았던 이 전 대표는 선거 당일인 지난 7일 배우자가 코로나19 확진자와 접촉한 사실이 알려져 자가격리에 들어갔다. 자가격리는 이날 해제됐다.이 전 대표는 “재보선 패배는 아프고 민주당이 직면한 과제들은 무겁다”라며 “그래도 민주당은 국민께서 주신 뜻을 살피고 국민의 신뢰를 회복할 역량과 각오를 갖고 있다고 저는 믿는다”라고 말했다. 그러면서 그는 “저는 당원의 한 사람으로서 민주당이 반성과 쇄신을 통해 국민의 신임을 다시 받는 일에 저의 모든 힘을 보태겠다”라며 “더 넓게 뛰고, 더 많은 분들을 만나 말씀을 듣겠다”라고 말했다. 선거 패배 직후 이 전 대표는 여의도 정치에 당분간 거리를 두고 국민과의 소통에 나설 것이라고 밝힌 바 있다.이 전 대표는 이날 자택에서 나오며 기자들과 만나 ‘당심과 민심이 괴리됐다는 지적이 있다’는 질문에 “당심은 하나가 아니다”라며 “그래서 당심과 민심이 크게 다르다고 보지 않는다”라고 말했다. 다만 그는 “당심도 여러 갈래로 나타나고 있는데, 그것을 표현할 때는 사실에 입각해 절제있게 표현하는 것이 당을 위해서 좋겠다고 판단한다”라고 말했다. 그러면서 “그러나 어떻든 그런 당원들 의견은 존중돼야 한다고 생각한다”라고 말했다.강성 ‘친문(재인)’ 성향의 당원들이 ‘조국 반성문’을 쓴 초선 의원들에게 항의 문자 등 집단행동에 나선 데 대해 이 전 대표는 “절제의 범위를 지키도록 노력하는 것이 설득력을 얻는 데 도움이 될 것”이라고 말했다."
490,490,2021.04.08 17:52,내상 입은 이낙연 가라앉고…당분간 이재명 독주 가능성,경향신문,김상범 기자 ksb1231@kyunghyang.com,"여권 내 대선 구도 변화‘선거 지휘’ 이 위원장 입지 축소이 지사, 본격적인 시험대에 올라일각선 일시적 ‘반짝효과’ 전망도4·7 재·보선 패배로 여권 내에서는 이재명 경기지사(사진)의 ‘독주’ 구도가 한동안 이어질 것으로 예상된다. 선거를 진두지휘했던 이낙연 상임선거대책위원장이 상처를 입으면서 그 반사이익을 누리게 되는 셈이다. 이 지사 앞에 놓인 과제도 한층 복잡해졌다. 대선 주자로서의 리더십 및 중도층 확장성 검증 등 본격적인 시험대 위에 서게 된 것이다. 이 같은 상승 효과가 ‘반짝 효과’에 그칠 거라는 전망도 있다.민주당 내에서는 이번 선거 결과로 기존 대권 지형에서 이 지사가 가장 큰 수혜를 입을 것이라는 분석이 우세하다. 선거 패배로 이낙연 위원장의 입지가 더욱 추락하면서 이 지사의 1강 구도가 한층 선명해졌다.이 지사에 대한 주목도가 높아지는 것이지만, 동시에 그에 대한 여권 내 검증도 까다로워질 것으로 관측된다. 민주당 내에서는 조직 기반이 취약한 이 지사의 리더십에 대한 의문부호가 따라붙는다. 중도층 확장성도 도마에 오를 수 있다. 이번 재·보선을 통해 대선의 풍향계나 다름없는 중도층이 민주당식 개혁 기조에 강한 반감을 품고 있다는 사실이 확인되면서, 다소 급진적인 ‘기본정책 시리즈’로 입지를 다져온 이 지사가 얼마만큼 본선 경쟁력을 보일지에 대한 지적이 나올 수 있다.친문(재인) 주류와의 제휴도 관건이다. 2017년 대선 경선 과정에서 친문과 벌인 감정싸움의 앙금이 남아 있는 이 지사에게는 이들과의 화해 내지는 암묵적 승인이 필수적이다. 김경수 경남지사나 이광재·김두관 의원 등도 친문의 ‘유효 카드’로 분류된다. 반면 친문에게 이제 선택지가 얼마 남지 않았다는 반론도 있다. 문재인 대통령이 이번 재·보선 패배 등 ‘임기 말 현상’에 시달리고 있는 상황에서 대통령 지지율에 연동되지 않고 홀로 상승가도를 달리는 이 지사 외에는 정권 재창출의 방도가 없다는 ‘대안부재론’이 나오는 것이다.이 지사는 일단 ‘정중동’ 기조다. 이 지사는 8일 사회관계망서비스(SNS)에 “준엄한 (선거) 결과를 마음 깊이 새기겠다”며 “당의 일원으로서 무거운 책임감을 느낀다. 국민께 더 가까이 다가가고, 더 절박하게 아픔을 나누고, 문제 해결을 위해 더 치열하게 성찰하겠다”고 썼다. 패배 이후 지도부 총사퇴 등 숨가쁘게 돌아가는 당내 상황과 거리를 두면서도 승기를 잡기 위한 시점과 전략을 저울질하고 있는 것으로 보인다. 지금의 반사이익이 일시적 현상에 그칠 수 있다는 신중론도 깔려 있다. 이 지사와 가까운 여권 인사는 통화에서 “이낙연 위원장이 주저앉았다고 이 지사에게 좋을 것은 거의 없다”며 “당분간 방역·민생 등 도지사로서의 기본기에 전력을 기울이는 게 유리할 수 있다”고 말했다."
503,503,2021.04.08 09:07,이낙연 “민심 겸허히 수용하고 성찰의 시간을 갖겠다”,경향신문,박홍두 기자 phd@kyunghyang.com,"이낙연 더불어민주당 상임선거대책위원장은 8일 4·7 재·보선 참패와 관련해 “민심을 겸허히 수용하고 성찰의 시간을 갖겠다”고 밝혔다.이 위원장은 이날 자신의 사회관계망서비스(SNS) 글을 통해 “존경하는 국민 여러분의 결정을 무겁게 받아들인다”며 이 같이 말했다.이 위원장은 “저희들이 부족했다. 국민의 실망과 분노를 제대로 헤아리지 못했다. 국민의 삶의 고통을 충분히 살피지 못했다”고 했다.이어 “저의 책임이 크다”며 문재인 정부 첫 국무총리, 더불어민주당 대표와 선거대책위원장으로 제가 부족했다. 당원과 지지자를 포함한 국민 여러분께 사과드린다”고 밝혔다.그러면서 이 위원장은 “성찰의 시간을 갖겠다”며 “대한민국과 민주당의 미래를 차분히 생각하며 낮은 곳에서 국민을 뵙겠다. 민주당 또한 반성과 쇄신의 시간을 갖게 될 것”이라고 했다."
509,509,2021.04.08 02:01,"[4·7 재보선]‘책임론’ 이낙연, 대권 가도 먹구름",경향신문,김상범 기자 ksb1231@kyunghyang.com,"당헌 고쳐가며 보선에 후보 내고선대위원장으로 선거전 총지휘패배로 지지율 반등 모멘텀 상실9월 민주당 대선 경선 ‘약점’ 될 듯4·7 서울·부산 시장 보궐선거에서 여당이 패배하면서 이낙연 더불어민주당 상임선거대책위원장의 대권 가도에도 먹구름이 끼었다. 당장 오는 9월 예정된 민주당 대선 후보 경선을 앞두고 ‘이낙연 책임론’은 큰 약점으로 작용할 것으로 보인다.이 위원장은 정치적 타격을 피할 수 없게 됐다. 그는 당대표 재임 당시 민주당에 귀책 사유가 있는 보궐선거에는 후보를 내지 않는다는 당헌·당규까지 고쳐가며 박영선·김영춘 후보를 서울과 부산에 공천했다. 대표직에서 물러난 뒤에는 상임선대위원장으로 선거전을 총지휘했다. 이번 보선이 이 위원장에게는 이재명 경기지사에게 추월당한 대선주자 지지율을 상승시키고 당내 입지도 회복할 수 있는 ‘승부수’라는 평가가 나왔다.하지만 서울·부산 두 곳 모두 야권에 넘겨주면서 이 위원장은 기대했던 반등 모멘텀을 잃어버리게 됐다. 선거에 깊숙이 개입했던 만큼 이 위원장은 ‘책임론’ 후폭풍을 감내해야 할 것으로 보인다. 그가 대선에 나가기 위해 지난달 9일 대표직에서 중도 하차한 데 따라 현재 민주당은 김태년 대표 직무대행 외에는 선거 패배에 책임을 질 ‘수장’이 부재한 상태다. 당 일각에서는 혼란 국면을 수습하기 위한 최고위원 등 지도부 총사퇴와 비상대책위원회 구성 등의 목소리도 나오고 있다.한 민주당 의원은 “(이 위원장의) 데미지가 작지 않을 것”이라며 “단순히 내부 대권 구도에서만 흔들리는 것이 아니라, 유권자를 상대로 한 여론조사에도 반영될 것으로 본다”고 말했다. 내년 3월로 예정된 대선까지의 당내 레이스를 치명상을 안고 시작하는 셈이다. 이 위원장의 입지가 흔들리면서 반대로 이재명 지사의 ‘독주’ 체제가 공고해질 것으로 관측된다.다만 선거 패배 책임을 오로지 이 위원장 개인에게만 지우는 것이 온당하냐는 반박도 나온다. 이 위원장과 가까운 한 인사는 “당 입장에서는 갑자기 한국토지주택공사(LH) 파문이라는 ‘벼락’을 맞은 상황이었다. 이 위원장에게만 화살을 돌릴 수 있겠느냐”고 말했다. 오히려 이번 선거를 통해 강한 ‘정권 심판론’ 정서를 확인하면서, 중도·온건 이미지를 지닌 이 위원장에 대한 기대감이 높아질 거라는 의견도 나온다. 이 위원장은 선대위원장직에서 물러난 뒤 조만간 대권 준비에 본격 착수할 것으로 보인다. 이미 서울 여의도 국회 인근과 마포구 광흥창 일대 곳곳에 이 위원장 대선 캠프 사무실이 꾸려져 정책·홍보 등 밑작업을 추진 중인 것으로 알려졌다."
542,542,2021.04.07 19:52,"이낙연, 또 자가격리…상황실 못 가고 자택서 개표 본다",경향신문,탁지영 기자 g0g0@kyunghyang.com,"이낙연 더불어민주당 상임선거대책위원장이 4·7 재·보궐선거 당일인 7일 자가격리에 들어갔다. 이 위원장은 이날 저녁 여의도 당사에 마련된 개표상황실에 나갈 예정이었으나 자가격리로 인해 자택에서 개표 상황을 보게 됐다.민주당 공보국은 “이 위원장의 부인이 밀접접촉자로 분류돼 15일까지 자가격리에 들어간다”며 “이 위원장도 질병관리청의 권고에 따라 부인과 함께 자가격리에 들어간다”고 밝혔다.민주당은 “이 위원장의 자가격리가 의무사항은 아니지만, 질병관리청은 밀접접촉자의 검사 결과가 음성이더라도 동거인도 함께 자가격리할 것을 권고하고 있다”고 설명했다.이 위원장의 부인은 이날 오전 코로나19 검사를 받았고, 오후에 음성 판정을 받았다."
581,581,2021.04.06 11:28,재·보선 하루 앞두고 이낙연이 떠올린 ‘2002 대선의 추억’,경향신문,윤승민 기자 mean@kyunghyang.com,"이낙연 더불어민주당 상임선거대책위원장이 4·7 재·보궐선거를 하루 앞두고 ‘2002년 대선’을 언급하며 의원들에게 투표참여를 독려해달라고 말했다.이 위원장은 6일 화상으로 진행된 의원총회에서 “우리가 한 표 차로 이긴다면 여러분 덕분이라는 생각을 가질 수 있도록 주위에 투표 참여를 독려해달라”며 2002년 대선 때의 이야기를 꺼냈다.이 위원장은 “당시 저는 대변인으로 투표 당일에도 중앙당을 지켜야 할 처지였다”며 “제 주민등록은 지역구인 전남 영광에 돼 있었다”고 말했다. 이 위원장은 “투표 당일 어떻게 할까 고민했다. 다녀오려면 반나절 이상이 필요했다”며 “그 때 고민했던 것은 ‘ 한 표 차로 진다면 내가 고향에 가지 않은 것 때문일 것 같다’는 점이었다”고도 말했다.이 위원장은 “그래서 중앙당을 비워두고, 비행기 타고, 승용차 갈아타고 투표했다. 투표하자마자 다시 돌아와 투표 마감시간에 중앙당에 정위치했다”며 “돌아오면서 ‘한 표차로 이긴다면 내 덕분이라고 생각할 수 있겠구나’라는 마음을 가졌던 기억이 난다”고 말했다. 이 위원장은 “왜 그 때가 생각나는지 다들 아실 것이다. 오늘밤, 내일 투표 끝날 때까지 최선을 다하자”며 “내일 선거가 지나고 나더라도 의원들끼리 서로에게 감사하는 마음을 가졌으면 한다”고 말했다."
584,584,2021.04.06 10:13,이낙연 “김종인 위원장님 말씀 주목해야···”? ‘박빙 승부’ 예상,경향신문,박홍두 기자 phd@kyunghyang.com,"이낙연 더불어민주당 상임선거대책위원장은 6일 4·7 재·보궐 선거 결과와 관련해 “김종인 위원장님이 5~7% 차이를 말씀하신 것을 주목해야 한다”고 말하며 박빙 승부를 예상했다.이 위원장은 이날 CBS 라디오 <김현정의 뉴스쇼>에 출연해 선거 결과 예상을 묻는 질문에 “여론조사는 20% 정도의 차이가 있었는데 김 위원장님은 5 내지 7%를 말씀했다”며 “보통은 정치인들은 유리한 여론조사 결과는 그대로 얘기하는데 역시 경륜이 있으신 분이라 그렇게 말씀하신 것 같다”고 말했다. 본격적인 선거 기간 전 김 위원장이 선거 판세를 예상했던 것을 인용해 ‘박빙 승부’로 결론이 날 것이라고 밝힌 것이다.그러면서 이 위원장은 “3% 내외의 박빙 승부, 그것을 꽤 오래 전부터 예측을 했다”며 “말하지 않던 우리 지지자들이 말하기 시작했다. 표현하기 시작했다”고 말했다. 이른바 ‘샤이 진보’라는 숨은 표심이 발동하고 있다고 분석한 것이다.이 위원장은 4·7 재보선과 관련한 언론 보도들에 대해선 “지나치다”면서 “이번 선거에 대한 언론의 보도 태도도 한번은 검증 대상이 될 것”이라고 지적하기도 했다. 국민의힘 오세훈 서울시장 후보의 내곡동 처가 땅 셀프보상 의혹에 대해 언론이 제대로 짚어주지 않는다는 불만을 드러낸 것이다.이 위원장은 이른바 ‘생태탕 논쟁’이 정책 이슈를 덮어버렸다는 지적에 대해선 “언론들이 정책 이야기를 많이 보도해달라”며 “내곡동 이야기가 중요한데 이걸 너무 쉽게 생각하는 것 같다”고 말했다.또 이 위원장은 부동산 정책 보완과 관련해 “부동산 시장 안정을 해치는 정책은 지극히 신중해야 한다”며 2·4 공급대책을 일관되게 추진해야 한다는 입장도 밝혔다. 이어 “2·4 대책에 더 얹을 수 있다면 청년층 등 생애 최초 주택 구입자의 경우 금융규제를 획기적으로 완화할 수 있다”고 했다.박영선 후보가 공약한 토지임대부 방식의 반값아파트에 대해서도 “적극적으로 검토해 도입할 필요가 있다”고 했다. 박 후보의 ‘공시지가 인상률 10% 상한’ 공약에 대해선 “구체적인 협의는 없었지만, 기왕 후보가 말했으니 협의를 해야 한다”고 말했다.야권의 유력 대권주자로 떠오른 윤석열 전 검찰총장에 대해선 “아직은 별로 드러내는 것이 많지는 않지만, 언젠가는 드러날 것”이라며 “국민의 차분한 검증을 거쳐야 한다”고 말했다."
594,594,2021.04.05 21:12,이낙연 “박빙 승부” 김종인 “변수는 없다”,경향신문,박홍두,"사전투표율·여론 동향 놓고여야, 제각각 자기식 해석4·7 재·보궐 선거를 이틀 앞둔 5일 여야는 여론 추이를 놓고 제각각 다른 해석을 하며 맞붙었다. 더불어민주당은 “박빙 승부가 펼쳐지고 있다”고 한 반면, 국민의힘은 “변수는 없다”며 승리를 자신했다.역대 재·보선 최고치를 기록한 사전투표율과 여론 동향을 놓고 여야의 해석은 이날도 엇갈렸다.서울·부산 시장 선거에서 여론조사 공표금지 기간 전까지 ‘열세’를 보였던 민주당은 높은 사전투표율이 ‘지지층 결집’의 결과라고 재차 강조하며 박빙 승부를 예고했다. 이낙연 상임선거대책위원장은 국회 중앙선대위 회의에서 “승부는 투표가 끝나는 순간에 판가름날 것”이라며 “한 표 한 표가 더 절실해졌다”고 말했다. 최인호 수석대변인도 “후보 검증이 본격화되면서 중도성향의 민주당 지지자들이 박영선, 김영춘 후보(지지)로 회귀하고 있다”며 “결국은 피 말리는 ‘1% 싸움’으로 갈 것”이라고 말했다.박영선 서울시장 후보는 이날도 강서·금천·관악·동작·영등포 등 전통적으로 민주당 지지세가 강한 지역을 주로 찾으며 지지층을 최대한 결집하는 데 주력했다.반면 국민의힘은 사전투표 이후 서울·부산 모두에서 승기를 잡았다며 유권자들을 향해 ‘대세론’을 부각하고 나섰다. 김종인 비상대책위원장은 국회에서 기자들과 만나 “이번 사전투표율이 과거보다 높은 것은 정부에 대한 분노의 표시”라며 “남은 이틀간 특별한 변수는 있을 수 없다”고 말했다. 김 위원장은 또 “여당은 네거티브 전략만 쓰는데, 유권자가 그런 것에 속을 정도로 바보가 아니다”라고 강조했다.국민의힘은 민주당의 각종 의혹 제기를 ‘네거티브’로 치부하면서 전통적 지지층인 중·장년층 표심에 호소하는 전략에 집중하고 나섰다. 오세훈 서울시장 후보는 양천·송파·강동구 등 박 후보에 비해 상대적으로 강한 한강 이남을 중심으로 유세를 벌였다."
604,604,2021.04.05 10:32,이낙연 “박빙의 승부로 가고 있다”···지지층 결집 유도,경향신문,곽희양 기자 huiyang@kyunghyang.com,"이낙연 더불어민주당 상임선거대책위원장이 5일 “높은 사전투표율과 유세 호응에서 서울·부산 선거가 박빙의 승부로 가고 있다고 직감했다”고 밝혔다. 국민의힘에 비해 민주당이 크게 뒤지고 있는 여론조사가 나온 상황에서 ‘팽팽한 승부’를 강조해 지지층 결집을 꾀하려는 발언으로 풀이된다.이 위원장은 이날 국회에서 열린 민주당 중앙선거대책위 회의에서 “당원, 지지자 여러분이 투표장에 한 분이라도 더 모시도록 끝까지 노력해달라”며 이 같이 말했다.이 위원장은 집값 폭등·한국토지주택공사(LH) 사태 등으로 가열된 ‘부동산 민심’을 향해 “부동산 문제를 바람직하게 해결할 수 있는 정책 기조를 가진 정당이 민주당”이라고 말했다. 그는 이어 “야당 서울시장 후보가 내놓은 공약들은 투기 광풍을 다시 몰고 올 우려가 너무나 농후하다”고 밝혔다. 오세훈 국민의힘 서울시장 후보의 신속한 재개발·재건축을 공약을 견제한 것이다.이 위원장은 이어 “민주당은 서민·중산층을 돕고 사회적 약자를 먼저 생각하는 정당이다. 잘못도 있지만 그래도 스스로 그것을 드러내고 고치는 정당은 민주당뿐”이라며 “민주당 정부의 공과를 정당하게 평가해달라”고 호소했다.이 위원장은 또 오 후보의 ‘내곡동 땅 셀프 특혜’ 의혹에 대해 “결정적 증언이 또 나왔다”며 “(오 후보의)기억이 없다면, 다른 사람의 기억도 존중해주시면 되고 그앞에서 겸손하면 된다”고 말했다. 앞서 오 후보가 보금자리주택지구 지정 이전에 측량 현장에 있었다는 증언이 재차 나온 바 있다."
665,665,2021.04.01 17:32,오세훈을 오세훈이라 안부르는 이낙연···오직 “이런 양반” “어떤 사람” 왜?,경향신문,박광연 기자 lightyear@kyunghyang.com,"더불어민주당의 4·7 서울시장 보궐선거를 진두지휘하는 이낙연 상임선대위원장의 현장유세에서는 ‘오세훈’이라는 이름 석자를 들을 수 없다. 오세훈 국민의힘 서울시장 후보의 각종 언행을 비판할 때 오 후보를 지칭하는 말은 “어떤 양반” “어떤 사람” 등과 같은 ‘3인칭 표현’ 뿐이다. 이 위원장이 ‘오세훈을 오세훈으로 부르지 않는’ 이유는 무엇일까.이 위원장은 박영선 민주당 서울시장 후보의 당선을 위해 밤낮으로 서울 곳곳에서 유세차에 오르고 있다. 박 후보의 이력과 업적, 능력을 강조하며 오 후보의 자질과 각종 논란을 문제삼는 것이 이 위원장 현장 연설의 ‘공식’이다.이 위원장의 오 후보 비판은 ‘내곡동 땅 논란’과 ‘무상급식 반대 논란’, ‘정권심판만 강조하며 일 못할 시장’이라는 내용에 초점이 맞춰져있다. 누가 봐도 오 후보와 관련된 내용이지만 이 위원장은 ‘오세훈’이라는 이름 석자는 연설문에서 지웠다.대신 오 후보를 가리키는 표현은 주로 “양반”이다.“이 시기에 부동산이 의심스러운 양반, 그리고 날마다 거짓말을 계속하다보니 자기도 어디로 가고 있는지 모를 정도가 되어버린 이런 양반. 미안하지만 지도자로서는 흠이 너무 크다고 생각한다”(지난달 31일 광진구 현장연설), “지도자가 되겠다는 양반이 부잣집 아이들은 ‘자제분’, 가난한 집 아이들은 ‘아이들’이라고 부르는 것은 어디서 나온 건가. 이렇게 뭔가 차별적인 생각을 자기도 모르게 갖고 있는 양반은 곤란하다”(지난달 31일 구로구 현장연설) 등 발언이 대표적이다.“어떤 사람은 당신이 시장하던 시절로 돌아가야겠다고 한다. 미안하지만 가려면 혼자 가십시오. 그때가 10년 전인데 그때로 돌아가서 뭐 어떻게 하자는 건가. 초등학생 급식 다시 빼앗자는 건가”(지난달 31일 강서구 현장연설)처럼 오 후보를 종종 “사람” “당신”으로 지칭하기도 했다.이러한 ‘3인칭’ 표현 방식은 이 위원장 특유의 화법이라는 것이 당 관계자들의 전언이다. 이른바 ‘좋은 얘기’를 할 때는 해당 인물의 이름을 하나하나 기억해서 부르지만, 누군가를 비판하는 등의 ‘안 좋은 얘기’를 꺼낼 때에는 실명을 언급하지 않는다는 설명이다. 이 위원장이 “제가 남 흉보는 것을 좋아하는 사람이 아니다. 우리 지지자들이 시원시원하게 야단 좀 치라고 하는데 잘 안된다”(지난달 30일 성북구 현장연설)라고 말한 것도 이러한 맥락으로 해석된다.이 위원장 측은 확대 해석에 선을 긋지만 현재 여당에 ‘열세’인 선거 판세를 감안할 때 이러한 화법에는 정치적 의미도 담겼다는 해석이 나온다. 오 후보를 비판하되 지지율 선두를 달리는 ‘오세훈’이라는 이름이 유권자들에게 각인되지 않게 하려는 모습으로 보인다.반면 ‘박영선’이라는 이름을 부각하며 오 후보와 차별화를 시도하고 있다. “제가 어떤 양반 얘기 자세히 안하겠다. 이 말씀은 분명히 드린다. 박영선은 내곡동 땅 없다”(지난달 30일 동대문구 현장연설), “어떤 양반은 초등학생도 밥 주지 말자 그러는데, 우리 박영선씨는 그러지 말고 유치원부터 밥 좀 주자 이렇게 하고 있다”(지난달 31일 구로구 현장연설) 등이다.내년 대통령 선거에 출마하려는 이 위원장에게 4월 서울시장 보궐선거는 중대한 ‘변곡점’으로 평가된다. 지난해 민주당이 당헌을 바꾸면서까지 서울·부산시장 후보를 내기로 결정한 것은 당시 당 대표였던 이 위원장의 ‘정치적 결단’이었다. 결국 선거 결과가 이 위원장의 성과 또는 책임과 연결되며 지지율이 상승하거나 하락할 수 있다는 의미다. 당내에서는 보궐선거 승리의 마지노선으로 ‘최소 서울시장 확보’를 꼽는 목소리가 다수다. 그만큼 이 위원장에게 ‘박영선 후보 당선’이 절박할 수밖에 없다."
679,679,2021.04.01 10:37,"김종인, 부동산 문제에 ‘후회한다’ 이낙연 향해 “후회는 끝”",경향신문,심진용 기자 sim@kyunghyang.com,"김종인 국민의힘 비상대책위원장이 전날 이낙연 더불어민주당 공동 상임위원장이 부동산 문제에 대해 “후회된다”며 대국민사과한 것에 대해 “정치에서 후회라는 것은 끝을 의미한다”고 쏘아붙였다.김 위원장은 1일 중앙선대위회의에서 “여당 선대위원장이 부동산 정책이 여당 실패라고 자인을 하고 후회하는 듯한 모습을 보였다”며 이같이 말했다. 김 위원장은 “왜 정부가 솔직하게 부동산 정책 실패를 자인하지 않고 선거 앞두고 그거 체면치례로 실패 자인하는 행위는 국민이 납득할 수 없다”고 덧붙였다. 그는 이어 “정부는 보다 근본적으로 부동산 정책을 앞으로 어떻게 실시하겠다는 대책을 마련해서 제시해야한다”면서 “모든 공무원을 마치 부동산 투기 범죄자처럼 다루는 어리석은 일은 삼가주시기 바란다”고 말했다.김 위원장은 김상조 전 청와대 정책실장에 이어 전날 박주민 민주당 의원의 월세 인상 논란이 불거지자 “대한민국 정책을 총괄한다고 하는 정책실장이 본인이 아는 정보를 갖다가지고서 본인 스스로 위법 자행하는 사태가 벌어졌고, 소위 부동산3법을 발의했다는 의원 역시 같은 행위를 저질렀다”며 “이러니 국민이 분노하지 않을 수 없다”고 비판했다."
680,680,2021.04.01 10:31,"이낙연, ‘윤석열 대선 출마’ 관해 “그렇게 순탄한 길만도 아닐 겁니다”",경향신문,박홍두 기자 phd@kyunghyang.com,"이낙연 더불어민주당 상임선거대책위원장은 1일 윤석열 전 검찰총장의 대선 출마 여부 등과 관련해 “그렇게 순탄한 길만도 아닐 것”이라고 평가했다.이 위원장은 이날 KBS 라디오 <최경영의 최강시사> 인터뷰에서 윤 전 총장의 대선 출마 가능성과 관련해 “본인이 결정할 일이지만, 최근 행보를 보면 이미 어떤 길에 들어선 것 같다”며 이같이 말했다.이 위원장은 “그 길이 생각하는 것처럼 단순하고 쉽지 않을 것이다. 너무 쉽게 생각하지 말라는 이야기”라고 견제구를 날렸다.윤 전 총장이 최근 한 언론에 이번 4·7 재보궐선거의 의미를 “상식과 정의를 되찾는 반격의 출발점”이라고 표현한 것과 관련해선 “김학의 전 법무차관의 성비위 문제를 유야무야한 검찰을 지휘한 장본인이 할 말인가”라고 반박했다.이 위원장은 자신의 대선 출마 계획에 대해서는 “아직은 제가 그것을 밝힌 적은 없다”고 말했다. 그러면서도 “재·보궐 선거가 끝나면 여러 논의가 분출할 가능성이 있다. 함께 지혜를 모아가겠다”고 했다.이 위원장은 오세훈 국민의힘 서울시장 후보가 전날 ‘용산참사의 본질은 임차인들의 폭력적 저항’이라고 한 데 대해선 “믿기지 않는 반응”이라고 비판했다.이 위원장은 “한겨울에 삶의 터전을 잃은 분들을 강제로 쫓아내는 과정에서 그런 일이 생겼다. 목숨을 잃은 분들이 여섯 분이나 되고 다친 분이 스무 분 이상이다. 그분들에 대한 안타까움이나 미안함이 선행되는 것이 공직자들의 일반적인 마음이 아닐까”라고 지적했다."
704,704,2021.03.31 11:08,이낙연 “화 풀릴 때까지 반성···내 집 마련 국가가 책임지겠다”,경향신문,박광연 기자 lightyear@kyunghyang.com,"이낙연 더불어민주당 상임선거대책위원장이 31일 “성실하게 살아오신 많은 국민들께서 깊은 절망과 크나큰 상처를 안게 됐다”며 현 정부의 부동산 정책에 대해 재차 사과했다. 그러면서 생애 처음으로 주택을 구하려는 청년층 등을 대상으로 “내 집 마련 국가책임제를 도입하겠다”고 제안했다. 4월 서울·부산시장 보궐선거를 앞두고 성난 부동산 민심에 바짝 엎드리는 동시에 ‘새로운 대안’을 제시하며 여권의 반등을 꾀하려는 움직임으로 풀이된다.이 상임선대위원장은 이날 국회에서 가진 기자회견에서 현 정부 부동산 정책에 대한 ‘반성’을 쏟아냈다. 이 상임선대위원장은 “국민 여러분께 간절한 사죄의 말씀을 드리고자 이 자리에 섰다”며 “한국토지주택공사(LH) 사태에 대해 국민 여러분이 느끼는 분노와 실망이 얼마나 크고 깊은지 잘 안다. 국민 여러분 분노가 LH 사태 때문만은 아니라는 것도 잘 안다”고 말했다.이 상임선대위원장은 “청년과 서민들은 저축으로 내 집을 가지려는 꿈을 거의 포기하고 있다”며 “주거 문제를 온전히 살피지 못한 정부 여당의 책임이 크다”고 말했다. 그러면서 “정부 여당은 주거의 현실을 제대로 보지 못했고, 정책을 세밀히 만들지 못했다”며 “무한책임을 느끼며 사죄드린다”고 말했다.이 상임선대위원장은 부동산 투기 근절을 위한 당·정의 의지를 언급하면서 “근본적 주거복지정책이 될 수는 없다”고 강조했다. 그러면서 “오늘 저는 치매나 돌봄처럼 주거도 국가가 책임지는 ‘내 집 마련 국가책임제’ 도입을 제안한다”고 말했다.이 상임선대위원장은 이에 대해 “처음으로 집을 장만하는 분께는 금융규제를 대폭 완화하고, 그 처지에 따른 맞춤형 지원을 크게 확대하겠다”고 설명했다. 또한 “주택청약에서도 우대하는 방안을 추진하겠다”며 “특히 청년과 신혼세대가 안심대출을 받아 내 집을 장만하고 그 빚을 갚는데 어려움이 없도록 ‘50년 만기 모기지 대출 국가보증제’를 추진하겠다”고 강조했다.이 상임선대위원장은 “현재 3·4인 가구를 중심으로 하는 주택공급제도를 보완해 1인 가구용 소형주택의 공급을 확대하겠다”고도 말했다. 그러면서 “월급의 대부분을 방 한 칸 월세로 내며 눈물짓는 청년이 없도록 국가가 돕겠다”며 “객실, 쪽방, 고시원에 살며 어려움을 겪는 청년들의 월세를 지원하겠다”고도 말했다.주거복지 정책을 총괄하는 중앙행정기관 ‘주택부’ 신설을 거듭 제안했다. 이 상임선대위원장은 “과거 정부처럼 부동산 정책을 경기대응 수단 등으로 삼지 않고, 부동산 시장 안정과 부동산 자산 불평등 완화를 위해 부동산 정책을 활용할 필요가 있다”며 “그런 필요에 부응하면서 특히 국민의 주거복지를 실현하도록 더 주도적이고 더 독립적인 역할을 담당하려면 주택부 신설이 효과적”이라고 말했다.이 상임선대위원장은 그러면서 민주당 지지를 호소했다. 그는 “여러분의 화가 풀릴 때까지 저희는 반성하고 혁신하겠다”며 “국민 여러분과 함께 촛불을 들었던 그때의 그 간절한 초심으로 저희들이 돌아가겠다”고 말했다. “저희들의 부족함을 꾸짖으시되 지금의 아픔을 전화위복으로 만들려는 저희들의 혁신노력마저 버리지는 말아 주시기를 간절히 호소드린다”고 덧붙였다."
731,731,2021.03.30 10:34,"이낙연 “윤석열, 누군가 계산한 듯한 행보가···”",경향신문,박홍두 기자 phd@kyunghyang.com,"이낙연 더불어민주당 상임선거대책위원장은 30일 여야 대선 주자 후보 지지율 1위를 기록하고 있는 윤석열 전 검찰총장과 관련해 “중간중간 누군가 계산한 듯한 행보를 한다는 인상을 갖고 있다”고 말했다.이 위원장은 YTN 라디오 <황보선의 출발 새아침> 인터뷰에서 “어제도 한 말씀을 했던데, 그런 식으로 누군가의 기획이 있는 것 같다”며 이같이 말했다.앞서 윤 전 총장은 전날 조선일보 인터뷰를 통해 오는 4·7 서울·부산시장 보궐선거에 대해 “상식과 정의를 되찾는 반격의 출발점”이라고 말했다.이 위원장은 윤 전 총장의 대선 출마 전망에 대해 “어디까지 갈지는 모르지만, 그 길에 들어섰다고 보는 게 상식일 것”이라고 말했다.추미애 전 법무부 장관이 윤 전 총장의 지지율에 대해 ‘윤두사미(윤석열과 용두사미를 조합한 말)’라며 오래가지 못할 것이라고 주장한 것과 관련해선 “글쎄, 가봐야 알 것”이라고 평가했다.또 이 위원장은 지난해 ‘임대차 3법’ 시행 이틀 전 자신이 소유한 아파트의 전세보증금을 14% 올린 사실이 뒤늦게 드러나 경질된 김상조 전 청와대 정책실장에 대해선 “경질은 불가피했다고 본다. 면목 없는 일”이라고 말했다. 이어 “그 자리에서 그 일을 해오신 분이 그런 일이 있었다고 하는 것은 부끄러운 일”이라고 지적했다.다만 국민의힘에서 김 전 실장 경질을 두고 ‘꼬리자르기’라고 비판한 것에 대해선 “정책실장이 꼬리면 어떻게 하란 이야기인가. 말을 함부로 한다”고 반박했다.이 위원장은 일부 민주당 의원들이 임대차3법 시행을 앞두고 전세보증금을 인상한 것으로 알려진 것과 관련해 “당에서 진상을 알아보고 있을 것”이라며 “윤리감찰단 등 어떤 조치가 있어야 할 것으로 보인다”고 답했다."
760,760,2021.03.29 10:41,이낙연 “상대 후보 합리적 비판을 네거티브로 규정하는 것 자체가 네거티브”,경향신문,박홍두,"이낙연 더불어민주당 상임선거대책위원장은 29일 여야가 상대 후보를 향한 네거티브 선거전을 하고 있다는 비판과 관련해 “선거에서 상대 후보에 대한 합리적 문제제기와 정당한 비판은 정치집단의 의무”라며 “그것을 네거티브로 규정하는 것 자체가 네거티브”라고 반박했다.이 위원장은 이날 당 중앙선대위 회의에서 “앞으로도 저희들은 합리적 문제제기와 정당한 비판을 주저하지 않겠다”며 이 같이 말했다.이어 이 위원장은 “야당의 서울·부산 시장 후보가 공교롭게도 부동산 의혹과 잇따른 거짓말 시비에 휘말려 있다. 두 가지 모두 경시할 수 없는 중대한 흠결”이라며 “온국민이 부동산 때문에 분노하고 실망하고 계신 이 마당에 서울과 부산의 시장이 되겠다고 하는 분들이 해명되지 못하는 부동산 의혹을 안고 있다는 것은 아무리 봐도 엄정하게 심판할 수밖에 없는 문제”라고 말했다.그러면서도 “다만 표현은 항상 절제되고 품격있게 해야 한다고 생각한다”고 했다.이날 이 위원장은 국회에서 논의 중이나 아직 통과되지 않고 있는 ‘공직자 이해충돌방지법’과 관련해 “김태년 대표 직무대행이 3월 중 원포인트 국회를 열자고 (야당에) 제의했는데 그것이 실행되길 바란다. 실행되지 않으면 바로 단독 처리 절차에 들어가야 한다고 믿고 있다”고 말했다.당정이 추진 중인 부동산 투기 부당이익 소급 몰수 방안에 대해서는 “공직자가 부당하게 얻은 이익은 소급해서 추징, 몰수하도록 해야 한다”며 “과거에도 지나간 잘못이라고 하지만 그것을 단죄해 미래를 바로 세우기 위해 소급 입법한 사례가 있다. 이번이 그와 다르지 않다고 생각한다”고 강조했다."
763,763,2021.03.29 09:27,"‘수직상승’ 윤석열, ‘동반하락’ 이재명·이낙연···재보선 결과에 ‘흐름’ 바뀔까?",경향신문,박홍두 기자 phd@kyunghyang.com,"‘수직상승’ 윤석열, ‘동반하락’ 이재명·이낙연.윤석열 전 검찰총장의 대선 주자 선호도 지지율이 지난달 총장직 퇴임 이후 10%에서 30%대로 급상승하며 최고치를 경신했다. 여권 주자인 이재명 경기지사와 이낙연 더불어민주당 상임선거대책위원장은 하락했다. 이들의 격차는 더 벌어졌지만 정치권 안팎에서는 4·7 재·보궐 선거 결과에 따라 상승·하락세의 기류가 더 강화되거나 바뀔 수 있다는 전망이 나온다.29일 리얼미터가 오마이뉴스 의뢰로 지난 22~26일 2547명을 대상으로 조사한 결과, 윤 전 총장은 34.4%를 기록했다. 이는 지난달 총장직 사퇴 전 10%대에서 수직상승한 것이다. 윤 전 총장의 선호도는 모든 계층에서 올랐지만, 지역별로는 대구·경북(TK) 지역과 충청권 및 서울, 연령층에서는 50대와 60대, 70대 이상에서 큰 폭으로 올랐다.반면 이 지사는 전월 대비 2.2%포인트 하락한 21.4%로 2위로 내려갔다. 이 위원장은 4개월째 10%대에 머무르고 있다.여권 지지세가 강한 광주·전라 지역에서는 이 지사가 31.1%, 이 전 대표가 26.9%를 차지했다.이들의 격차는 가깝게는 4·7 재·보선 결과에 따라 다시 한 차례 변화를 겪을 것으로 보인다. 격전지인 서울시장과 부산시장 선거 결과가 대선판까지 가를 수 있다는 분석이다. 민주당이 ‘2승’을 할 경우 이 지사와 이 위원장 등 여권 후보들의 역공이 시작될 수 있다. 다만 민주당이 2패를 한다면 현재의 격차가 더 벌어질 가능성과 함께 여권 진영의 대선 후보 지지 ‘재편’ 현상이 있을 수도 있다는 얘기가 나온다.이들 외에는 오세훈 전 서울시장이 1.3%포인트 상승한 4.5%로 지난달 6위에서 공동 4위로 올라섰다. 홍준표 무소속 의원은 2.1%포인트 하락해 4.5%를 기록했다. 안철수 국민의당 대표은 3.8%, 추미애 전 장관 2.5%, 유승민 전 의원 2.0%, 정세균 국무총리 1.7%, 심상정 전 정의당 대표 1.5%, 임종석 전 비서실장 1.5%, 원희룡 제주도지사 1.4%, 나경원 전 의원 1.1%, 박용진 민주당 의원은 0.7% 순이었다.이번 조사의 표본오차는 95% 신뢰수준에서 ±1.9%포인트다. 자세한 사항은 중앙선거여론조사심의위원회 홈페이지를 참조하면 된다."
806,806,2021.03.26 10:52,"이낙연 “야당 후보, 국정원 사찰 사주 증거 드러나고 있다”",경향신문,곽희양 기자 huiyang@kyunghyang.com,"이낙연 더불어민주당 상임 선거대책위원장이 26일 박형준 국민의힘 부산시장 후보에 대해 “국정원 사찰을 사주한 증거가 드러나고 있다”고 비판했다.이 위원장은 이날 부산 진구 김영춘 민주당 부산시장 후보 사무실에서 열린 당 중앙선거대책위 회의에서 박 후보를 두고 “돈 욕심 많고 의혹이 많은데 모르는 것 많고 실수가 많다”고 깎아내렸다. 그는 “야당 후보가 공직을 맡고 있을 때 국정원 사찰을 사주한 증거가 드러나고 있다”며 “재산 관련 의혹이 쏟아지고 자녀 입시 비리도 나온다. 그에 대해 본인은 기억이 없다, 모른다, 실수했다, 우연이었다고 반복하고 있다”고 말했다.이 위원장은 가덕도 신공항과 ‘2030 부산월드엑스포’ 추진에 김영춘 후보가 적격자라고 말했다. 그는 “김영춘 동지와 함께 (가덕도 신공항)사전 타당성 조사에 들어가고, 문 대통령 임기 안에 기본계획에 착수하겠다”며 “2024년 착공해 2029년 완공하고, 2030 엑스포 성공을 차질없이 하겠다”고 말했다.이 위원장은 “김영춘 후보는 해수부를 우수 부처로 만들고 장관 평가 1위 했다”며 “이런 김영춘이 시정 맡으면 부산시가 우수 지자체 되고 시·도지사 1위 될 것”이라고 말했다. 반면 “야당 후보는 해수부를 폐지한 이명박 정부 정무수석, 가덕도 신공항 중단한 이명박 정부 실세”라며 “부산 해양 도시의 부흥, 가덕신공항에 어떤 역할을 할 수 있을지 여쭙지 않을 수 없다”고 말했다.이 위원장은 이날 ‘서해수호의 날’을 맞아 “서해를 지키다 사망하신 55분의 영웅을 기억하며 추모한다. 가족들께도 마음의 위로를 드린다”고 밝혔다. 이어 “북한이 다시 도발을 하고 있는 것에 대해 깊은 우려를 표한다. 북한은 도발을 자제하고 미국은 대화를 서둘러주길 바란다”고 당부했다."
827,827,2021.03.25 10:59,"이낙연, ‘박원순 옹호’한 임종석에 “신중했으면 한다” 한마디",경향신문,박홍두 기자 phd@kyunghyang.com,"이낙연 더불어민주당 상임선거대책위원장이 25일 박원순 전 서울시장을 옹호하는 발언을 한 임종석 전 대통령비서실장을 향해 “신중했으면 한다”고 쓴소리를 했다.이 위원장은 이날 MBC 라디오 <김종배의 시선집중> 인터뷰에서 “(임 전 실장이) 아마 무슨 안타까움이 있겠지만, 이 국면에서는 (박영선) 후보의 생각을 존중하는 것이 옳다”며 이같이 밝혔다.앞서 임 전 실장은 자신의 사회관계망서비스(SNS) 글을 통해 박 전 시장을 옹호하는 발언을 올려 피해자 2차 가해 논란이 제기됐다. 이에 대해 박영선 민주당 서울시장 후보는 전날 “피해자의 일상회복을 방해하는 발언은 삼가 주시는 게 좋지 않을까 생각한다”고 말했다.이 위원장은 자신이 박 후보를 ‘엄마의 마음으로 보살필 후보’라고 표현해 성차별적인 발언이라는 지적이 제기된 것에 대해서도 “워킹맘으로서 ‘엄마의 마음’이라는 슬로건을 후원해드린 것이었다”면서도 “그러나 어떤 민감한 반응을 불러일으킬 수 있을지는 안다. 신중한 것이 좋다”고 설명했다.서울시장 보궐선거에 대해선 “임기 1년짜리 시장이 임기 동안 하는 일이 정권심판이라는 것이 서울이나 부산을 위해 옳은일인가. 짧은 기간 동안 싸움만 하다 말 것인지 시민들이 충분히 판단할 수 있을 것”이라며 “앞으로 가겠다는 사람과 뒤로 가는 사람 어느 것이 좋은지 선택을 해야 되겠다”고 했다.한국토지주택공사(LH) 투기 의혹 사태에 대해선 “분명히 부끄럽고 죄송한 사건”이라며 부동산 투기를 근절할 수 있는 강력한 재발방지 대책을 강조했다.이 위원장은 최근 여론조사에서 국민의힘 오세훈 후보가 박 후보에 우세를 보이는 데 대해 “선거는 지지도가 수렴해가는 과정이 많다. 결국 박빙의 승부가 될 것”이라고 내다봤다.윤석열 전 검찰총장의 차기 대권 지지율이 급상승한 데 대해선 “민심이 몹시 출렁인다고 보고 있다”고 말했다. 그러면서 윤 전 총장의 정치활동 전망에 대해서는 “이미 그런 행보에 들어선 것으로 보인다”며 “그분 나름의 장단점이 있을 것”이라고 했다."
859,859,2021.03.24 10:31,"이낙연, 오세훈 두고 “무상급식 저지 했던 분”···오늘 추경 통과 의지도",경향신문,곽희양 기자 huiyang@kyunghyang.com,"이낙연 더불어민주당 상임 선거대책위원장이 24일 오세훈 국민의힘 서울시장 후보를 두고 “초등학교 무상급식을 저지하려 했던 분”이라고 비판했다. 이 위원장은 이날 국회 본의회에서 4재난지원금 지급 등을 위한 추가경정예산안을 통과시키겠다고 말했다.이 위원장은 이날 오전 국회에서 열린 중앙선거대책위 회의에서 “10년 전 아이들의 무상급식을 반대하며 서울시장을 팽개친 분이 다시 야당의 서울시장 후보가 됐다”며 “서울시장을 포기하면서까지 초등학교 아이들 무상급식을 저지하려 했던 분에게 서울 시정을 다시 맡길 것인지, 초등·유치원까지 무상급식을 통해 건강을 돕자는 시장을 둘 것인지 서울시민에게 여쭐 수 밖에 없다”고 말했다.오 후보의 내곡동 땅 ‘셀프보상’ 의혹과 관련해서도 “오 후보의 해명이 여러 번 바뀌었지만 그 해명 마저도 하루가 가기 전에 거짓으로 확인됐다”며 “지도자가 거짓해도 좋은지 서울 시민에게 여쭐수밖에 없게 됐다”고 말했다.이 위원장은 박형준 국민의힘 부산시장 후보를 향해서도 “국정원 사찰 의혹으로 시작해, 딸 입시 의혹, 엘시티 특혜분양, 국회 식당 운영권, 숨긴 재산이 날마다 새롭게 나오는 사태에 이르렀다”며 “그런 사람들에게 대한민국 수도 서울과 제2도시 부산의 미래 맡길 수없다”고 말했다.반면 민주당의 후보들은 추켜세웠다. 이 위원장은 박영선 후보를 향해 “장관으로 일하면서 소상공인·자영업자·중소기업의 애로가 무엇인지 누구보다 잘 파악하고 실천한 사람”이라고 말했다 김영춘 부산시장 후보를 두고선 “문재인 정부 임기 안에 가덕 신공항을 최대한 진척시키고 부산 경제를 바닥부터 살릴 사람”이라고 말했다.이 위원장은 이날 본회의에서 4차 재난지원금 지급 등을 위한 추가경정예산안을 처리하겠다고 강조했다. 그는 “기존 제도 사각지대 해소하고. 지원 방안을 고안하겠다”며 “특히 부동산 범죄 척결하고 공직자 부동산 투기 방지 5법 중 3법을 처리하겠다”고 밝혔다."
898,898,2021.03.22 16:13,이낙연·김종민에 “성역할 프레임” “성소수자 차별” 비판한 정의당 왜?,경향신문,박광연 기자 lightyear@kyunghyang.com,"정의당이 22일 더불어민주당 이낙연 상임선대위원장과 김종민 공동선대위원장(최고위원)을 향해 “성역할 프레임을 씌운다” “성소수자를 차별한다”고 비판했다. 박영선 민주당 서울시장 후보를 돕는 선거전에서 나온 발언들을 지적하고자 조혜민 정의당 대변인은 이날 연이어 브리핑을 열었다.정의당이 문제 삼은 이 위원장의 발언은 이날 민주당 중앙선대위회의 과정에서 나왔다. 이 위원장은 박 후보의 능력을 강조하며 “엄마의 마음으로 아이를 보살피고 기를 그런 마음가짐, 딸의 심정으로 어르신을 돕는 그런 자세를 갖춘 후보”라고 치켜세웠다.이에 대해 정의당은 “차별적 발언”이라고 지적했다. 조 대변인은 “이 위원장은 바로 어제 맘카페 회원들과 간담회를 하고 왔다. 일상을 살아가고 있는 여성들을 만나면 뭐하나. 돌봄을 여성의 몫으로 생각하는 인식이 개탄스러울 따름”이라고 말했다. 그러면서 “자당의 여성 후보를 두고 서울시장으로 적합한 이유에 대해 설명할 말이 고작 성역할 프레임을 씌우는 것밖에 없었나”라고 비판했다. “편견 속에 기대어 말을 쉽게 내뱉는 경솔한 행동은 이제 그만하길 바란다”고도 덧붙였다.한편 박 후보도 선거 운동 과정에서 ‘엄마 이미지’를 강조하고 있다. 박 후보는 이날 유치원 무상급식 공약을 발표하며 “엄마 같은 시장이 되겠다” “엄마의 마음으로 엄마의 리더십으로 보육을 대전환하겠다”고 말했다.같은 날 김 최고위원의 중앙선대위회의 발언은 “성소수자를 차별했다”는 이유로 정의당 비판 대상에 올랐다. 김 최고위원은 오세훈 국민의힘 서울시장 후보의 내곡동 땅 ‘셀프보상 특혜’ 의혹과 관련해 “오 후보는 내곡동 그린벨트 해제에 대해 자신은 모르고 국장이 알아서 결정했다는 주장을 계속 한다”며 그린벨트 해제를 “남성을 여성으로, 여성을 남성으로 성별을 바꾸는 것보다 더 어려운 일이라는 말까지 있다”라고 빗대어 표현했다.조 대변인은 김 최고위원 발언이 “트렌스젠더가 겪는 어려움을 가볍게 여기고 있음을 여실히 보여준다”며 “트렌스젠더에 대한 무지와 오만함 그 자체”라고 비판했다. 조 대변인은 “정치인의 역할은 차별적인 발언을 일삼고, 트랜스젠더 인권을 외면하는 것이 아니다”라며 “트랜스젠더가 일상에서 마주하는 차별과 혐오에 맞서 안전한 사회를 만들어야 한다”고 말했다. 그러면서 김 최고위원에게 “즉각 사과하라”고 촉구했다."
902,902,2021.03.22 11:10,윤석열 지지율 40% 육박···이재명·이낙연 2~3위 추격,경향신문,박홍두 기자 phd@kyunghyang.com,"윤석열 전 검찰총장이 차기 대선 후보 적합도 조사에서 40%에 육박하는 지지율을 기록했다는 여론조사 결과가 22일 나왔다. 더불어민주당 소속 이재명 경기지사와 이낙연 중앙선거대책위원장이 2~3위로 추격하고 있는 것으로 나타났다.한국사회여론연구소(KSOI)가 TBS 의뢰로 지난 19~20일 1007명 대상 대선 후보 적합도를 조사한 결과, 윤 전 총장이 39.1%로 1위를 기록했다.이는 지난 15일자 KSOI 조사(37.2%)보다 1.9%포인트 오른 것이다. 10% 중반에 머물던 윤 전 총장 지지율은 총장직 사퇴 이후 30%대로 수직 상승했다.이재명 경기지사는 2.5%포인트 내린 21.7%, 이낙연 민주당 선대위원장은 1.4%포인트 하락한 11.9%였다.이 밖에 홍준표 무소속 의원은 5.9%, 추미애 전 법무부 장관 2.7%, 유승민 전 의원 2.7%, 정세균 국무총리 1.9% 등이 뒤를 이었다.이번 여론조사의 표본오차는 95% 신뢰수준에 ±3.1%포인트다. 자세한 내용은 KSOI나 중앙선거여론조사심의위원회 홈페이지를 참조하면 된다."
906,906,2021.03.22 10:40,오세훈·박형준 부동산 의혹에 이낙연 “거짓말은 언젠가 드러나”,경향신문,곽희양 기자 huiyang@kyunghyang.com,"이낙연 더불어민주당 상임 선거대책위원장이 22일 “거짓말은 언젠가 드러난다”며 “서울·부산 시민께서 지도자의 도덕성을 각별히 주목해줬으면 한다”고 밝혔다.이 위원장은 이날 이날 오전 국회에서 열린 중앙선거대책위원회 회의에서 야권 후보들을 두고 “서울·부산 시장 후보들이 부동산 의혹을 못 풀고 거짓말을 계속하면 서울시와 부산시의 도덕적 긴장을 어떻게 확보할 수 있을 지 걱정하지 않을 수 없다”며 이같이 밝혔다.이 위원장은 “야당 서울시장 후보는 내곡동 땅 ‘셀프보상’ 의혹에 대해 말 바꾸는 일을 되풀이하고, 야당 부산시장 후보는 엘시티 특혜 의혹에 국민 상식과 동떨어진 해명으로 하루하루를 보낸다”면서 “서울·부산 시장 후보 모두 고발돼 조사를 받을 처지로, 거짓말은 언젠가 드러나기 마련”이라고 말했다. 이어 “지도자의 도덕성은 조직의 도덕성에 결정적인 영향을 준다. 서울, 부산 시민께서 이 점을 각별히 주목해줬으면 한다”고 말했다.반면 민주당의 서울·부산 시장 후보는 추켜세웠다. 그는 “박영선 서울시장후보는 중소기업벤처부 장관을 매우 성공적으로 수행햇던 사람”이라며 “엄마의 마음으로 아이를 보살피고, 딸의 심정으로 어르신을 돕는 그런 자세를 갖춘 후보”라고 말했다. 김영춘 부산시장 후보에 대해선 “노무현 전 대통령에 이어 해양수산부 장관을 경험했고, 부산을 싱가폴로 만들겠단 꿈을 키워온 장본인”이라며 “지나칠 정도로 몸가짐이 반듯한 신사”라고 말했다.이 위원장은 “한국토지주택공사(LH) 사태로 국민들께서 느끼는 분노와 실망, 배신감과 상실감이 얼마나 크고 깊은지 저희들도 아프도록 잘 한다”면서 “합동특별수사본부는 부동산 비리를 철저하게 수사 중이며 앞으로 특검이 출발하면 정해진 범위 안에서 집중적인 수사를 벌일 것”이라고 말했다. 그는 “이중, 삼중, 사중 수사를 통해서 부동산 범죄를 이번에 완전히 뿌리를 뽑겠다”고 덧붙였다."
