,date,title,reporter,content,press
23,2021-01-11,“소상공인 집중 지원·대출 상환 유예”…야권도 ‘선별’ 재난지원금 요구, 장나래 기자 wing@hani.co.kr,"보수 야권은 11일 집권여당 안에서 제기되는 ‘전국민 재난지원금’ 지급론을 “선거용”으로 비판하면서 소상공인 등 코로나 취약계층에 대한 선별 지원금 지급을 요구했다.
 김종인 국민의힘 비상대책위원장은 이날 비대위 회의에서 “최근에 정부여당이 4차 재난지원금을 논의하고 있지만, 지원금을 1년 동안에 걸쳐서 어려움을 겪고 있는 소상공인, 중소기업, 자영업자들에게 보다 집중적으로 지원하는 것이 더 (큰) 효과를 가져올 것이라 생각한다”고 밝혔다. 정부가 역점을 두고 있는 ‘한국형 뉴딜’ 사업에 대해서도 “지금이라도 사업을 충실히 준비해 경제구조 전환을 지원해야 한다. 특히 코로나 충격 집중되는 취약계층 지원에 중점을 둬야 한다”고 강조했다. 

   안철수 국민의당 대표도 이날 최고위원회의에서 “정부와 여당은 4차 재난지원금을 보편 지급할 것이냐 선별 지급할 것이냐로 옥신각신하고 있다. 어떻게 하면 이번 서울, 부산시장 보궐선거에서 표를 살 수 있을까 고민하는 사이에, 소상공인과 자영업 사장님들은 벼랑으로 추락하고 있다”고 목소리를 높였다. 그러면서 “정부는 벼랑 끝에 매달린 분들부터 살릴 방안을 제시해야 한다. 정부 당국은 코로나 집단면역이 달성될 때까지, 올 한 해 만이라도 매출이 줄어든 소상공인과 자영업에 대한 대출의 원리금과 이자 상환을 전면 유예해달라”고 요구했다. ",hankyoreh
139,2021-01-06,민주당 “재난지원금을 선거용으로 몰아가는 게 정략”, 김원철 기자 wonchul@hani.co.kr,"더불어민주당이 4차 재난지원금 지급과 관련해 본격적인 논의를 시작한다.
 최인호 당 수석대변인은 6일 오전 최고위원회의 뒤 기자들과 만나 “코로나19 대응(을 위해 재난지원금 지급이 필요하다는) 공감대가 당내에 확산되는 게 사실”이라며 “소관 상임위원회나 당 정책위원회 차원에서 깊은 논의가 있을 것”이라고 말했다. 최 수석대변인은 “방역을 우선하는 게 전제”라면서도 “(코로나19 확진자가) 감소 추세에 접어들었는지 판단하기 이르지만, 어쨌든 감소되니까 상황을 예의주시하면서, 방역은 방역대로 강화하며 면밀하게 준비해 나가야 한다”고 말했다.
‘선거용’이라는 비판에 대해선 “피해를 입는 계층의 어려움은 안중에도 없는 정략적인 주장”이라며 “피해계층의 호소가 나날이 깊어가고 심지어 일부 자영업자들은 개점 시위까지 하고 있다. (재난지원금을 선거용으로 몰아가는) 그런 시각은 그분들의 어려움을 헤어라지 못하는 것”이라고 말했다.",hankyoreh
140,2021-03-10,문 대통령 “여야 뜻 모으면 4차 재난지원금 대상에 농민 추가”,이완 기자 wani@hani.co.kr,"소상공인과 자영업자 등이 대상인 4차 재난지원금 지급 대상에 농민이 추가될 것으로 보인다. 
문 대통령은 10일 더불어민주당 원내대표단과 점심 간담회를 마치면서 “(재난지원금 대상에) 농민을 추가하는 것은 국회에도 공감대가 있다고 들었다. 여야간 공감대가 있다면 정부에 받아들이도록 지시하겠다”고 말했다고 강민석 청와대 대변인이 전했다. 간담회에서는 전북 김제부안이 지역구인 이원택 의원이 ‘추가경정예산(추경)에 경작 면적이 1헥타르 미만인 소농에 대해선 지원금이 반영되어 있지 않는 등 농민이 소외받고 있다’고 호소했다고 한다. 앞서 이낙연 전 민주당 대표도 이달초 “추경안 심의 과정에서 농민 지원을 가장 우선해서 보완토록 심의하겠다”고 밝힌 바 있다. 
문 대통령은 가덕도 신공항 건설에도 다시 한번 힘을 실었다. 문 대통령은 “가덕도 신공항을 2029년까지 완공하겠다는 것은 2030년 부산엑스포와 맞물려 있다”며 국토균형발전 차원에서 신공항이 꼭 필요하다는 점을 거듭 상기시켰다고 한다. 
청와대는 한국토지주택공사(LH·엘에이치) 직원의 새도시 투기와 관련해 여권 일각에서 나오는 변창흠 국토교통부 장관 경진론에 선을 그었다. 청와대 관계자는 “문 대통령이 (변 장관) 경질에 관한 언급을 한 적은 한번도 없다. 오늘 간담회에서 여당 원내지도부도 전혀 그런 의견이 없었다”고 전했다. 문 대통령은 전날 “2·4 부동산 대책의 추진에 차질이 없어야 한다”며, 2·4 대책 수립을 총괄한 변 장관에게 후속 업무를 계속 맡기겠다는 뜻을 밝힌 바 있다.",hankyoreh
159,2021-02-15,4차 재난지원금 서두르는 민주당…국민의힘 “손실보상법이 먼저”,노지원 오연서 기자 zone@hani.co.kr,"4차 재난지원금 지급을 둘러싼 여야 신경전이 가열되고 있다. 이달 안에 추경안을 편성해 3월 임시국회에서 처리하는 즉시 지원금을 지급하려는 더불어민주당과, 재난지원금보다 소상공인을 대상으로 한 ‘손실보상법’ 제정이 우선이라는 국민의힘이 팽팽히 맞서는 상황이다. 4월 보궐선거를 앞두고 우호적 여론을 조성하려는 여당과, 이를 저지하려는 야당의 정략이 맞물리면서 양쪽의 설전은 시간이 갈수록 달아오를 것으로 보인다.


이낙연 민주당 대표는 15일 최고위원회의에서 올해 첫 추가경정예산안 편성을 위한 당·정 협의가 시작된 사실을 전하며 “추경의 중심이 될 제4차 재난지원금은 이전의 피해지원금보다 더 넓게, 더 두텁게 지급되어야 한다. 제도의 사각지대를 최소화해 지원하고 피해계층, 취약계층의 고통이 커진 만큼 지원도 두터워져야 한다고 정부에 거듭 요구한다”고 밝혔다. 김태년 원내대표는 추경과 4차 재난지원금 지급 시기에 대해 “세부적인 당정 협의를 통해 2월에 추경안을 편성하고 3월 중 국회 처리를 통해 3월 후반기부터 긴급재난지원금이 지급될 수 있도록 속도감 있게 추진하겠다”고 밝혔다. 정부의 추경안 제출 시기와 관련해선 “(기재부가) 이번 달 안에 제출했으면 좋겠다는 것이 당의 뜻”이라고 민주당 관계자는 전했다..
앞으로 민주당은 기획재정부와 실무 협의를 하며 ‘지원 대상자 범위’와 ‘지원 액수’를 늘리는 데 주력할 것으로 보인다. 3차 재난지원금의 경우 상시 고용 5인 미만, 연 매출 4억원 미만이라야 받을 수 있었는데, 이번엔 상한선을 더 높이거나 없애겠다는 것이다. 민주당은 지급 액수도 3차 때보다 늘리는 안을 검토하고 있다. 3차 지원 당시 정부는 ‘소상공인 버팀목 자금’이라는 이름으로 영업 제한·금지 등의 방역 조치에 따라 경제적 손실을 입은 소상공인에게 100만∼300만원을 지원했다. 
민주당 원내 관계자는 “세수가 데이터에 잡히지 않는(납세 내역이 없는) 영세업자의 고통도 심각하다. 지난해 창업했다가 올해 코로나로 문을 닫은 자영업자 등이 여기에 속한다. 이런 사각지대를 어떻게든 줄이려다보니 총액 또한 늘 수밖에 없다”고 말했다. 이에 따라 4차 재난지원금 규모는 지난 3차(9조3000억원) 때보다 늘어날 전망이다. 당정은 재원 조달을 위해 국채를 발행하는 방안도 검토 중이다.





정부여당이 4차 재난지원금 추진 계획을 내놓자 국민의힘은 “선거용”이라고 목소리를 높였다. 그러면서 재난지원금보다 코로나19로 인한 자영업자·소상공인들의 피해 보전을 법적으로 보장하는 손실보상법 제정이 먼저라는 입장을 밝혔다. 주호영 원내대표는 이날 당 비상대책위원회의에서 “정부의 행정명령으로 손해를 본 국민에게 손해를 정확히 측정해 지급하는 게 가장 중요하다. 임의대로 기준을 가지고 (4차 재난지원금) 지급을 하게 되면 또 다른 불만과 문제를 야기할 것 같다”고 했다. 그러면서 “지금이라도 손실보상법 제정 기준 마련에 더 집중해주길 바란다. 3차 재난지원금을 (모두) 지급하기 전에 4차 재난지원금을 지급하겠다고 하는 건 선거를 앞두고 국민 주권을 돈으로 사겠다는 의도가 있다고 볼 수밖에 없다”고 덧붙였다. 민주당은 이달 25일 전까지 손실보상법과 사회연대기금법을 발의하겠다는 입장이다. 
추경을 편성해 재난지원금 예산을 마련하겠다는 정부여당의 계획에 대해선 “재원 조달 방법을 정확히 밝히라”고 압박했다. 주 원내대표는 “민주당은 2021년 예산에 재난지원금을 한푼도 편성하지 않고 있다가 국민의힘의 요구로 3차 재난지원금을 (추경으로) 편성하더니, 이제 와서 예산을 조정해 4차 재난지원금을 준다는데 그말에 진정성이 없다. 올해 예산에 재난지원금을 편성하지 않은 것을 사과하고, 어떤 방법으로 재원을 조달할 것인지 명확하게 밝혀야 한다”고 말했다.",hankyoreh
234,2021-03-02,문 대통령 “4차 재난지원금 신속 지급되도록 국회가 서둘러달라”,서영지 기자 yj@hani.co.kr,"문재인 대통령은 2일 “4차 재난지원금이 어려운 국민에게 하루빨리 지급될 수 있도록 국회의 신속한 논의와 협의를 당부드린다”고 말했다.
문 대통령은 이날 청와대에서 국무회의를 주재하며 “당정협의를 거쳐 19조5천억 규모의 4차 재난지원금을 마련했다. 지난해에 이어 2년 연속 3월 초에 추경안을 국회에 제출하게 된 것은 코로나19로 인한 민생과 고용위기가 어느 때보다 심각하기 때문”이라며 “이를 해결하는 것이 정부와 국회의 가장 시급한 과제”라고 밝혔다.
코로나19 백신 접종과 관련해선 “정치권과 언론은 국민 불안을 부추기는 가짜뉴스를 경계하면서 안정된 백신 접종을 위해 적극적으로 협조해주길 부탁드린다”고 말했다. 문 대통령은 “어떤 백신이든 백신의 안정성을 정부가 약속하고 책임진다. 백신이 일상회복을 위한 전환점이지만 집단면역이라는 종착점에 이르려면 더 많은 시간이 걸린다”고 강조했다. 
문 대통령은 또 “여야 합의로 통과된 4·3 특별법 개정은 국가 폭력에 대한 책임을 명시하고 희생자에 대한 배상과 보상 근거를 마련했다는 점에서 매우 뜻 깊은 진전”이라며 “정부는 이번 특별법 의미를 살려 4·3 희생자에 대한 공정하고 합리적인 피해 보상 기준 마련, 추가 진행조사와 특별재심 등 후속 조치를 차질없이 이행해 나가겠다”고 말했다. 
국제노동기구(ILO) 핵심협약 비준 관련해선 “최근 유럽연합(EU) 등 국제사회의 노동권 중시가 강화된 가운데 통상분쟁의 소지를 줄이는 데도 큰 도움이 되리라 기대한다. 이를 계기로 근래 대두되고 있는 새로운 유형의 노동자들과 새로운 노동 현실 속 새로운 노동관계까지 확산돼 나가기를 바란다”고 말했다. ",hankyoreh
450,2021-02-15,국민의힘 “4차 재난지원금은 돈으로 사려는 선거용”,오연서 기자 loveletter@hani.co.kr,"국민의힘은 여당과 정부가 4차 재난지원금을 ‘4·7 재보궐선거’ 직전인 3월 말께 지급하는 것을 목표로 추진하는 데 대해 “선거용 지원”이라고 비판했다. 그러면서 코로나19로 인한 자영업자·소상공인들의 피해 보전을 법적으로 보장하는 손실보상법 제정이 먼저라고 주장했다. 
주호영 원내대표는 15일 당 비상대책위원회의에서 “3차 재난지원금을 (모두) 지급하기 전에 4차 재난지원금을 지급하겠다고 하는 건 선거를 앞두고 국민 주권을 돈으로 사겠다는 의도가 있다고 볼 수밖에 없다”고 말했다. 주 원내대표는 김태년 더불어민주당 원내대표가 4차 재난지원금 지급을 위한 추가경정예산안 편성을 언급한 데 대해 “선거를 앞두고 더불어민주당이 4차 재난지원금 지급을 서두르는 것 같다. 아마 선거 직전에 (지급)하려고 그런 이야기를 하는 것 같다”며 “4차 재난지원금 지급에 앞서 손실보상법의 정교한 제정이 급선무”라고 밝혔다. 김태년 원내대표는 전날 ‘추경 2월 편성-3월 초 추경 처리-3월 하반기 4차 재난지원금 지급’ 계획을 밝힌 바 있다.
이어 주 원내대표는 “정부의 행정명령으로 손해를 본 국민에게 손해를 정확히 측정해 지급하는 게 가장 중요하다. 임의대로 기준을 가지고 (4차 재난지원금) 지급을 하게 되면 또 다른 불만과 문제를 야기할 것 같다”며 “지금이라도 손실보상법 제정 기준 마련에 더 집중해주길 바란다”고 말했다. 
정부가 올해 예산안에 재난지원금 관련 예산을 편성하지 않은 것에 대해서도 사과를 요구했다. 주 원내대표는 “민주당은 2021년 예산에 재난지원금을 한푼도 편성하지 않고 있다가 국민의힘의 요구로 3차 재난지원금을 (추경으로) 편성했다. 이제 와서 예산을 조정해 4차 재난지원금을 준다는데, 그말에 진정성이 없다”며 “올해 예산에 재난지원금을 편성하지 않은 것을 사과하고, 어떤 방법으로 재원을 조달할 것인지 명확하게 밝혀주길 바란다”고 말했다. ",hankyoreh
622,2021-02-14,"윤희숙 “재난지원금, 차라리 4월6일에 지급하지 그러나?”",장나래 기자 wing@hani.co.kr,"윤희숙 국민의힘 의원은 여당이 검토하는 3월 내 4차 재난지원금 지급 방안에 대해 “벼랑 끝 소상공인을 선거전략 대상으로 삼고 있다”고 비판하며, 정부 차원의 무이자 대출을 제안했다.
윤 의원은 14일 페이스북에 글을 올려 “코로나 재난지원금이 이제 대놓고 보궐선거 전략이 되는 것 같다”며 “3월을 넘기지 않고 보편·선별 병행지급을 하자는 여당 주장에 대해, 아예 ‘선거 전날인 4월6일에 지급하지 그러냐’는 냉소가 만연할 정도”라고 비판했다. 또한 윤 의원은 “온라인 경제의 확대로 일부 업종은 전 직원 보너스까지 지급하는 데 반해 대면 서비스 중심인 업종들은 폐업 쓰나미에 직면했다. 그렇게 승자와 피해자가 확연히 나뉜 것이 이번 코로나 재난의 전례 없는 특징인데도 나랏빚을 내 전 국민에게 위로금을 지급하자니”라고 적으며 보편 지급에 대한 반대 입장을 분명히 했다. 그러면서 “현재 피해계층에 지원금을 집중해야 한다는 총리, 부총리와 고무신 삼아 다 뿌려야 한다는 여당이 대치하는 가운데, 문재인 대통령은 8일 ‘재정이 감당할 수 있는 범위에서 과감하게’라며 언제나와 마찬가지로 애매한 말을 했다. 선거판의 분위기를 봐서 어느 편을 들 것인지 정하겠다는 것이다. 우리 정치의 수준”이라며 문 대통령을 겨냥하기도 했다.
이어 정부의 무이자 대출을 대안으로 제시했다. 윤 의원은 “정부·여당에 제안한다. 전 국민에게 지급했던 1차 재난지원금에 14조원이 들었다. 14조원이면 300조에 달하는 돈을 1년간의 무이자 대출에 충당할 수 있다”며 “매출이 감소했다는 간단한 증빙만 들고 온다면 원하는 소상공인 모두에게 이번 주라도 즉시 대출을 제공하자”고 주장했다. 이어 “백신으로 상황이 안정될 때까지 그들이 버틸 수 있도록 일단 대출을 제공한 후, 추후 정부가 일부를 대납하는 것으로 하자. 상환해야 할 금액 중 임대료, 인건비 등 어떤 부분을 누구 대상으로 정부가 대납할지는 선거 후에라도 차차 의논하면 된다. 이게 바로 피해계층 내의 보편·선별 병행지원”이라고 덧붙였다. ",hankyoreh
690,2021-01-19,민주당 재난지원금 속도조절 요청에도 이재명쪽 “고심중…설 이전 지급 유력”,노지원 김기성 기자 zone@hani.co.kr,"경기도의 재난지원금 지급 여부가 더불어민주당 내 민감한 정치 이슈로 점점 떠오르고 있다.
더불어민주당은 경기도민 모두에게 10만원의 지역화폐를 지급하려는 이 지사에게 ‘지방자치단체의 자율권을 존중하지만 정부의 방역 상황을 충분히 고려해야 한다’는 취지의 공식 입장을 전달한 것으로 19일 전해진다. 이 지사 쪽은 “당의 의견을 존중한다”는 뜻을 밝혔지만, 실제 지급 여부에 대해서는 명확한 답을 하지 않았다.
홍익표 정책위의장은 전날인 18일 이 지사에게 직접 전화를 걸어 당의 이런 공식 입장을 전달했다. 이 지사 쪽은 다음날인 19일 ‘재난기본소득 관련 당 공식 입장에 대한 이재명 지사 쪽 입장’을 내어 “당의 의견을 존중하며, 방역 상황을 충분히 감안해 재난기본소득의 집행 시기와 지급 대상, 수단 등을 결정하겠다”고 밝혔다.
민주당이 ‘방역 상황을 고려해달라’고 한 것은 여전히 코로나19 신규 확진자가 하루 300명 이상 발생하는 것을 염두에 둔 것이다. 또 지방자치단체마다 동원할 재정 여력에도 차이가 있는 만큼 지역별 형평성을 고려해야 한다는 의견도 나왔다. 무엇보다 정부가 전국민 대상 재난지원금 지급보다 피해를 입은 이들에게 집중지원 하는 방식을 택했는데, 개별 지자체에서 다른 움직임을 보이는 것에 대한 부담이 크다. 더욱이 이 지사는 유력 대선 후보여서 정치적 해석이 더해진다. 이 때문에 당 지도부 회의에선 이 지사에게 ‘지금 지급을 할 때가 아니다’라고 명확히 뜻을 전해야 한다는 주장도 나온 것으로 전해졌다.
그러나 경기도 관계자는 이날 “당 요구 때문에 고심 중이지만, 설 전 지급이 유력하다”며 “지사의 결심만 남은 상태”라고 말했다.",hankyoreh
696,2021-01-17,이재명 “민주당에 재난지원금 관련 공식입장 요청…당론 따를 것”,정환봉 기자 bonge@hani.co.kr,"이재명 경기도지사가 더불어민주당에 지방정부의 재난지원금 지급 여부 및 방식 등에 대한 공식 입장을 요청했다고 17일 밝혔다. 
이 지사는 이날 자신의 페이스북에 “재난지원금을 둘러싼 민주당 내 활발한 논의 또한 자연스러운 일이고, 당론이 정해지지 않는 한 자유로운 토론과 입장개진, 자치정부의 자율적 정책 결정과 집행은 존중되어야 한다”며 “당원의 한사람으로서 당에 지방정부의 재난지원금 지급 여부, 지급방식, 지급대상, 지급 시기 등에 대한 당의 공식입장을 요청했고, 당 지도부에서 이를 받아들여 신속히 입장을 정리해주시기로 했다”고 적었다. 이 지사는 설 연휴 이전에 경기도 차원의 2차 재난기본소득 10만원을 3개월이 지나면 소멸하는 지역 화폐나 신용카드 포인트로 보편 지급할 계획이다. 하지만 민주당 내에서는 경기도의 재난기본소득 지급이 방역에 혼선을 줄 수 있다며 반대하는 주장이 나오기도 했다. 
이 지사는 이같은 분위기를 의식한 듯 “당내 논의에 따라 합리적인 당론이 정해지면 경기도 정책 결정과 집행과정에 충분히 반영할 것”이라며 “내일(18일) 예정했던 재난지원금 관련 기자회견 취소는 당의 의사결정과정에 대한 당연한 존중의 결과다. 또한 경기도의 기자회견 일정이 확정된 후 공개된 문재인 대통령님의 신년기자회견에 집중하는 것도 중요한 일이다”고 밝혔다. 경기도는 애초 18일 2차 재난기본소득 지급 계획을 발표하려고 했으나, 이날 기자회견을 연기했다. 
또 이 지사는 “당내 정책경쟁과 당원 간 토론을 분열과 갈등으로 규정하고 갈라치기 하는 어떤 정략적 시도도 결코 성공할 수 없을 것으로 생각한다”며 재난기본소득을 둘러 싼 논쟁이 당내 갈등이 아니라는 점을 거듭 강조했다. ",hankyoreh
789,2021-01-06,유승민 “전국민 재난지원금은 선거 앞둔 매표행위”, 노현웅 기자 goloke@hani.co.kr,"유승민 전 의원이 정부·여당이 군불을 떼는 4차 재난지원금 지급 논의에 대해 “선거를 앞둔 매표 행위”라고 강하게 비난했다.
 유 전 의원은 6일 자신의 페이스북에 “서울, 부산시장 보궐선거가 다가오자 또 악성 포퓰리즘이 고개를 내밀고 있다”며 “전국민 재난지원금은 공정하지도 정의롭지도 않고, 경제정책으로서도 열등한 정책”이라고 적었다.  그는 “전국민에게 똑같은 돈을 지급하니까 얼핏 평등하고 공정할 것 같은 착각을 일으키지만, 끼니를 걱정해야 할 실업자, 수개월째 임대료가 밀린 자영업자 가족에게 100만원은 너무나도 절실한 돈이지만, 고소득층 가족에게 그 돈은 없어도 그만인 공돈”이라며 “같은 100만원이 너무나 소중한 분들과 그 100만원 없어도 지장 없는 분들 사이에서 과연 공정과 정의란 무엇인가”라고 되물었다. 그러면서 “소비성향이 높을 수밖에 없는 저소득층은 100만원을 받아 대부분 소비에 쓸 것이나, 고소득층에게 100만원은 저축으로 갈 가능성이 높다”며 정책 효과 역시 낮을 수밖에 없다고 짚었다.
 이어 유 전 의원은 “고소득층에게 줄 100만원을 저소득층 가족에게 보태줘서 100만원을 두 번 줄 수 있다면 그게 더 공정하고 정의로운 것”이라며 “부자는 세금을 더 내고 가난한 사람은 덜 내는 것, 국가의 도움이 꼭 필요한 사람을 국민 세금으로 돕는 것, 이것이 사회복지의 철학이고 원리”라고 강조했다.
 앞서 더불어민주당 주요 인사들은 잇따라 전국민 재난지원금을 언급하며 정치 현안으로 부각시켰다. 이낙연 민주당 대표는 지난 4일 <한국방송> 인터뷰에서 “코로나가 진정되고 ‘경기를 진작해야 한다’ 할 때는 전국민 지원 방안도 검토할 수 있다”고 언급했다. 3차 대유행이 어느 정도 진정세를 보이면 지급을 검토하겠다는 뜻인데, 공교롭게 오는 4월 보궐선거와 시기가 겹친다. 이어 홍익표 민주당 정책위원회 의장도 5일 <한국방송> 라디오에서 “‘전국민 지급이 필요한 시점’이라 한다면 적극적으로 논의할 생각은 있다”고 말했다. 정세균 국무총리도 지난 4일 <문화방송> ‘100분 토론’에서 “재난지원금은 가능한 차등 지원이 옳다”면서도 “코로나 상황을 보면 월급 등에서 피해를 본 국민이 많다. 앞으로 (추이를) 보면서 꼭 필요한 정책을 실행해야 한다”고 말해, 전국민 재난지원금 검토 가능성을 내비쳤다. 이에 국민의힘 지도부는 “선거용 재난지원금 카드를 또 꺼내드는 것 아니냐”며 불편한 심기를 비친 바 있다.",hankyoreh
901,2021-01-18,문 대통령 “4차 재난지원금 논하기는 이른 시기”,노현웅 기자 goloke@hani.co.kr,"문재인 대통령은 여권 내부에서도 견해가 엇갈리는 재난지원금 보편·선별지급 논란에 대해 양자택일할 수 없는 문제라며 “경제 상황에 따라 적절한 방식을 선택할 문제”라고 말했다. 여권에서 논의되는 이익공유제에 대해서는 정부가 인센티브를 제공하는 방식을 고민할 수 있을 것이라고 말했다.
문 대통령은 18일 청와대에서 진행된 새해맞이 기자회견에서 “4차 재난지원금 지급 여부와 방식 놓고 보편·선별 논의가 분분하다”는 질문에 “재난지원금은 보편이냐 선별이냐 그렇게 나눌 수 없다고 생각한다. 당시 경제 상황에 맞춰 가장 적절한 방식을 선택할 문제”라고 잘라 말했다.
이어 문 대통령은 1~3차 재난지원금을 예로 들어 상황에 맞는 정책 해법을 고민해야 한다고 강조했다. 문 대통령은 “1차 재난지원금은 선별에 필요한 행정시간 줄이고 최대한 빨리 신속하게 지급하고 또 국민들에게 위로하는 목적까지 겸해 보편 지원을 했다”며 “그러나 2차, 3차 재난지원금은 주로 피해입는 대상들을 선별하는데 많은 행정시간이 소요되지 않는다는 자신이 생겨 맞춤형으로 선별 지원을 했다. 한정된 재원으로 피해를 많이 입는 분들에게 두텁게 지원하기 위해서는 그것(선별지급)이 보다 더 적절한 방식이라고 생각한다”고 말했다.
일각에서 제기되는 4차 재난지원금에 대해서는 “아직은 이른 이야기”라면서도 가능성을 열어뒀다. 문 대통령은 “지금은 3차 재난지원금 지급하고 있는 중이고, 4차 재난지원금 지급할 경우에는 부득이 추경으로 하게 되고 적자국채를 발행할 수밖에 없는데, 지금 2021년도 본예산이 이제 막 집행되기 시작된 단계에 4차 재난지원금을 말하기에는 정말 너무나 이른 시기라고 생각한다”면서도 “다만 코로나 3차 유행으로 인한 소상공인·자영업자·고용취약계층 이런 분들의 피해가 크고 장기화되고 있기 때문에 3차 재난지원금으로 부족하다면 그때 가서 4차 재난지원금을 논의해야 할 것”이라고 말했다. 그러면서 “소상공인 자영업자들의 피해가 지속된다면 당연히 그분들에게 더욱 더 두텁게 지원하는 선별지원의 형태가 맞다고 생각하지만, 코로나 상황이 거의 진정이 돼 본격적인 소비 진작 등이 필요하다면 보편지원금도 생각할 수 있다”고 덧붙였다.
이낙연 더불어민주당 대표가 제안한 이익공유제에 대해서는 취지에 동의한다며 민간의 자발성을 뒷받침하기 위해 인센티브를 제공하는 방식을 제안했다. 문 대통령은 “코로나 때문에 피해를 입는 소상공인 자영업자 취약계층 있는 반면, 코로나 승자도 있다. 코로나 상황에서 오히려 더 기업성적 좋아지고 돈을 버는 기업들도 있다”며 “그런 기업들이 출연해서 기금 만들어서 코로나 때문에 코로나 때문에 고통받는 소상공인 자영업자 도울 수 있다면 대단히 좋은 일”이라고 말했다. 문 대통령은 이어 “다만 그것을 제도화 해서 정부가 강제할 수는 없는 것”이라며 “코로나 시대의 오히려 더 돈을 버는 기업들이 피해 입는 대상들을 돕는 자발적인 운동 일어나고, 그 운동에 대해 정부가 강력한 인센티브 제공하는 건 매우 바람직하다고 생각한다”고 말했다.",hankyoreh
915,2021-01-05,3차 재난지원금 지급도 전에…‘전국민 지원금’ 불지핀 여당,김원철 노현웅 홍용덕 기자 wonchul@hani.co.kr,"선거를 앞두고 ‘전국민 재난지원금’ 이슈로 또 한차례 논란이 일 것으로 보인다. 더불어민주당 주요 인사들이 새해에 잇따라 ‘전국민 재난지원금 보편지급’을 언급하고 나섰다. 국민의힘은 “선거용”이라고 비판하면서도 곤혹스러워하는 눈치다.
홍익표 민주당 정책위원회 의장은 5일 <한국방송>(KBS) 라디오 인터뷰에서 “코로나 상황이 조금 더 완화되면서 경기회복과 관련돼 ‘보편적 지급이 필요하다, 전국민 지급이 필요한 시점’이라 한다면 적극적으로 논의할 생각은 있다”고 말했다. 전날 방송에서 “코로나가 진정되고 ‘경기를 진작해야 한다’ 할 때는 전국민 지원 방안도 검토할 수 있다”고 한 이낙연 대표의 발언을 이어받은 모양새다.
정세균 국무총리도 4일 밤 <문화방송>(MBC) ‘100분 토론―2021년 총리에게 묻는다’에서 “재난지원금은 가능한 차등 지원이 옳다”면서도 “코로나 상황을 보면 월급 등에서 피해를 본 국민이 많다. 앞으로 (추이를) 보면서 꼭 필요한 정책을 실행해야 한다”고 말해, 전국민 재난지원금 검토 가능성을 내비쳤다. 꾸준히 전국민 재난지원금 지급을 주장해온 이재명 경기지사는 4일 정부와 300명 국회의원 전원에게 편지를 보내 재난지원금 보편지급을 거듭 촉구했다.
그러나 강도 높은 거리두기와 소비 진작을 염두에 둔 재난지원금 전국민 지급은 모순된다. 또 ‘선거용’이라는 지적에서 자유롭지 않다. 이낙연 대표도 이를 의식한 듯 “코로나19가 한창 퍼지고 있는데 ‘소비하라’고 하면 자칫 방역에 나쁜 영향을 줄 수 있다. 확산세가 잦아들 때가 (전국민 재난지원금) 지급 시점으로 적절해 보인다”며 여지를 뒀다. 5일에야 피해 업종과 고용 취약층에 대한 3차 재난지원금 지출안이 국무회의에서 의결됐는데, 이 지원금이 지급되기도 전에 또다시 ‘전국민 지원금’ 얘기를 꺼낸 것도 비판을 받을 소지가 있다. 좀 더 종합적이고 체계적인 대책을 통해 피해·소외 계층 지원에 더 집중해야 한다는 목소리도 커지고 있다.
야당은 곤혹스러운 처지다. 4월 보궐선거를 앞두고 전국민 지급이 이뤄지면, 야당 입장에선 최악의 선거 시나리오가 현실화될 수 있다고 보기 때문이다. 그렇다고 공개적으로 반대하기도 어렵다. 국민의힘은 정책 결정의 즉흥성과 비일관성을 비판하는 데 주력하고 있다. 김종인 국민의힘 비상대책위원장은 이날 당 정책워크숍에서 “여당이 최근 갑작스럽게 코로나 재난지원금을 전국민에게 줘야 하나라는 말을 끄집어내고 있다”며 “지난 예산 국회 때 ‘코로나 재난지원금을 예산에 확보하자’고 이야기했는데, 겨우 3조원 확보해놓고 이제 와서 추경 이야기를 한다”고 지적했다. 이종배 국민의힘 정책위 의장도 원내-법사위원 간담회에서 “우리 당은 소상공인을 위해 최대 500만원까지 직접지원하자고 했지만, 정부·여당은 수용하지 않았다. 당리당략으로 선거용 돈 풀기를 하겠다는 건 관권선거이자 금권선거”라고 목소리를 높였다.",hankyoreh
951,2021-02-04,강은미 “성추행 사건 거듭 사과”…재난연대세·전국민 재난지원금 제안,정환봉 기자 bonge@hani.co.kr,"강은미 정의당 원내대표가 4일 국회 비교섭단체 대표 연설에서 김종철 전 대표의 성추행 사건을 사과하고 오는 4월 서울·부산시장 보궐선거 무공천 방침을 거듭 밝혔다. 또 코로나19 불평등 해소를 위해 추가적인 전국민 보편적 재난지원금 지급과 코로나19 손실보상 등을 제안했다.
강 원내대표는 이날 연설에서 “정의당 전 대표 성추행 사건으로 실망을 드려 정말 죄송하다”며 “책임정치의 대원칙을 지키겠다는 대국민 약속을 실천해야 한다고 판단했다. 서울·부산시장 보궐선거에 무공천한다”고 말했다. 정의당은 전날 전국위원회에서 무공천 방침을 결정했다.
강 원내대표는 코로나19 시대 양극화 해소 방안들도 제시했다. 그는 “정부 행정명령으로 발생한 피해에 대한 지원을 제도화하고, 급여와 임대료, 공과금과 통신비, 은행 이자 같은 고정비용을 지원하며, 통제 방역 단계 기간에 구직급여에 준하는 최소 생활비용을 지급하며, 실질적인 영업이익 손실도 부분적으로 보전해가자”고 주장했다. 또 “방역 단계 기간에는 연체료 청구도, 일방 계약 해지도 금지해야 한다”며 “국민 전체를 대상으로 하는 보편적 재난지원금도 제도화해야 한다”고 말했다.
강 원내대표는 이런 지원을 위해 한시적 ‘특별재난연대세’ 도입을 강조했다. 그는 “‘특별재난연대세’는 코로나 극복을 위해 위기 상황에서도 소득이 크게 늘었거나, 높은 이윤이 있는 기업과 개인에게 사회연대 차원에서 한시적으로 추가 과세하고, 세수 증가분을 재해 예방 및 취약계층 지원, 실업 대응에 사용하자는 제안”이라며 “재난과 위기의 사회적 책임을 다하도록 강제하자”고 말했다. 이 밖에도 △전국민 소득보험 도입 △주거복지예산 대폭 확대 △교육 불평등 해소 △노동존중사회 건설 △기후위기 해결 △판문점 선언과 평양 선언 국회 비준 등을 제안했다.",hankyoreh
1001,2021-02-03,“재난지원금도 손실보상 소급적용 효과 있다”,오연서 기자 loveletter@hani.co.kr,"권칠승 중소벤처기업부 장관 후보자는 코로나19처럼 펜데믹 상황으로 인한 자영업자와 소상공인의 영업 손실을 보상해주는 ‘영업손실 보상제’를 소급 적용해야 한다는 주장에 법리적 차원에서 동의 뜻을 밝혔다. 
 권 후보자는 3일 국회에서 열린 인사청문회에서 조정훈 시대전환 의원이 지난 ‘포항 대지진’ 당시, 정부가 특별법을 만들어 지진 피해를 소급적용한 사례를 들며, “(그때처럼) 특별법을 만들어 (코로나로 인한) 2020년 발생 손실을 (소급) 보상해야 된다는 데 어떻게 생각하냐”고 묻자, “법리적으로 할 말이 없다. 동의한다”고 말했다.
 다만 권 후보자는 특별법을 만들지 않더라도, 재난지원금 등 다른 지원을 통해서도 소급 적용의 효과를 낼 수 있다는 입장을 강조했다. 그는 “법적 의미로 (소급 적용을) 정리하면 실제 감당하기 어려운 일들이 번번이 우리 사회에 있다”며 “충분한 보상 (방법)을 찾는 게 실질적으로 맞는 방식이라고 본다”고 말했다. 
 이날 청문회에서 권 후보자는 과거 지방선거 출마를 위한 위장전입에 대해 사과했다. 지난 2010년 6월 지방선거에서 경기도 의원(화성시 제3선거구)으로 당선된 권 후보자는 가족이 선거 26일 전인 5월6일 기존에 살던 고양시에서 화성시로 전입신고를 했다가 선거 1주일 뒤 배우자는 다시 고양시로 돌아갔고, 본인도 7개월 뒤 다시 고양시로 주소지를 이전해 위장전입 의혹이 제기됐다. 권 후보자는 이에 대해 “고양시에 살다가 광역의원 출마 한달 전에 공천 확정이 돼 내려갔다”며 “주소를 옮겨놓는 게 유권자에 대한 도리라 생각했는데 짧았다. 잘못됐다”고 말했다. 이어 그는 “위장전입을 인정한다”면서도 “아이들 전학이나 부동산 투기 이런 것과는 전혀 무관하다는 것에 대해 이해해주시면 감사하겠다”고 덧붙였다.",hankyoreh
1033,2021-02-03,"여당, 홍남기 사퇴까지 거론…재난지원금 놓고 당정 2차 충돌",노지원 이정훈 기자 zone@hani.co.kr,"4차 재난지원금 지급 문제를 놓고 더불어민주당과 정부의 충돌이 격화하고 있다. 보편이냐 선별이냐, 적극재정이냐 소극재정이냐 정책 논쟁을 넘어 감정싸움으로까지 번지는 모양새다. 4월 재보궐선거를 앞둔 민주당은 4차 재난지원금 지급을 위한 여러가지 방안을 논의 중이다.


민주당은 3일 코로나19로 인한 피해계층 맞춤형과 전국민 지급을 동시에 추진하자는 민주당 제안에 공개적으로 반대한 홍남기 경제부총리 겸 기획재정부 장관에게 십자포화를 퍼부었다. 설훈 의원은 페이스북에서 홍 부총리에 대해 “정말 한가한 소리라는 지적을 하지 않을 수 없다”며 “기재부는 전쟁이 나도 재정건전성만 따지고 있을 것이냐”고 말했다. 설 의원은 “서민의 피눈물을 외면하는 곳간지기는 자격이 없다”며 “그런 인식이라면 물러나는 것이 맞다”고 목소리를 높였다. 민주당 지도부에서도 사퇴를 촉구하는 의견이 나왔다. 최인호 민주당 수석대변인은 이날 오후 기자들을 만나 “(이날 오전 비공개 최고위원회의) 참석자 한 분이 (홍 부총리의) 발언 형식, 내용을 볼 때 매우 부적절하다고 강하게 문제 지적을 하고 사퇴 요구도 했다”고 밝혔다. 다만 ‘지금 중요한 일은 (부총리 사퇴가 아니라) 정부 재정으로 코로나19로 인한 국민 고통을 덜고 재정을 확보하는 것’이라는 쪽으로 정리했다고는 하지만, 여당 대변인이 경제부총리 사퇴 요구가 나왔다는 비공개회의 내용까지 공개한 것은 이례적인 일이다. 이날 홍 부총리의 사퇴를 주장한 이는 청와대 일자리수석을 지낸 정태호 전략기획위원장이라고 알려졌다. 
민주당의 이런 격앙된 반응은 홍 부총리가 이낙연 대표의 국회 교섭단체 대표 연설 의미를 훼손했다고 보기 때문이다. 홍 부총리는 이 대표가 연설을 한 뒤 4시간 뒤에 페이스북에 글을 올려 “2월 추경 편성은 이르다” “전국민 보편지원과 선별지원을 한꺼번에 모두 하겠다는 것은 정부로서 받아들이기 어렵다”는 의견을 밝혔다. 한 민주당 관계자는 “재정당국 수장으로서 의견을 낼 순 있으나 마치 기다렸다는 듯 개인 에스엔에스(SNS)에 자신의 입장을 올렸다”며 “정치적 행위라고 볼 수밖에 없다”고 강한 불만을 내비쳤다. 홍 부총리는 지난 1일 열린 고위 당·정·청 회의에서도 재난지원금 선별·보편 지급을 동시 추진하겠다는 김태년 원내대표에게 완강하게 맞선 것으로 알려졌다.


홍 부총리는 이날 국회 본회의장에 출석하는 등 정상 일정을 소화했다. 그는 이날 국회에서 기자들과 만나 전날 자신의 페이스북 글에 대해 “재정당국의 입장을 굉장히 절제된 표현으로 말씀드린 것”이라며 “혹시 정부와 의견이 조금 다른 사안에 대해 국민들께 확정된 것으로 전달이 될까 (걱정한 것)”라고 말했다. 홍 부총리는 또 “제가 에스엔에스에서 드린 말씀은 많이 숙고하고 절제되게, 정중하게 표현하려고 했다”며 “공직생활을 하면서 어제 (이 대표) 연설이 가장 격조 있는 연설이었고 정치 콘텐츠가 충실한 연설이었다고 생각한다”고 말하기도 했다.
하지만 기재부 일각에서는 여당을 향한 격앙된 반응도 만만찮다. 기재부의 한 관계자는 “홍 부총리가 평소 강조한 ‘재정건전성’을 다시 밝힌 것인데 이에 대해 사퇴하라고 하는 건 아무리 거대 여당이라지만 지나치다”며 “이미 부총리가 ‘직에 연연하지 않겠다’고 밝힌 바 있어 여당 주장에 개의치 않을 것”이라고 말했다. 지난해 전국민 재난지원금과 증권거래세 인하, 부동산거래정보원 설치 등 주요 현안에서 홍 부총리가 소신을 접는 바람에 ‘홍두사미’라는 별명까지 나왔지만, 이번에는 다를 것이라는 기대도 나왔다. 기재부 관계자는 “기재부 내부에선 정치권에 밀려 정책이 자꾸 꺾이는 상황에 대한 불만도 꽤 있어 이번에는 (홍 부총리가) 자리를 내놓을망정 꺾이지는 않을 것이란 예상이 있다”고 전했다.


민주당이 이처럼 홍 부총리와의 갈등 노출을 감수하면서도 적극적인 재정의 역할을 강조하는 것은 선거를 의식한 행동이기도 하지만, 날로 시름이 깊어지는 코로나19 피해계층을 지원해야 한다는 필요성 때문이다. 이 대표만 해도 이전까지는 재난지원금과 관련해 보편지급보다는 ‘좁고 두터운’ 맞춤형 선별지급에 좀더 무게를 두는 입장이었다. 하지만 사회적 거리두기가 설 연휴까지 연장되고 이에 따라 소상공인, 자영업자 등의 피해가 지속되며 불만이 터져나오는 상황이다. 이뿐 아니라 차기 대선 경쟁자인 이재명 경기도지사가 ‘전 도민 재난기본소득 10만원’ 지급 등 대범한 정책 행보를 이어가면서 지지율이 크게 오르자 이 대표로서도 좀더 과감한 방식으로 ‘민생 난국’을 돌파해야 한다는 생각을 굳힌 것으로 보인다.
이 대표는 이날 최고위원회의에서 4차 재난지원금 전국민 지급을 거듭 강조하며 “재정의 역할을 더 확대할 때가 됐다. 민생 고통 앞에 정부 여당이 더 겸허해지길 바란다”고 밝혔다. “당정에서 맞춤형(선별)과 전국민(보편)을 함께 테이블에 올려놓고 논의하길 바란다”고 거듭 당부하기도 했다. 이날 오전 <부산 한국방송(KBS)> 라디오에서도 재정 부담 우려에 대해 “면밀하게 보겠지만 감당할 수 있다고 본다”며 다시 한번 의지를 드러냈다.
당내에선 추경 규모와 방식 등 아이디어도 나오고 있다. 당내에서는 25조원 안팎의 추경 규모가 가장 많이 거론된다. 전국민 방식으로 이뤄진 지난해 1차 지원(14조3천억원)과 선별 방식의 3차 지원(9조3천억원) 등을 참조한 의견이다. 일각에서는 40조원 정도로 늘려야 한다거나, 영업 금지·제한으로 인한 보상까지 반영해 100조원까지 검토해야 한다는 의견도 나온다.",hankyoreh
1052,2021-02-03,"권칠승 “재난지원금, 중소기업·소상공인에 집중 지원해야”",채윤태 기자 chai@hani.co.kr,"권칠승 중소벤처기업부 장관 후보자가 코로나19 피해 지원과 관련해 중소기업과 소상공인에 대한 집중 지원이 필요하다고 밝혔다.
권 후보자는 3일 오전 국회 산업통상자원중소벤처기업위원회에서 열린 중소벤처기업부 장관 후보자 인사청문회에서 “(지원의) 타겟은 중소기업과 소상공인들이다. 사회적 합의가 되는 경우에는 타겟에 지원을 집중하는 것이 맞지 않은가 하는 생각을 기본적으로 갖고 있다”고 밝혔다. 그러면서 “팬데믹 상황에서 특정한 계층에 문제가 생겼을 때는 보편 지급의 효과가 제한적”이라고 덧붙였다. 
권 후보자는 이낙연 더불어민주당대표가 지난 2일 제안한 ‘영업손실 보상제’에 대해선 “법제화해서 대상자에게 지급될 때까지 상당한 시간이 걸릴 것이라고 생각한다”며 “투트랙(손실보상제와 재난지원금 지급)으로 다 해야한다고 생각한다”고 답했다. 그는 4차 재난지원금 지급에 대해 “개인적으로 사용했던 방법을 사용하는게 가장 빠르지 않을까 생각한다”고 설명했다.
손실보상제 피해 산정 기준에 대해서는 “다양한 의견이 모이고 있는 상황인데, 법제화해서 보상이 이뤄지기까지는 시간이 좀 걸릴 것”이라며 “합리적 기준을 마련할 수 있는 곳은 국회밖에 없다고 생각한다”고 밝혔다.",hankyoreh
1054,2021-01-08,정세균 “4차 재난지원금 논의는 시기상조”,노현웅 기자 goloke@hani.co.kr,"최근 여당이 군불을 지피고 있는 전국민 재난지원금은 시기상조라는 정부 입장이 나왔다. 정세균 국무총리는 8일 국회 본회의 긴급현안질문에서 “전국민을 대상으로 한 4차 재난지원금이 민생 백신이 될 것”이라는 서영석 더불어민주당 의원 질의에 “2차 재난지원금 자격 심사 때문에 아직도 1~2% 정도 미집행된 부분이 있다. 그런 상황에서 11일부터 3차 재난지원금이 지급될 예정이기 때문에, 이것을 제대로 잘 집행하는 것이 우선”이라며 “이후에 정부의 역할을 면밀하게 판단하고, 또 국회와 협의해서 마땅히 해야 할 조치가 있다면 확실히 해야 하는데, 지금은 그 논의(4차 재난지원금)를 하기엔 조금 이르다고 생각한다”며 선을 그었다.
정은경 질병관리청장은 또한 코로나 백신 비용 부담에 대한 질문에 “현재 우선접종 대상자에 대해서는 무료 접종을 검토하고 있다”며 “백신은 정부가 예산으로 구매한 것이기 때문에 무료로 공급하는 것으로 검토하고 있다”고 말했다. 현재 정치권에선 우선접종 대상자를 비롯해 전 국민 무료 접종 요구가 이어지고 있는 상황이다. 
이어 정 청장은 백신의 안전성에 대해서도 신뢰할 만하다고 언급했다. 그는 “현재까지 개발된 백신에 대해서는 4만명 정도를 대상으로 한 임상 결과에서 중대한 이상 반응이 보고되지 않았고, 전문가들도 비교적 안전하다는 분석 결과를 내놓고 있다”며 “긴급 사용 승인을 하고 있는 허가 당국들도 이런 분석 끝에 승인을 하는 것으로 보인다”고 말했다.",hankyoreh
1074,2021-02-03,김태년 ‘버럭’에도 홍남기 ‘완강’…재난지원금 당정 충돌 전말,서영지 기자 yj@hani.co.kr,"“당은 피해계층 맞춤형 지원과 전 국민 지원을 담은 4차 재난지원금을 끝까지 추진할 거예요!”
지난 1일 오후 5시43분께 국회 의원회관에서 열린 당·정·청 회의에서 김태년 더불어민주당 원내대표는 이렇게 말하곤 자리를 박차고 일어났다. 홍남기 경제부총리 겸 기획재정부 장관도 지지 않고 끝까지 “저는 못 하겠습니다”라고 답했다. 김 원내대표가 먼저 회의장을 나갔고, 홍 부총리는 시뻘게진 얼굴로 앉아 있었다. 자리에 남은 다른 의원들도 홍 부총리에게 “방역상황을 봐서 전 국민 지원을 하면 되지 그렇게까지 안 된다고 할 게 뭐 있느냐”며 말을 보탰다. 결국 홍 부총리 역시 김 원내대표가 자리를 뜬 지 5분도 채 되지 않아 회의장을 나섰다. 
당시 회의 참석자들의 얘기를 들어보면 당·정·청 회의는 유례없이 싸늘한 분위기였다고 한다. 이 자리에는 김태년 원내대표를 비롯해 여당 원내 지도부, 홍남기 부총리를 비롯해 청와대의 김상조 정책실장·이호승 경제수석 등이 참석했다. 20여분간 비공개로 이뤄진 회의에서 당정은 팽팽한 기싸움을 벌였다. 김 원내대표가 ‘보편과 선별을 모두 담은 4차 재난지원금 지급을 했으면 좋겠다. 기재부가 협조해 달라’고 하자, 홍 부총리는 ‘우리는 못 하겠다’는 얘기를 반복했다고 한다. 
한 참석자는 “김 원내대표와 홍 부총리가 서로 언성이 높아졌고 결국 김 원내대표가 자리를 먼저 박차고 나갔다”고 전했다. 김상조 실장은 홍 부총리처럼 완강하진 않았지만 기재부 의견에 동조하는 쪽이었다고 한다. 또 다른 참석자는 “김 실장은 ‘지금 (전 국민 지원) 얘기를 꺼내는 건 이르다’라고 얘기를 했다”며 “분위기가 살벌했다”고 했다. 지난해 봄 1차 재난지원금 지급을 놓고 벌어진 당정충돌에 이어 2차 충돌을 예고한 자리였다.
당정 간 긴장감은 시간이 흐를수록 더욱 불거졌다. 당·정·청 회의 이튿날인 2일인 이낙연 대표가 국회 교섭단체 대표연설에서 ‘선별·보편 지원 동시 협의론’을 밝힌 지 4시간 만에 홍 부총리가 정면으로 치받았다. 홍 부총리는 페이스북을 통해 “전 국민 보편지원과 선별지원을 한꺼번에 모두 하겠다는 것은 정부로서는 받아들이기 어렵다”고 반대했다. 
홍 부총리의 ‘페이스북 반발’ 다음날인 3일, 민주당 의원들은 십자포화를 퍼부었다. 정일영 의원은 이날 페이스북을 통해 “집권여당 대표가 교섭단체 대표연설을 통해 제안했으면, 정부는 이를 면밀히 검토해서 그 입장을 정부의 공식적 채널을 통해 밝히면 된다”며 “국무회의, 경제장관회의, 기자회견, 대변인브리핑, 당정회의 등 가지고 있는 방법이 많지 않으냐. 국정의 무게가 가벼워진다”고 비판했다. 
홍 부총리가 물러나야 한다는 의견도 나왔다. 설훈 의원도 페이스북에서 “기재부는 전쟁이 나도 재정 건전성만 따지고 있을 건지 묻지 않을 수 없다”며 “서민의 피눈물을 외면하는 곳간지기는 곳간지기로서 자격이 없다. 그런 인식이라면 물러나는 것이 맞다”고 말했다. 최인호 수석대변인은 이날 최고위원회 회의 뒤 기자들과 만나 “당정 간에 협의하겠다는 여당 대표의 교섭단체 연설을 정무직 공직자가 기재부 내부용 메시지로 공개 반박한 것은 있을 수 없는 잘못된 행태로 즉각 사퇴해야 한다는 의견이 강력하게 제기됐다”며 이례적으로 비공개회의의 민감한 내용을 밝히기도 했다. 
그러나 홍 부총리는 굽히지 않았다. 그는 이날 국회 본회의 참석 뒤 기자들과 만나 “이 대표 연설을 그 자리에서 들었는데, 공직 생활하면서 가장 격조 있는 연설이었고 정책콘텐츠가 탄탄한 대표연설이었다고 생각한다”면서도 “다만 (페이스북에 올린 글은) 이 대표가 재난지원금과 추경 관련해서 말했는데 혹시 정부와 다른 이견 사항에 대해서 확정적인 걸로 전달될까 봐 재정 당국 입장을 절제된 표현으로 말씀드린 것으로 이해해주시면 되겠다”고 말했다. 
이날 홍 부총리가 기자들에게 말하던 와중 눈가가 촉촉했던 모습을 놓고 ‘울먹인 게 아니냐’는 보도가 쏟아졌다. ‘눈물 논쟁’이 벌어지자 기재부는 “보시는 분의 판단일 수 있지만 사실과 다른 내용이라는 부총리님의 입장을 추후 보도에 반영해주시길 부탁드린다”며 문자 메시지로 입장을 알려왔다.",hankyoreh
1101,2021-02-04,재난지원금 당-정갈등 장기화에…여당서도 “문 대통령 결단해야”,서영지 기자 yj@hani.co.kr,"4차 재난지원금 지급방식을 두고 더불어민주당과 홍남기 경제부총리 겸 기획재정부 장관의 갈등이 고조되는 가운데 민주당 내에서 이 문제와 관련해 문재인 대통령의 결단이 필요하다는 주장이 4일 나왔다. 
 민주당 홍익표 정책위의장은 이날 국회에서 열린 정책조정회의에서 “당은 정부의 적극적인 협의를 통해 빠른 시일 내 추경을 편성할 예정이며, 그 추경에는 보편적 전 국민적 지급과 함께 선별적 지급을 두텁게 반영할 생각”이라고 밝혔다. 피해계층 맞춤형 지원과 전 국민 지급을 동시에 담은 4차 재난지원금을 추진하겠다는 당의 의지를 다시 한 번 강조한 것이다. 앞서 홍남기 부총리는 지난 2일 페이스북을 통해 “전 국민 보편지원과 선별지원을 한꺼번에 모두 하겠다는 것은 정부로서는 받아들이기 어렵다”고 밝히며 당정이 정면으로 충돌했다. 홍 의장은 “전 국민 재난지원금과 선별지원금을 병행하는 것은 경제적 방역의 전면에 국가가 나서야 한다는 뜻을 담고 있다”며 국민을 살리는 것이 국가의 책무인 만큼 필요하다면 국가가 국민을 대신해서 빚을 지고, 힘이 돼야 할 시기”라고 했다. 
 홍 부총리가 강조하는 재정 건전성에 대해서도 반박했다. 홍 의장은 “한국은 지난해 국내총생산(GDP) 대비 재정 부양액이 3.5%다. 그 결과 국가채무비율은 전년도보다 3% 증가한 44%를 기록했다”며 “이것은 두 가지 의미다. 한국의 재정 상황이 양호하다. 또 반대로 얘기하면, 지난 한 해 다른 국가에 비해 국가재정이 상대적으로 소극적인 역할을 했고, 제 역할을 제대로 하지 못했다는 지적이 있을 수 있다”고 말했다. 
 당정갈등이 고조되는 문재인 대통령이 나서야 한다는 주장도 나왔다. 민주당 김종민 최고위원은 이날 <문화방송>(MBC) ‘김종배의 시선집중’에 출연해 “당은 이 문제에 대해 적극적인 재정을 요청하는 편이고, 정부와 청와대는 신중한 입장인데 이 점에 대해 당이 리더십을 발휘하는 게 맞는다고 본다”고 말했다. 김 최고위원은 ‘문 대통령의 결단이 필요하다는 얘기로 연결되느냐’는 질문에 “결국 정부 예산편성권이라고 하는 건 최종적으로 대통령의 책임과 권한이 있는 것”이라며 사실상 문 대통령이 나설 것을 요청했다. 
 한편 정세균 국무총리는 이날 국회 대정부질문에서 선별·보편 지급 논란과 관련해 “원래 저는 차등지급을 하는 게 옳다는 생각”이라며 “넓고 얇게 지급하는 것보다 조금 좁고 두텁게 지원하는 게 옳다”고 말했다. 다만 정 총리는 “그렇다고 제가 이낙연 대표의 말씀에 대해 전적으로 다른 의견을 얘기한 건 아니다”라며 “재난을 극복하기 위해서 어려운 분들에게 지급하는 경우에는 차등 지급하는 게 옳고, 경기진작용이라든지 그런 경우에는 전 국민에게 지급할 수도 있다. 보편과 선별을 섞어 상황에 따라서 선택적으로 하는 것이 옳다는 것이 평소 저의 소신”이라고 했다.",hankyoreh
1207,2021-02-22,"당·정·청, 2월 중 ‘4차 재난지원금’ 추경안 확정…3월 지급 목표",노지원 이경미 기자 zone@hani.co.kr,"더불어민주당과 정부, 청와대가 이달 안에 4차 재난지원금 지급을 위한 추가경정예산안을 확정한다. 당정은 소상공인 지원 금액 및 지원 대상을 지난 3차 때보다 대폭 늘리는 방안을 논의 중이다. 하지만 사각지대 최소화를 위해 ‘소득 하위 40%’ 계층에게 일괄 지원하는 방안을 놓고 당정 간 이견이 나오기도 한다.
이낙연 민주당 대표는 22일 최고위원회의에서 “당과 정부는 넓고 두터운 재난지원금을 반영할 추경안을 28일까지 합의할 것”이라고 밝혔다. 김태년 원내대표는 “3월 말부터 지급할 수 있도록 신속하게 추경을 편성하도록 하겠다”고 했다. 최인호 수석대변인은 최고위가 끝난 뒤 기자들을 만나 “(당에서) 2차(7.8조원), 3차(9.3조원)보다 훨씬 많은 규모로 (정부에) 요구하고 있다”며 “‘더 두텁게, 더 넓게, 사각지대 없이 충분히’라는 원칙하에서 2·3차 때보다 훨씬 규모가 클 것으로 예상한다”고 말했다.
이날 민주당 관계자들의 말을 종합하면, 민주당 쪽에서는 사각지대 최소화를 위해 소득 하위 40%에 해당하는 소득 1∼2분위 대상자한테 재난지원금을 일괄 지원하는 방안을 정부에 제안했다고 전해진다. 여당은 사각지대 최소화를 위해 노점상, 플랫폼노동자 등 2∼3차 재난지원 때는 지원 대상에 포함되지 못했던 코로나 피해계층도 지원 대상에 포함시켜야 한다는 입장이다. 이들 계층은 매출 등 소득 계산이 명확하지 않아 오히려 더 어려운 계층일수록 재난지원금 지원 대상에서 제외될 가능성이 높기 때문이다. 소득 하위 1·2분위(하위 40%)에게 일괄 지급하는 방안을 제시한 것도 이와 관련이 있는 것으로 보인다.
하지만 기획재정부는 이에 반대하는 것으로 전해진다. 기재부 관계자는 “(일괄 지급은) 기존의 선별지원 방침과 다르다”며 “수용 곤란하다”고 말했다. 4차 재난지원금은 코로나19 ‘피해계층’에 한해 ‘두텁게’ 지원하기로 한 만큼, 피해와 상관없이 저소득층에 일률적으로 지원금을 주는 것은 선별지원 취지에 어긋난다는 것이다. 소득 하위 40%를 가려내는 과정에서 형평성 논란이 생길 수 있다는 것도 반대 이유다. 지난해 1차 재난지원금 지급 당시 정부는 건강보험료 납부액 기준으로 소득 하위 70%까지 지급하려 했다가, 소득 감소를 정확히 반영하지 못한다는 비판을 받은 뒤 결국 전국민 지급으로 결정한 바 있다.",hankyoreh
1401,2021-01-05,민주당 ‘전국민 재난지원금’ 만지작…국민의힘 ‘또 당할라’,김원철 노현웅 기자 wonchul@hani.co.kr,"더불어민주당이 ‘전국민 재난지원금’ 지급을 위한 여론 정지 작업에 돌입했다. 지난해 4월 총선 직전 지급된 전국민 재난지원금이 야당에 악재로 작용했다고 보는 국민의힘은 “선거용”이라고 비판하면서도 여론을 의식해 공개 반대는 못하는 곤혹스런 상황이다.


홍익표 민주당 정책위의장은 5일 <한국방송>(KBS) 라디오 인터뷰에서 “코로나 상황이 조금 더 완화되면서 경기 회복과 관련돼서 ‘보편적 지급이 필요하다, 전국민 지급이 필요한 시점이다’라고 한다면 적극적으로 논의할 생각은 있다. (전국민 재난지원금 지급이) 열려 있는 상황이다”라고 말했다. 전날 “코로나가 진정되고 경기를 진작해야 한다 할 때는 전국민 지원 방안도 검토할 수 있다”고 한 이낙연 대표의 발언을 이어받은 모양새다. ‘코로나 확산세 진정’과 ‘경기 활성화 필요성’이란 전제를 달긴 했지만, 지금부터 전국민 지급을 준비하자는 뜻이다.
경기 활성화 요구와 별개로, 지금 당장 전국민 지급을 서두르자는 의견도 있다. 정세균 국무총리는 최근 <동아일보>와 한 인터뷰에서 “국민이 살아야 재정 건전성도 (의미가) 있는 것”이라며 “필요하다면 정부가 (전국민 재난지원금 지급에) 나서야 한다는 생각”이라고 말했다. 그러자 이재명 경기지사가 정 총리의 발언을 다룬 기사를 공유하며 “지역 화폐를 통한 재난지원금의 전국민 지급을 다시금 요청한다”고 호응했다. 양향자 최고위원도 전날 최고위원회의에서 “3차 재난지원 패키지에 더해 2차 전 국민 재난위로금 지급을 위한 논의를 제안한다. 지난 1년 코로나 가시밭길을 묵묵히 견뎌주신 모든 국민께 드려야 할 위로 차원에서 말씀드리는 것”이라고 했다.


‘전국민 지원’을 여당이 치고나오자, 야당은 곤혹스런 처지가 됐다. 4월 보궐선거를 앞두고 전국민 지급이 이뤄질 경우, 야당이 생각해온 최악의 보궐선거 시나리오가 현실화될 수 있기 때문이다. 국민의힘이 가장 우려하는 그림은 1~2월을 고비로 코로나 확진자 증가세가 꺾이고, 백신 접종 개시와 더불어 거리두기 완화, 전국민 재난지원금 지급 등이 동시적으로 이뤄지는 것이다. 이 경우 4월 재보선은 지난해 총선의 재판이 될 수 있다.
문제는 전국민 재난지원금 지급을 “선거용”으로 몰아 공개적으로 반대하기도 어렵다는 점이다. 선거 승리를 위해 국민 고통을 외면한다는 ‘역프레임’에 걸려들 수 있기때문이다. 이런 이유로 국민의힘은 정책 결정의 ‘즉흥성’과 ‘비일관성’을 비판하는 데 주력하고 있다. 김종인 국민의힘 비상대책위원장은 이날 오후 온라인으로 열린 당 정책워크숍에서 “여당이 최근 갑작스럽게 코로나 사태로 인한 재난지원금을 전 국민에게 줘야 하나라는 말을 끄집어내고 있다”며 “지난 예산 국회 때 ‘코로나가 언제까지 지속할지 모르니까 코로나 사태에 대비할 수 있는 재난지원금을 예산에 확보하자’고 이야기했는데, 겨우 3조원 확보해놓고 인제 와서 갑작스럽게 추경 이야기를 한다”고 비판했다. 그러면서 “한 달도 내다보지 못하는 국정 운영이 문재인 정부의 실체다. 국민이 굉장히 분노하고 있다”고 덧붙였다.


주호영 국민의힘 원내대표는 오후 기자들과 만나 “전국민 재난지원금이 지금 본예산에 반영돼서 아직 지급되지도 않은 게 있는데 벌써 전 국민 재난지원금을 주장하는 건 4월 선거를 노린 것 같다. 제대로 된 재원 대책은 있는 것인지 너무 황당하다”고 말했다. 이종배 국민의힘 정책위의장도 오전 국회에서 열린 국민의힘 원내-법사위원 간담회에서 “나라 곳간조차 선거 도구로 악용하겠다는 삐뚤어진 국정 운영으로, 준엄한 심판이 뒤따를 것”이라며 “우리 당은 소상공인을 위해 최대 500만 원까지 직접 지원하자고 했지만, 정부·여당은 수용하지 않았다. 당리당략으로 선거용 돈 풀기를 하겠다는 건 관권선거이자 금권선거”라고 목소리를 높였다.",hankyoreh
1467,2021-02-04,강은미 “전국민 재난지원금 제도화 위해 재난연대세 도입하자”,정환봉 기자 bonge@hani.co.kr,"강은미 정의당 원내대표가 4일 국회 비교섭단체 연설에서 김종철 전 대표의 성추행 사건을 사과하고 오는 4월 서울·부산시장 보궐선거 무공천 방침을 거듭 밝혔다. 또 코로나19 시대 불평등 해소를 위해 추가적인 전국민 보편적 재난지원금 지급 등을 제안했다. 
강 원내대표는 이날 연설에서 “정의당 전 대표 성추행 사건으로 실망을 드려 정말 죄송하다”며 “책임 정치의 대원칙을 지키겠다는 대국민 약속을 실천해야 한다고 판단했다. 서울·부산시장 보궐선거에 무공천한다”고 말했다. 이어 “불평등을 해소하고 차별과 배제를 넘어 더욱 유능하고 책임 있는 정당으로, 고단한 국민들의 삶을 지켜온 정당으로 거듭나겠다. 다시 희망과 지지를 만들어 가겠다”고 다짐했다. 정의당은 전날 전국위원회에서 무공천 방침을 결정했다. 
강 원내대표는 “재난은 더 약하고 어려운 사람들을 잔인하게 파고들고 있다”며 코로나19 시대 양극화 해소 방안들도 제시했다. 그는 “정부 행정명령으로 발생한 피해에 대한 지원을 제도화하고, 급여와 임대료, 공과금과 통신비, 은행이자 같은 고정비용을 지원하며, 통제 방역 단계 기간에 구직 급여에 준하는 최소 생활비용을 지급하고, 실질적인 영업이익에 따른 손실도 부분적으로 보전해 가자”고 주장했다. 또 “방역 단계 기간에는 약탈적인 연체료 청구도, 일방 계약 해지도 금지해야 한다”며 “국민 전체를 대상으로 하는 보편적 재난지원금도 제도화해야 한다”고 밝혔다. 
이런 지원을 위해 한시적 ‘특별재난연대세’ 도입을 강조했다. 그는 “‘특별재난연대세’는 코로나 극복을 위해 위기 상황에서도 소득이 크게 늘었거나, 높은 이윤이 있는 기업과 개인에게 사회연대 차원에서 한시적으로 추가 과세하고, 세수 증가분을 재해 예방 및 취약계층 지원, 실업 대응에 사용하자는 제안”이라며 “재난과 위기의 사회적 책임을 다하도록 강제하자”고 말했다. 이밖에도 전국민 소득보험 도입, 주거복지예산 대폭 확대, 교육 불평등 해소, 노동 존중사회 건설, 기후 위기 해결, 판문점 선언·평양 선언 국회 비준 등을 제안했다. 
한편 정의당은 류호정 의원의 비서 면직 사건을 중앙당기위원회로 넘기기로 했다. 정호진 수석대변인은 이날 “(해당 비서가) 당기위 제소 의사를 밝혔다. 당기위 절차를 통해 시비를 가릴 것”이라고 말했다. ",hankyoreh
